Date,Open,High,Low,Close,Adj Close,Volume,Log Returns,RSI,ATR
2009-01-02,58.59000015258789,59.08000183105469,57.75,58.9900016784668,43.07392501831055,6547900,,35.41399561362206,0.0
2009-01-05,59.220001220703125,59.650001525878906,58.0,59.650001525878906,43.55585479736328,10940100,0.011126306721868536,35.41399561362206,0.0
2009-01-06,60.040000915527344,60.150001525878906,57.75,58.34000015258789,42.59928894042969,8974000,-0.02220657118145853,35.41399561362206,0.0
2009-01-07,57.83000183105469,58.75,57.7400016784668,58.20000076293945,42.49707794189453,5725400,-0.002402242338488833,35.41399561362206,0.0
2009-01-08,58.060001373291016,59.279998779296875,58.02000045776367,59.2599983215332,43.27107620239258,5576700,0.01804910646008183,35.41399561362206,0.0
2009-01-09,59.099998474121094,59.790000915527344,57.619998931884766,57.779998779296875,42.19040298461914,6150700,-0.025291647965788002,35.41399561362206,0.0
2009-01-12,57.58000183105469,57.720001220703125,56.34000015258789,57.060001373291016,41.66465759277344,7698300,-0.012539548054375557,35.41399561362206,0.0
2009-01-13,57.15999984741211,58.029998779296875,57.04999923706055,57.709999084472656,42.139286041259766,7466600,0.01132723599179363,35.41399561362206,0.0
2009-01-14,56.75,57.2599983215332,55.75,56.08000183105469,40.94906234741211,6634600,-0.028651553152200526,35.41399561362206,0.0
2009-01-15,55.7599983215332,57.290000915527344,55.220001220703125,57.15999984741211,41.73768615722656,8330400,0.01907555291310599,35.41399561362206,0.0
2009-01-16,57.619998931884766,57.7599983215332,56.720001220703125,57.52000045776367,42.00054931640625,7020300,0.00627823170895415,35.41399561362206,0.0
2009-01-20,56.9900016784668,57.790000915527344,54.91999816894531,55.0,40.16047286987305,8660200,-0.04479944719750657,35.41399561362206,0.0
2009-01-21,55.4900016784668,55.70000076293945,54.04999923706055,55.529998779296875,40.54747009277344,9451300,0.009590138832079303,35.41399561362206,0.0
2009-01-22,54.84000015258789,55.56999969482422,54.20000076293945,55.22999954223633,40.32841110229492,6305300,-0.005417178099249189,35.41399561362206,0.0
2009-01-23,54.47999954223633,54.97999954223633,53.0,53.189998626708984,38.83884048461914,9870400,-0.03763542135780509,31.06681947398239,14.525000435965401
2009-01-26,53.29999923706055,54.720001220703125,52.54999923706055,54.40999984741211,39.729652404785156,10053400,0.022677031515136885,36.11721892099757,13.642500546513771
2009-01-27,53.400001525878906,53.77000045776367,52.45000076293945,53.09000015258789,38.76580810546875,12635600,-0.02455919713375108,33.276425657776485,12.762321914250233
2009-01-28,53.66999816894531,55.22999954223633,53.2400016784668,54.75,39.97792434692383,9199100,0.030788786720160638,39.699839010811154,12.00358459106439
2009-01-29,54.150001525878906,55.27000045776367,54.150001525878906,54.81999969482422,40.0290412902832,7668400,0.0012778124981391436,39.962330774013886,11.226185615408705
2009-01-30,54.59000015258789,55.810001373291016,54.5099983215332,54.849998474121094,40.05093765258789,8037600,0.0005468623528485369,40.08265181206847,10.517172575147926
2009-02-02,54.43000030517578,55.709999084472656,54.29999923706055,55.36000061035156,40.42334747314453,7060400,0.009255440503884688,42.204176265946025,9.86666023745251
2009-02-03,55.77000045776367,56.90999984741211,55.45000076293945,56.65999984741211,41.372589111328125,7668400,0.023211036993066644,47.32393097942206,9.272613023138799
2009-02-04,56.790000915527344,57.849998474121094,56.16999816894531,56.77000045776367,41.452903747558594,7420500,0.0019393705640921627,47.745702556472445,8.730283543284298
2009-02-05,56.08000183105469,57.20000076293945,55.4900016784668,57.11000061035156,41.701168060302734,6880400,0.005971206099899693,49.10234684742532,8.22883465336918
2009-02-06,57.099998474121094,58.130001068115234,56.81999969482422,58.029998779296875,42.37294387817383,7888600,0.015980903023497525,52.68218517172869,7.734632276220739
2009-02-09,58.0,58.88999938964844,57.849998474121094,58.7400016784668,42.89137649536133,7402100,0.012160749159402538,55.295373787954695,7.256444321885496
2009-02-10,58.2400016784668,58.84000015258789,57.25,57.40999984741211,41.92024612426758,9289400,-0.02290188035322908,49.75254710181798,6.85169830979281
2009-02-11,57.439998626708984,58.20000076293945,57.150001525878906,58.0099983215332,42.35834503173828,7494800,0.010396539561436265,52.085924213883416,6.437291233169077
2009-02-12,57.5099983215332,58.459999084472656,57.099998474121094,58.40999984741211,42.65040969848633,8704400,0.006871429110194944,53.63182775650772,6.07462761725354
2009-02-13,58.2599983215332,58.77000045776367,57.79999923706055,57.900001525878906,42.27803421020508,5358800,-0.008769214586284659,51.3567133105805,5.710011446071368
2009-02-17,56.900001525878906,57.36000061035156,56.25,56.40999984741211,41.19003677368164,8469900,-0.026071264136532567,45.30893363755526,5.381439243519954
2009-02-18,56.38999938964844,57.75,56.29999923706055,57.38999938964844,41.90562438964844,8625900,0.01722365033334974,49.51951339816299,5.1006222091927755
2009-02-19,57.72999954223633,57.970001220703125,56.97999954223633,57.08000183105469,41.67927169799805,6497800,-0.005416127926754907,48.254001106613565,4.807006456998063
2009-02-20,56.81999969482422,57.54999923706055,55.9900016784668,56.689998626708984,41.39449691772461,10282600,-0.006855976332612085,46.63911878258298,4.575077249969183
2009-02-23,56.86000061035156,57.119998931884766,56.0,56.130001068115234,40.98556900024414,8372200,-0.009927918160801906,44.34416496202522,4.328285941534582
2009-02-24,56.83000183105469,56.9900016784668,56.220001220703125,56.79999923706055,41.47481155395508,9773800,0.011866263317967262,47.66234554353394,4.080551275021509
2009-02-25,56.630001068115234,57.70000076293945,55.9900016784668,56.560001373291016,41.299564361572266,9290400,-0.004234340695116781,46.59082321278965,3.911226118553734
2009-02-26,56.560001373291016,56.599998474121094,51.20000076293945,51.22999954223633,37.40764617919922,18572100,-0.09897682494650425,30.299445513434307,4.017566946598584
2009-02-27,50.08000183105469,51.0099983215332,48.779998779296875,48.93000030517578,35.728214263916016,19943200,-0.04593443465231396,26.06414446080356,3.8898835605727085
2009-03-02,48.33000183105469,48.7400016784668,47.650001525878906,47.880001068115234,34.961517333984375,14188900,-0.02169274031925023,24.38814317763277,3.689891888573793
2009-03-03,48.0,48.88999938964844,47.45000076293945,47.709999084472656,34.83738327026367,10680600,-0.0035569097369919284,24.117735306376034,3.529185227012021
2009-03-04,48.06999969482422,49.45000076293945,47.72999954223633,48.59000015258789,35.479942321777344,8985900,0.018276489675184762,28.534878571969628,3.4013864021159335
2009-03-05,47.709999084472656,47.95000076293945,47.099998474121094,47.20000076293945,34.46499252319336,11002500,-0.029023432387053884,25.963959942263173,3.219144679737535
2009-03-06,47.029998779296875,47.63999938964844,45.72999954223633,46.380001068115234,33.866233825683594,14071200,-0.017525633741567067,24.558231756920236,3.1256343345714335
2009-03-09,45.81999969482422,46.58000183105469,45.79999923706055,46.27000045776367,33.78590774536133,9403800,-0.002374680718279954,24.367627283532954,2.958089210244484
2009-03-10,46.90999984741211,48.36000061035156,46.400001525878906,48.34000015258789,35.29741287231445,11271700,0.04376588657866427,34.64644051369545,2.8960828489832986
2009-03-11,48.58000183105469,49.41999816894531,47.13999938964844,47.27000045776367,34.5161018371582,11208100,-0.022383736442214038,32.20963916542691,2.852076844005697
2009-03-12,47.5099983215332,50.63999938964844,47.16999816894531,50.27000045776367,36.706668853759766,10489800,0.06153251611421036,44.08410434718254,2.896214299484085
2009-03-13,50.61000061035156,51.41999816894531,49.900001525878906,51.25,37.4222526550293,8629400,0.01930706707055012,47.32974316533299,2.7979130383113935
2009-03-16,51.75,52.099998474121094,50.7400016784668,50.779998779296875,37.07905578613281,9588100,-0.009213242122304316,45.9520968461284,2.695204735264458
2009-03-17,51.2400016784668,52.0,50.5,51.75,37.787349700927734,7837800,0.018922106478893815,49.23617016969774,2.609832968459854
2009-03-18,51.38999938964844,51.52000045776367,50.08000183105469,50.5099983215332,36.88190460205078,9019200,-0.02425334203886579,45.435480458229755,2.526273372620506
2009-03-19,51.09000015258789,51.099998474121094,48.43000030517578,48.849998474121094,35.66979217529297,9555500,-0.033416867540165006,40.8854679665694,2.5365394295008494
2009-03-20,49.470001220703125,49.869998931884766,48.52000045776367,48.619998931884766,35.50185012817383,13092300,-0.004719361627447467,40.28353755188219,2.451786504116581
2009-03-23,49.540000915527344,50.939998626708984,48.84000015258789,50.90999984741211,37.173988342285156,7843400,0.04602446717754867,48.42518685080532,2.442373160595698
2009-03-24,50.58000183105469,50.970001220703125,48.779998779296875,49.0,35.779335021972656,9178600,-0.03823878586765223,43.141984839734526,2.4243466806535947
2009-03-25,49.47999954223633,50.43000030517578,48.75,49.81999969482422,36.378082275390625,8718800,0.01659596527512292,45.87226802347862,2.3711790824051797
2009-03-26,50.060001373291016,51.63999938964844,49.959999084472656,51.470001220703125,37.58290100097656,8548700,0.032582728353586464,50.97386890891361,2.331809126149397
2009-03-27,52.790000915527344,52.81999969482422,51.5,51.650001525878906,37.71432876586914,8849200,0.003490909261052797,51.510755018516676,2.261679793861661
2009-03-30,51.5,51.97999954223633,49.709999084472656,50.52000045776367,36.889217376708984,9432900,-0.022120799278683267,47.95982374231961,2.262274126997519
2009-03-31,50.7400016784668,50.79999923706055,49.2599983215332,49.52000045776367,36.15903091430664,12006600,-0.01999256110228465,45.003215549948266,2.210683183321078
2009-04-01,48.779998779296875,48.93000030517578,47.099998474121094,48.33000183105469,35.29011154174805,10850100,-0.02432393682817883,41.708125725489495,2.1834916581591925
2009-04-02,49.13999938964844,49.2599983215332,46.599998474121094,47.290000915527344,34.53069305419922,13491600,-0.02175421612557704,39.019144185434946,2.217527957391544
2009-04-03,47.869998931884766,47.970001220703125,46.08000183105469,46.56999969482422,34.00496292114258,8483200,-0.015342100042155452,37.22968067949082,2.194133059695608
2009-04-06,46.459999084472656,48.060001373291016,46.369998931884766,47.84000015258789,34.93230438232422,10579200,0.026905545847844745,42.2598702498564,2.1581237298177967
2009-04-07,47.47999954223633,47.939998626708984,46.88999938964844,47.380001068115234,34.5964241027832,6686700,-0.009661700988380114,40.978954972724004,2.078971980335136
2009-04-08,47.70000076293945,47.9900016784668,46.56999969482422,47.970001220703125,35.027244567871094,6225800,0.012375847813328822,43.35078018768559,2.031902694857096
2009-04-09,48.119998931884766,48.7400016784668,47.2599983215332,47.84000015258789,34.93230438232422,6723100,-0.002714146824948794,42.941247213498,1.9924813135768458
2009-04-13,47.470001220703125,47.939998626708984,47.290000915527344,47.54999923706055,34.720542907714844,7180600,-0.006080501667738502,41.988443817745484,1.896589627691474
2009-04-14,47.18000030517578,48.41999816894531,46.79999923706055,48.08000183105469,35.1075553894043,9814800,0.011084834154706966,44.41584924930038,1.8768331494195662
2009-04-15,47.5099983215332,48.0,47.130001068115234,47.619998931884766,34.77166748046875,8373000,-0.009613458249643035,42.744148430662655,1.8049164195956517
2009-04-16,47.630001068115234,47.869998931884766,46.20000076293945,47.18000030517578,34.450382232666016,7799800,-0.009282809631946613,41.148788303748915,1.7952794016920561
2009-04-17,47.45000076293945,47.93000030517578,46.70000076293945,47.06999969482422,34.37004470825195,9763500,-0.0023347010321572675,40.73933130032822,1.7549022688737899
2009-04-20,46.619998931884766,46.91999816894531,45.18000030517578,45.7400016784668,33.398895263671875,10157900,-0.028662568156129928,36.0671909895073,1.7538376685092
2009-04-21,46.20000076293945,46.560001373291016,45.04999923706055,46.09000015258789,33.65447235107422,7818800,0.007623131668706493,38.079779587750195,1.736420844775005
2009-04-22,46.279998779296875,46.31999969482422,44.959999084472656,45.11000061035156,32.938880920410156,9315000,-0.02149220426629142,34.778585669964016,1.7095336851733305
2009-04-23,45.099998474121094,47.099998474121094,45.0,46.81999969482422,34.1875114440918,10642800,0.0372066640269784,43.915018955311204,1.737424027241028
2009-04-24,48.06999969482422,50.02000045776367,47.689998626708984,49.83000183105469,36.3853759765625,16121900,0.062306520103266476,55.683139712339795,1.8418937940766296
2009-04-27,49.40999984741211,50.54999923706055,49.33000183105469,50.18000030517578,36.64094161987305,8512800,0.006999303677727109,56.81776354608038,1.7974726235001461
2009-04-28,49.93000030517578,51.06999969482422,49.849998474121094,50.439998626708984,36.83079528808594,6459800,0.005168085001691703,57.68449322986919,1.7562246661575018
2009-04-29,50.68000030517578,51.7599983215332,50.31999969482422,51.029998779296875,37.2616081237793,5549000,0.0116292000540728,59.66299530456329,1.7336370919111792
2009-04-30,51.33000183105469,51.33000183105469,48.25,48.470001220703125,35.39231491088867,12249400,-0.051468820104915346,48.96512538392765,1.829806001850001
2009-05-01,48.47999954223633,49.099998474121094,48.06999969482422,48.61000061035156,35.49455261230469,6094900,0.002884533507476802,49.49847876371364,1.7726769145247778
2009-05-04,49.119998931884766,49.189998626708984,48.08000183105469,48.5099983215332,35.42152404785156,5993800,-0.0020595778477097673,49.10372271951057,1.7253426203197435
2009-05-05,48.529998779296875,48.880001068115234,47.52000045776367,47.9900016784668,35.04183578491211,6704400,-0.010777003500924191,47.00479172361175,1.6992467624648735
2009-05-06,48.41999816894531,48.4900016784668,46.95000076293945,47.630001068115234,34.77896499633789,8116600,-0.007529905921582988,45.553012152224795,1.6878720591121927
2009-05-07,47.84000015258789,48.400001525878906,46.54999923706055,47.08000183105469,34.37736129760742,11709800,-0.011614503974599897,43.350140872539235,1.6994527898054905
2009-05-08,47.2400016784668,47.810001373291016,46.459999084472656,47.20000076293945,34.46499252319336,8618900,0.002545853476913516,43.98665695284207,1.6744920397349812
2009-05-11,46.79999923706055,48.18000030517578,46.5,47.91999816894531,34.99070739746094,8427900,0.01513842390910802,47.7775688723422,1.674885487266467
2009-05-12,47.86000061035156,49.0,47.5,48.220001220703125,35.209774017333984,9018400,0.006241191700013469,49.31687917111834,1.6623936667474335
2009-05-13,48.27000045776367,49.060001373291016,48.0,48.04999923706055,35.08564376831055,7690800,-0.0035316776527984004,48.44549712255608,1.6193656457862606
2009-05-14,48.369998931884766,49.0099983215332,48.0,48.18000030517578,35.180572509765625,6813600,0.0027019755506124204,49.184949423429074,1.5758394083396137
2009-05-15,48.36000061035156,48.560001373291016,47.5,48.15999984741211,35.16596984863281,7823600,-0.00041516358453438495,49.06835868314963,1.5389938344075709
2009-05-18,48.65999984741211,49.459999084472656,47.84000015258789,49.34000015258789,36.027591705322266,7479000,0.024206231831903912,55.73572837154679,1.544779912798799
2009-05-19,49.290000915527344,50.08000183105469,49.06999969482422,49.939998626708984,36.46570587158203,7658500,0.0120871726055098,58.69652596099931,1.5065815001867755
2009-05-20,50.06999969482422,51.0,49.90999984741211,50.59000015258789,36.94032287597656,7602600,0.012931461526217452,61.68637538770097,1.4768256896439982
2009-05-21,50.0,50.529998779296875,48.79999923706055,49.4900016784668,36.13712692260742,6371700,-0.021982931824945887,54.496896578634846,1.494909536257736
2009-05-22,49.70000076293945,49.88999938964844,49.0099983215332,49.29999923706055,35.998382568359375,3070400,-0.0038467746694583814,53.34040374550706,1.450987502818986
2009-05-26,48.36000061035156,50.43000030517578,48.20000076293945,50.33000183105469,36.75048065185547,6679300,0.020677295745266742,58.483616975603454,1.5066312199202248
2009-05-27,50.16999816894531,50.810001373291016,49.43000030517578,49.75,36.326961517333984,6339200,-0.011591097436193663,54.81916363249239,1.4975862090770111
2009-05-28,49.75,50.459999084472656,49.439998626708984,50.08000183105469,36.567928314208984,4785700,0.0066113735862147905,56.48962579297221,1.4634729411260583
2009-05-29,50.0,50.33000183105469,49.099998474121094,49.939998626708984,36.46570587158203,7013800,-0.0027993269271011233,55.55130705095611,1.4467965422551679
2009-06-01,50.45000076293945,50.630001068115234,49.869998931884766,50.099998474121094,36.58252716064453,5228400,0.0031984726749873568,56.44176294021858,1.3977397989676894
2009-06-02,50.599998474121094,51.380001068115234,50.34000015258789,50.72999954223633,37.04255676269531,7060600,0.012496708033049989,59.85258795237286,1.389329998612436
2009-06-03,50.7599983215332,52.119998931884766,49.9900016784668,51.91999816894531,37.91148376464844,7903300,0.02318663343207027,65.36877732958291,1.442234802527117
2009-06-04,51.939998626708984,52.349998474121094,50.540000915527344,51.0099983215332,37.24700927734375,6458500,-0.017682414152615684,58.72404795403561,1.4685035708175909
2009-06-05,51.5,51.720001220703125,50.150001525878906,50.88999938964844,37.15938186645508,5375200,-0.002355374318070213,57.88835925582569,1.4757532939609213
2009-06-08,50.41999816894531,51.470001220703125,50.27000045776367,50.91999816894531,37.1812858581543,5366400,0.0005892869408766622,58.04906749138517,1.456056684602245
2009-06-09,51.279998779296875,51.29999923706055,50.40999984741211,50.75,37.057159423828125,5271700,-0.0033439964838449226,56.72789852751989,1.4156240206769728
2009-06-10,50.45000076293945,51.939998626708984,49.599998474121094,50.11000061035156,36.589839935302734,9289300,-0.012690965410812832,51.93541107048473,1.4816508872420384
2009-06-11,50.0,50.58000183105469,49.29999923706055,49.880001068115234,36.42188262939453,8026000,-0.004600839325002133,50.290949183886674,1.4672474377243314
2009-06-12,49.61000061035156,50.70000076293945,49.34000015258789,50.400001525878906,36.801597595214844,6803500,0.010371491997089867,53.848792401865694,1.4595869500548477
2009-06-15,49.97999954223633,50.25,49.209999084472656,49.439998626708984,36.10062026977539,7040900,-0.01923120996655429,47.14098036030093,1.4296165190171688
2009-06-16,50.209999084472656,51.630001068115234,49.97999954223633,51.209999084472656,37.393043518066406,10942700,0.03517463774973104,57.622528471091215,1.4839297991878175
2009-06-17,51.400001525878906,53.13999938964844,51.310001373291016,52.810001373291016,38.56134796142578,11275100,0.030765741708005185,64.47935445900161,1.5157919781869578
2009-06-18,53.06999969482422,53.279998779296875,52.220001220703125,53.029998779296875,38.72200012207031,9183100,0.004157490482252167,65.31054536936495,1.4832352339303
2009-06-19,53.29999923706055,53.849998474121094,52.060001373291016,52.34000015258789,38.218170166015625,19999700,-0.01309685580048816,60.52698688354547,1.5051467958517128
2009-06-22,51.540000915527344,51.790000915527344,50.91999816894531,50.9900016784668,37.232398986816406,9793400,-0.0261317385826591,52.43482737440914,1.4597793637610212
2009-06-23,51.04999923706055,51.52000045776367,50.91999816894531,51.13999938964844,37.341922760009766,8049800,0.0029373073565646464,53.18373644969287,1.398366715550831
2009-06-24,51.040000915527344,51.38999938964844,50.65999984741211,51.0099983215332,37.24700927734375,8024600,-0.0025449763470879266,52.413564132561454,1.3506262031712237
2009-06-25,50.9900016784668,52.150001525878906,50.650001525878906,51.91999816894531,37.91148376464844,8177600,0.017682414152615646,57.09765366875728,1.3612957600875648
2009-06-26,51.439998626708984,52.95000076293945,51.0099983215332,52.79999923706055,38.55405807495117,31114200,0.016807294403386172,61.08670602283052,1.402631951610328
2009-06-29,52.560001373291016,53.25,52.040000915527344,53.11000061035156,38.78041458129883,12455300,0.00585397805121515,62.41253066151608,1.3888724611004943
2009-06-30,52.90999984741211,53.38999938964844,52.25,52.939998626708984,38.65626525878906,10805100,-0.0032064760301219217,61.18129048422478,1.3710958131396331
2009-07-01,53.5,53.5,52.66999816894531,52.7599983215332,38.52484893798828,8365500,-0.0034054042668054387,59.83567548871562,1.3324462429907082
2009-07-02,52.5,52.689998626708984,51.459999084472656,51.470001220703125,37.58290100097656,7573100,-0.02475427370751588,51.151598355916164,1.3251286215082525
2009-07-06,51.189998626708984,52.18000030517578,50.650001525878906,52.04999923706055,38.00641632080078,7246100,0.011205809671569493,54.35894608524658,1.33976220420744
2009-07-07,51.90999984741211,52.959999084472656,51.61000061035156,52.22999954223633,38.13785171508789,10105700,0.0034522762702165802,55.339004539201646,1.3404933663441294
2009-07-08,60.25,60.95000076293945,59.380001068115234,59.5,43.44632339477539,50037100,0.13031895891968068,76.90722450776244,1.8676010702269148
2009-07-09,59.029998779296875,59.290000915527344,57.540000915527344,58.130001068115234,42.44597625732422,16209600,-0.023294110758643162,70.04263901387012,1.8592009937821352
2009-07-10,57.619998931884766,58.7599983215332,57.380001068115234,57.810001373291016,42.212303161621094,8609500,-0.005520397785896245,68.50445374027186,1.8249721551846947
2009-07-13,58.029998779296875,58.220001220703125,57.150001525878906,58.0099983215332,42.35834503173828,11954800,0.0034537281765127186,68.96320406640612,1.7710455508732321
2009-07-14,57.900001525878906,58.779998779296875,57.83000183105469,58.099998474121094,42.42405319213867,8520600,0.001550042813908816,69.18071266940738,1.7123992221138717
2009-07-15,58.36000061035156,58.380001068115234,57.2400016784668,57.869998931884766,42.256103515625,10237400,-0.003966688378054564,67.87143684704552,1.6715135197949123
2009-07-16,57.90999984741211,59.81999969482422,57.5099983215332,58.470001220703125,42.69423294067383,12186900,0.010315045897933023,69.49342437506729,1.7171197950446337
2009-07-17,58.79999923706055,59.0,58.0,58.790000915527344,42.927894592285156,7929100,0.005457987050807557,70.35304341868404,1.6658969525414455
2009-07-20,58.58000183105469,58.900001525878906,57.790000915527344,58.27000045776367,42.54818344116211,7191400,-0.00888467645316677,67.0467536397033,1.6261900709564538
2009-07-21,58.66999816894531,58.93000030517578,58.11000061035156,58.630001068115234,42.81105041503906,6782300,0.006159094756998311,68.16224899064792,1.5686050440898656
2009-07-22,58.599998474121094,59.11000061035156,58.02000045776367,58.369998931884766,42.621212005615234,5492900,-0.0044441927791825,66.4137699246483,1.5344189804111532
2009-07-23,58.439998626708984,59.970001220703125,58.040000915527344,59.84000015258789,43.6945915222168,10015300,0.02487226689726832,70.95109768257029,1.5626747893229123
2009-07-24,59.20000076293945,61.0,59.20000076293945,60.91999816894531,44.48319625854492,6773900,0.01788717504272894,73.75624473880238,1.5796265355898862
2009-07-27,61.0099983215332,61.5,59.779998779296875,60.77000045776367,44.37367248535156,10946800,-0.002465174166207724,72.70614458377715,1.5896532988122605
2009-07-28,62.709999084472656,62.84000015258789,61.41999816894531,62.41999816894531,45.57847595214844,18802100,0.026789254966230965,76.6452658325768,1.6239637556702573
2009-07-29,62.619998931884766,63.5,62.36000061035156,63.22999954223633,46.16993713378906,11811900,0.012893288402041795,78.3009231100896,1.5893948723829845
2009-07-30,63.66999816894531,64.5,62.9900016784668,63.11000061035156,46.08230972290039,9855700,-0.0018997355669549468,77.42518114607907,1.5837236901794287
2009-07-31,63.040000915527344,63.61000061035156,62.0,62.310001373291016,45.49815368652344,6361100,-0.01275739251093098,71.67047522303585,1.5856006130488667
2009-08-03,62.41999816894531,62.97999954223633,61.709999084472656,62.880001068115234,45.91437911987305,7138400,0.009106591777568314,73.19901281794132,1.5630577448142098
2009-08-04,62.13999938964844,64.43000030517578,62.119998931884766,64.41000366210938,47.03156661987305,11739200,0.024040667884506428,76.81499416872381,1.6164108611339816
2009-08-05,63.65999984741211,63.83000183105469,62.0099983215332,62.310001373291016,45.49815368652344,7095200,-0.0331472596620746,64.0428508160108,1.6309531931616603
2009-08-06,62.41999816894531,62.459999084472656,60.63999938964844,60.689998626708984,44.31525421142578,8894800,-0.026342790176975408,56.2701923872102,1.644456514708986
2009-08-07,61.54999923706055,61.59000015258789,59.970001220703125,60.4900016784668,44.169219970703125,8677100,-0.003300790893816082,55.37664597301005,1.642709544507256
2009-08-10,60.470001220703125,61.33000183105469,59.790000915527344,61.2400016784668,44.71684646606445,6725500,0.012322143309505687,58.06583397600817,1.6353732138658335
2009-08-11,61.02000045776367,62.97999954223633,60.459999084472656,62.810001373291016,45.863250732421875,15446300,0.025313849693009895,63.08162624960712,1.6985608741442506
2009-08-12,62.709999084472656,62.79999923706055,61.77000045776367,62.15999984741211,45.38862609863281,9858700,-0.010402611548666712,59.887829532170414,1.6508064387980095
2009-08-13,62.2599983215332,64.76000213623047,60.61000061035156,60.86000061035156,44.439388275146484,20751000,-0.021135347707508148,53.99935984441908,1.829320373589502
2009-08-14,61.130001068115234,61.58000183105469,59.9900016784668,60.849998474121094,44.43207931518555,12948000,-0.00016448383661468678,53.9553688512181,1.812226072089387
2009-08-17,60.47999954223633,60.650001525878906,59.72999954223633,59.84000015258789,43.6945915222168,8360600,-0.01673738500584263,49.5674770784964,1.7484957800574723
2009-08-18,59.95000076293945,60.310001373291016,59.22999954223633,59.7599983215332,43.63616943359375,6326500,-0.0013379500349888125,49.22595224071292,1.700746212271559
2009-08-19,59.5,60.29999923706055,59.150001525878906,60.13999938964844,43.91364669799805,6347000,0.006338749885372731,50.95441646037982,1.6614070336222793
2009-08-20,59.95000076293945,60.720001220703125,59.599998474121094,60.290000915527344,44.02317810058594,4589800,0.0024911397354344424,51.654056371710695,1.6227352988336903
2009-08-21,60.83000183105469,61.0099983215332,59.70000076293945,60.63999938964844,44.27875518798828,6605300,0.005788724925230857,53.327100524453414,1.6003968888165516
2009-08-24,60.75,60.84000015258789,60.029998779296875,60.380001068115234,44.08888244628906,5300400,-0.004297343212586099,51.89042086655798,1.5439400662790133
2009-08-25,60.16999816894531,60.97999954223633,60.119998931884766,60.36000061035156,44.07428741455078,6150900,-0.00033109135922960526,51.7749536237341,1.495087247998481
2009-08-26,60.45000076293945,61.790000915527344,60.02000045776367,61.2400016784668,44.71684646606445,6176800,0.014473748466388658,56.377276317467384,1.5147239058388515
2009-08-27,60.849998474121094,61.18000030517578,60.0,60.25,43.99397659301758,6098900,-0.016297580120165904,50.534441058126205,1.4908150772200608
2009-08-28,60.279998779296875,60.790000915527344,59.15999984741211,59.61000061035156,43.526649475097656,5162000,-0.010679346810022874,47.133531573057866,1.5007569337125732
2009-08-31,59.150001525878906,60.15999984741211,59.150001525878906,59.779998779296875,43.65077209472656,6981100,0.002847588315120019,48.131971592975404,1.4657027471283326
2009-09-01,59.61000061035156,60.65999984741211,58.650001525878906,58.97999954223633,43.06663131713867,6599700,-0.01347248856848047,43.92734077903507,1.5045810024429662
2009-09-02,58.83000183105469,59.34000015258789,58.560001373291016,59.099998474121094,43.15425491333008,5188700,0.0020325382906215784,44.70761591026939,1.4528251293611025
2009-09-03,58.810001373291016,58.810001373291016,57.63999938964844,58.470001220703125,42.69423294067383,6966800,-0.01071716898541976,41.446775479101376,1.4326234760954937
2009-09-04,58.279998779296875,59.02000045776367,58.119998931884766,58.95000076293945,43.04472351074219,4667800,0.008175805652782751,44.75304912306696,1.3945790510800233
2009-09-08,59.0,59.630001068115234,58.81999969482422,59.15999984741211,43.19805908203125,6046400,0.0035559087554924026,46.18472530899432,1.3528235026665227
2009-09-09,58.95000076293945,59.56999969482422,58.779998779296875,59.18000030517578,43.21266174316406,4762900,0.0003379826283675489,46.32737246540857,1.3126218892994383
2009-09-10,59.43000030517578,59.45000076293945,58.63999938964844,59.029998779296875,43.10314178466797,5740000,-0.0025376585235366836,45.35632302198684,1.2767204238702654
2009-09-11,58.95000076293945,59.02000045776367,58.41999816894531,58.540000915527344,42.74534606933594,4800800,-0.008335564107404554,42.241258333173334,1.228383414223701
2009-09-14,58.5,59.52000045776367,58.5,59.209999084472656,43.23457717895508,5110500,0.011380247182188006,47.54608004895256,1.2134989173336987
2009-09-15,59.04999923706055,59.08000183105469,58.099998474121094,58.47999954223633,42.701534271240234,7112800,-0.012405721763833193,42.92064971397949,1.1968206630194054
2009-09-16,58.599998474121094,59.77000045776367,58.459999084472656,59.689998626708984,43.585060119628906,6509200,0.020479582827871965,51.36602524944324,1.2049049994673775
2009-09-17,59.849998474121094,60.560001373291016,59.619998931884766,60.52000045776367,44.191123962402344,7710300,0.013809519759578996,56.157995825286065,1.185983388177297
2009-09-18,60.79999923706055,61.29999923706055,60.43000030517578,60.79999923706055,44.39556884765625,9661700,0.004615710142001799,57.673069361336395,1.1634130698706875
2009-09-21,62.220001220703125,62.369998931884766,61.16999816894531,62.310001373291016,45.49815368652344,8262600,0.02453208308612422,64.74834378526252,1.1924549716530828
2009-09-22,62.40999984741211,62.52000045776367,60.58000183105469,60.83000183105469,44.417476654052734,9151400,-0.0240387364900904,55.03756021547822,1.2458509470142185
2009-09-23,60.9900016784668,61.0,60.27000045776367,60.54999923706055,44.21302795410156,7590100,-0.004613514579152694,53.405687664041345,1.209004418101512
2009-09-24,60.4900016784668,61.220001220703125,60.34000015258789,60.779998779296875,44.380977630615234,6095400,0.0037914501460048194,54.59664047659337,1.185504178816778
2009-09-25,60.689998626708984,61.16999816894531,60.220001220703125,60.27000045776367,44.008575439453125,5079900,-0.008426434612535968,51.45601917698049,1.1686822337757357
2009-09-28,60.33000183105469,61.47999954223633,60.33000183105469,60.45000076293945,44.13999938964844,4644400,0.0029818757213187436,52.49459837160758,1.1716334373969441
2009-09-29,60.7400016784668,61.25,60.15999984741211,60.459999084472656,44.147300720214844,5598900,0.00016539933997225854,52.555328451644726,1.1658024884820117
2009-09-30,60.5,60.66999816894531,59.599998474121094,60.22999954223633,43.97937774658203,5991800,-0.0038109498687063283,50.94233539346525,1.1589594317921694
2009-10-01,60.150001525878906,60.439998626708984,58.97999954223633,59.0,43.08122634887695,6999600,-0.02063351780933637,43.289499124282884,1.18046226412649
2009-10-02,58.9900016784668,59.2599983215332,58.36000061035156,58.58000183105469,42.77456283569336,4520100,-0.007143719025850717,41.02343184564694,1.1604290817732863
2009-10-05,58.63999938964844,58.790000915527344,58.0099983215332,58.310001373291016,42.5774040222168,5196600,-0.004619909098925449,39.58860590468907,1.133255761217633
2009-10-06,58.279998779296875,59.369998931884766,58.16999816894531,58.86000061035156,42.9789924621582,5389200,0.009387758385618748,43.89320198497402,1.1380232613406203
2009-10-07,58.66999816894531,58.869998931884766,58.29999923706055,58.540000915527344,42.74534606933594,4616100,-0.005451123342248262,42.017324363731504,1.0974501494465916
2009-10-08,58.970001220703125,59.439998626708984,58.709999084472656,58.88999938964844,43.00090408325195,5358800,0.005960815082957352,44.79633529728327,1.083346403856238
2009-10-09,59.02000045776367,59.7599983215332,58.970001220703125,59.41999816894531,43.38792037963867,4775600,0.008959929433913019,48.7985355716099,1.0681072987154185
2009-10-12,60.029998779296875,60.400001525878906,59.349998474121094,59.5099983215332,43.45362854003906,5484400,0.001513288829076692,49.46837226675669,1.0668141382184466
2009-10-13,59.380001068115234,59.56999969482422,58.95000076293945,59.27000045776367,43.27839279174805,5468900,-0.00404086020470087,47.67700910750723,1.0348987663374694
2009-10-14,59.349998474121094,60.77000045776367,59.349998474121094,60.56999969482422,44.22762680053711,6693100,0.021696135840452314,56.802390031496024,1.0681202830276502
2009-10-15,60.56999969482422,61.849998474121094,60.349998474121094,61.83000183105469,45.14768600463867,7894300,0.020589392704883944,63.455278798453705,1.0989688342399608
2009-10-16,61.459999084472656,61.72999954223633,60.689998626708984,61.31999969482422,44.775272369384766,6565200,-0.008282996271456953,59.463249978132104,1.0947568400462024
2009-10-19,59.7599983215332,61.20000076293945,59.5,60.2400016784668,43.98666000366211,10694600,-0.017769624782174826,52.002645121774684,1.1379885488242918
2009-10-20,59.650001525878906,59.84000015258789,58.029998779296875,58.13999938964844,42.45326232910156,10856200,-0.035482645312174474,41.18287646961258,1.1859894648576292
2009-10-21,58.68000030517578,59.9900016784668,58.20000076293945,59.400001525878906,43.37331008911133,13342000,0.021440516124199883,48.1532256893222,1.2334189522833958
2009-10-22,57.709999084472656,57.7400016784668,56.040000915527344,56.849998474121094,41.511329650878906,20593300,-0.04387788341288343,38.26891604618765,1.266746224473114
2009-10-23,56.779998779296875,56.81999969482422,55.75,56.16999816894531,41.0147819519043,9602400,-0.012033856474244117,36.13851298048902,1.2526929009267642
2009-10-26,56.189998626708984,56.619998931884766,54.06999969482422,54.33000183105469,39.6712532043457,12603700,-0.033305712379888074,31.094563230581414,1.3453576392220346
2009-10-27,54.0,54.849998474121094,53.79999923706055,54.40999984741211,39.729652404785156,8850800,0.0014709960931033473,31.541833833769758,1.324260610496214
2009-10-28,54.349998474121094,54.790000915527344,53.689998626708984,53.709999084472656,39.2185173034668,6698000,-0.012948805402050548,29.723276350882585,1.3082421589477957
2009-10-29,53.93000030517578,54.630001068115234,53.93000030517578,54.290000915527344,39.64202880859375,7091700,0.010740873544020289,33.161852812748265,1.280510717854566
2009-10-30,54.11000061035156,54.84000015258789,52.90999984741211,53.619998931884766,39.15280532836914,12034000,-0.012417813227826577,31.25914939145615,1.326902831234653
2009-11-02,52.86000061035156,53.83000183105469,52.16999816894531,52.43000030517578,38.28388214111328,10767300,-0.02244309997937298,28.16782614077161,1.3506957477257047
2009-11-03,52.279998779296875,52.869998931884766,52.0,52.540000915527344,38.36419677734375,7073900,0.0020956732838676505,28.868038931790807,1.3163602608799234
2009-11-04,52.47999954223633,52.869998931884766,51.720001220703125,52.119998931884766,38.057525634765625,8536000,-0.008025801540278302,27.755480872158287,1.3044772216157605
2009-11-05,53.08000183105469,54.31999969482422,52.77000045776367,54.04999923706055,39.46678161621094,8532800,0.036360498819558426,39.327271937246216,1.3684431888531672
2009-11-06,53.869998931884766,54.939998626708984,53.869998931884766,54.689998626708984,39.93410873413086,5495300,0.011771467856499998,42.61009134215107,1.347125796422528
2009-11-09,54.709999084472656,55.130001068115234,54.5099983215332,54.90999984741211,40.09475326538086,6329800,0.004014670282769962,43.73704397177806,1.2951884357196355
2009-11-10,54.84000015258789,54.970001220703125,53.810001373291016,54.099998474121094,39.503299713134766,8895800,-0.014861279030297742,40.57769983185201,1.2855321079833837
2009-11-11,54.16999816894531,54.849998474121094,54.15999984741211,54.779998779296875,39.99983596801758,4911100,0.012491147846529061,44.220514015327794,1.2472798145559991
2009-11-12,55.2400016784668,55.810001373291016,54.81999969482422,55.220001220703125,40.321109771728516,8231500,0.007999794178774257,46.505611951285175,1.2317600130872948
2009-11-13,55.189998626708984,55.63999938964844,55.18000030517578,55.40999984741211,40.459842681884766,5137300,0.0034347960091563583,47.505684377018625,1.1766342324719634
2009-11-16,55.54999923706055,56.349998474121094,55.33000183105469,56.13999938964844,40.99287796020508,6176700,0.013088399833696725,51.2747882353786,1.1654458332287092
2009-11-17,56.0,56.349998474121094,55.81999969482422,56.279998779296875,41.095115661621094,4139200,0.0024909307626685916,51.98686319479506,1.120056757947864
2009-11-18,55.970001220703125,56.470001220703125,55.79999923706055,56.13999938964844,40.99287796020508,5948800,-0.002490930762668522,51.181357778721896,1.0879099883546293
2009-11-19,55.880001068115234,56.2400016784668,55.5,56.060001373291016,40.93446731567383,4980400,-0.0014259135147468007,50.698041261958,1.0630593947912126
2009-11-20,55.790000915527344,55.790000915527344,55.119998931884766,55.380001068115234,40.43793869018555,9493300,-0.01220400901247723,46.66401336042461,1.0349838654234529
2009-11-23,55.81999969482422,56.59000015258789,55.75,56.25,41.07320022583008,5033600,0.015587425384647666,51.933662508495296,1.047484952498396
2009-11-24,56.45000076293945,56.79999923706055,56.18000030517578,56.79999923706055,41.47481155395508,5171900,0.009730446275503502,54.96313881504853,1.0169502367402796
2009-11-25,56.849998474121094,57.72999954223633,56.709999084472656,57.08000183105469,41.67927169799805,4673000,0.004917631175446673,56.46741766812913,1.0171681096705218
2009-11-27,55.7599983215332,56.97999954223633,55.58000183105469,56.5,41.255767822265625,2977100,-0.010212994635703517,52.55195974215687,1.0445130812070302
2009-11-30,56.66999816894531,57.0,56.25,56.349998474121094,41.146217346191406,5739400,-0.0026589296457577424,51.55608182581774,1.0234764325493853
2009-12-01,56.380001068115234,57.25,56.34000015258789,57.08000183105469,41.67927169799805,4941600,0.012871924281461356,55.93212136988916,1.015370962182437
2009-12-02,57.08000183105469,57.880001068115234,57.029998779296875,57.5,41.98594284057617,4675500,0.0073309443527752255,58.26773007413911,1.0035589140850028
2009-12-03,57.40999984741211,57.56999969482422,56.290000915527344,56.54999923706055,41.292259216308594,7289300,-0.016659813765159966,51.60512611490212,1.0233046187429937
2009-12-04,57.08000183105469,57.45000076293945,56.540000915527344,56.849998474121094,41.511329650878906,5108200,0.005291339389993352,53.41668839366875,1.0152114207907876
2009-12-07,57.31999969482422,57.45000076293945,56.33000183105469,56.47999954223633,41.24114227294922,6061300,-0.006530036668259729,50.88666872336701,1.022696243011786
2009-12-08,56.0,56.209999084472656,55.720001220703125,55.93000030517578,40.83954620361328,4881700,-0.009785475277352657,47.30056884285269,0.9846463587801965
2009-12-09,55.7599983215332,56.209999084472656,55.380001068115234,56.08000183105469,40.94906234741211,4969400,0.0026780308698678085,48.36913432377109,0.9736000486071411
2009-12-10,56.040000915527344,56.849998474121094,56.0,56.20000076293945,41.03669738769531,6486200,0.00213781207718143,49.25581215405339,0.9647713647152806
2009-12-11,56.290000915527344,56.68000030517578,56.040000915527344,56.310001373291016,41.11701202392578,4424000,0.001955229103884629,50.10156785213711,0.9415733664962204
2009-12-14,56.47999954223633,57.099998474121094,56.400001525878906,56.86000061035156,41.518619537353516,4178700,0.009720036449045026,54.211258650076594,0.9307464903772101
2009-12-15,56.59000015258789,56.790000915527344,55.54999923706055,55.75,40.70811080932617,5327500,-0.01971463478914419,45.98055432152312,0.9528361466693235
2009-12-16,55.880001068115234,56.13999938964844,55.040000915527344,55.06999969482422,40.211585998535156,6880700,-0.012272192359251588,41.79423955250608,0.9633477414873071
2009-12-17,55.040000915527344,55.040000915527344,54.119998931884766,54.58000183105469,39.853782653808594,6131100,-0.008937839984306594,39.03612380007726,0.9602516159269693
2009-12-18,55.22999954223633,56.0099983215332,54.900001525878906,55.79999923706055,40.74462890625,11942800,0.02210670198286326,48.20160747350282,0.9938048212520797
2009-12-21,56.06999969482422,57.119998931884766,56.0,56.72999954223633,41.423702239990234,5679700,0.016529209861491832,53.89218051973632,1.017104455078661
2009-12-22,57.27000045776367,57.560001373291016,57.06999969482422,57.220001220703125,41.78146743774414,4219200,0.00859964360340317,56.59751175277617,1.0037399819340915
2009-12-23,57.4900016784668,57.66999816894531,57.04999923706055,57.349998474121094,41.876407623291016,4287100,0.002269725981824652,57.31328468016825,0.9763299069305683
2009-12-24,57.15999984741211,57.45000076293945,56.900001525878906,57.41999816894531,41.92753219604492,1283700,0.0012200996565628665,57.717659364941895,0.9458777162255668
2009-12-28,57.47999954223633,57.72999954223633,57.22999954223633,57.65999984741211,42.10276412963867,2741100,0.004170690697623015,59.14619785989231,0.9140293079237407
2009-12-29,57.77000045776367,57.91999816894531,57.16999816894531,57.52000045776367,42.00054931640625,3091900,-0.0024306976591173357,57.916993183706495,0.9023129287863306
2009-12-30,57.5099983215332,57.79999923706055,57.29999923706055,57.540000915527344,42.01516342163086,2485400,0.0003478898147914908,58.0512263131745,0.8735762910158785
2009-12-31,57.470001220703125,57.5,56.56999969482422,56.56999969482422,41.30686569213867,4027900,-0.017001861304858843,49.765842744290225,0.8776065777415859
2010-01-04,56.630001068115234,57.869998931884766,56.560001373291016,57.720001220703125,42.146583557128906,5277400,0.020124901095062844,57.50873336315634,0.9084916478024548
2010-01-05,57.33000183105469,57.689998626708984,56.27000045776367,57.220001220703125,41.78146743774414,7882800,-0.008700748281888672,53.63745447063761,0.9450278278840875
2010-01-06,56.939998626708984,57.38999938964844,56.5,56.790000915527344,41.4675178527832,6015100,-0.00754246006032682,50.49013533767413,0.9410972251529696
2010-01-07,56.40999984741211,56.529998779296875,54.650001525878906,56.27000045776367,41.08782196044922,10371600,-0.00919864349226123,46.90540737086578,1.0081615128861838
2010-01-08,56.06999969482422,56.83000183105469,55.63999938964844,56.77000045776367,41.452903747558594,6576000,0.008846158420577543,50.541458072688194,1.021150150637617
2010-01-11,56.93000030517578,57.36000061035156,56.619998931884766,57.02000045776367,41.63545227050781,4062700,0.004394089025670049,52.3004613746875,1.00106811691113
2010-01-12,57.13999938964844,57.41999816894531,54.81999969482422,56.029998779296875,40.912567138671875,11268300,-0.01751474151992476,45.41269684488052,1.1152774281404132
2010-01-13,56.349998474121094,56.75,55.959999084472656,56.529998779296875,41.277652740478516,5056200,0.008883976792860423,49.061332111721335,1.092043391525194
2010-01-14,56.349998474121094,56.529998779296875,55.90999984741211,56.15999984741211,41.00749206542969,4668900,-0.006566474335820569,46.58018707631301,1.0583259301223062
2010-01-15,56.029998779296875,56.5099983215332,55.650001525878906,56.25,41.07320022583008,7240000,0.0016010628712436765,47.27855134361019,1.0441595633745913
2010-01-19,56.40999984741211,57.75,56.2400016784668,57.54999923706055,42.0224609375,8570100,0.022848413378417563,56.1892407863011,1.0774337603859208
2010-01-20,57.619998931884766,57.619998931884766,56.40999984741211,57.20000076293945,41.76689529418945,6625700,-0.006100212421373306,53.56440635009705,1.0869027121064019
2010-01-21,57.43000030517578,57.560001373291016,56.310001373291016,56.630001068115234,41.35068893432617,5833700,-0.010014964763364493,49.508227855493665,1.098552518384516
2010-01-22,56.66999816894531,57.29999923706055,56.529998779296875,56.599998474121094,41.32877731323242,5967600,-0.000530037809899009,49.29658283342172,1.0750845140544556
2010-01-25,56.720001220703125,56.790000915527344,55.54999923706055,55.709999084472656,40.678890228271484,6719400,-0.015849754284859813,43.374034924429864,1.0868643115124799
2010-01-26,56.20000076293945,56.869998931884766,55.70000076293945,56.58000183105469,41.31416320800781,14880300,0.015496085712934295,49.73164126663765,1.0928024441862536
2010-01-27,56.349998474121094,57.880001068115234,56.349998474121094,57.7400016784668,42.16118621826172,9695000,0.02029466394719764,56.710440314287055,1.1240310263153883
2010-01-28,57.869998931884766,58.779998779296875,57.560001373291016,58.08000183105469,42.40945053100586,11638200,0.00587118733979541,58.52782382165455,1.1308857677218505
2010-01-29,58.349998474121094,58.93000030517578,58.15999984741211,58.47999954223633,42.701534271240234,9465700,0.006863623715973119,60.622373743526786,1.1108223896075107
2010-02-01,58.52000045776367,58.84000015258789,58.369998931884766,58.720001220703125,42.87677764892578,7079100,0.004095514826207833,61.86676363305005,1.065049448971483
2010-02-02,58.599998474121094,59.29999923706055,58.40999984741211,59.22999954223633,43.249176025390625,7660900,0.008647815934305244,64.43856302862494,1.0525458733055513
2010-02-03,58.900001525878906,59.41999816894531,58.86000061035156,59.06999969482422,43.13234329223633,7082600,-0.0027050416644303276,63.00295530206784,1.017363850826137
2010-02-04,58.900001525878906,59.060001373291016,57.33000183105469,57.529998779296875,42.007850646972656,9534500,-0.026416619113935925,51.18351716530718,1.0682664002125792
2010-02-05,57.540000915527344,58.029998779296875,56.63999938964844,57.68000030517578,42.11738204956055,8409900,0.0026040097832751912,52.12563590366407,1.0912473280294264
2010-02-08,57.540000915527344,57.91999816894531,56.70000076293945,57.459999084472656,41.95674514770508,5947800,-0.0038213206056466062,50.583786884327175,1.1004437621706002
2010-02-09,58.2400016784668,58.400001525878906,56.70000076293945,57.209999084472656,41.77418899536133,18732200,-0.004360549502479497,48.81655535434457,1.1432692622255183
2010-02-10,57.09000015258789,57.290000915527344,56.369998931884766,56.84000015258789,41.504024505615234,6019100,-0.006488262083433693,46.24181489314291,1.127321599469594
2010-02-11,56.560001373291016,57.0,56.22999954223633,56.5,41.255767822265625,8491100,-0.005999469573436889,43.94797770298931,1.1017986607763137
2010-02-12,56.220001220703125,56.720001220703125,56.02000045776367,56.47999954223633,41.24114227294922,8008700,-0.0003545720549473985,43.81009878322577,1.0730988109308237
2010-02-16,56.619998931884766,57.0,56.20000076293945,56.9900016784668,41.61355972290039,5245900,0.008989712087563138,48.26129793135375,1.0535916985115181
2010-02-17,56.93000030517578,57.56999969482422,56.75,57.20000076293945,41.76689529418945,6831900,0.0036779781091816942,50.01695247806955,1.0369065553909969
2010-02-18,57.29999923706055,57.439998626708984,57.099998474121094,57.27000045776367,41.81800079345703,8120500,0.0012228406812236996,50.61840048774319,0.9871275266193464
2010-02-19,57.04999923706055,57.709999084472656,56.95000076293945,57.380001068115234,41.89832305908203,7131600,0.0019189158476099575,51.604083066112054,0.9709040119703362
2010-02-22,57.36000061035156,57.439998626708984,56.79999923706055,57.099998474121094,41.693870544433594,7176800,-0.004891675012252473,48.9270008299112,0.947267967518772
2010-02-23,56.959999084472656,57.220001220703125,56.349998474121094,56.380001068115234,41.168121337890625,7703000,-0.012689925739936119,42.78091564789717,0.9417490231661476
2010-02-24,56.65999984741211,56.97999954223633,56.349998474121094,56.7400016784668,41.430999755859375,4887700,0.006365184085324535,46.40607056405744,0.9194813120910823
2010-02-25,56.47999954223633,56.47999954223633,55.779998779296875,56.25,41.07320022583008,6592200,-0.008673540819013649,42.46273989312706,0.9038041300088231
2010-02-26,56.25,57.029998779296875,56.099998474121094,56.61000061035156,41.33606719970703,6351700,0.006379570493023985,46.08734003828781,0.9056752853778915
2010-03-01,56.7400016784668,57.09000015258789,56.720001220703125,56.900001525878906,41.547828674316406,5638400,0.005109845118714846,48.8810935803538,0.8752698751534942
2010-03-02,56.90999984741211,57.02000045776367,56.470001220703125,56.869998931884766,41.52592086791992,7219100,-0.0005274303140297842,48.600501950803995,0.8520362581468551
2010-03-03,56.869998931884766,57.16999816894531,56.66999816894531,56.900001525878906,41.547828674316406,5655600,0.0005274303140297969,48.916293773417166,0.8268908111363655
2010-03-04,57.0099983215332,57.08000183105469,56.369998931884766,56.77000045776367,41.452903747558594,6127000,-0.002287328445767848,47.553010585159996,0.8185416745673338
2010-03-05,56.75,57.2599983215332,56.209999084472656,57.2400016784668,41.79609680175781,6529100,0.008245023871351643,52.687010178409,0.8350743576025633
2010-03-08,57.25,58.099998474121094,57.20000076293945,57.61000061035156,42.06626892089844,4409300,0.006443249042764954,56.31259629399664,0.8397117400010689
2010-03-09,57.27000045776367,57.93000030517578,57.2599983215332,57.7599983215332,42.175804138183594,5095400,0.002600488687793065,57.726954130455596,0.827589614546891
2010-03-10,57.97999954223633,57.9900016784668,57.5,57.779998779296875,42.19040298461914,4620700,0.0003460827997165101,57.9224792937048,0.80347619054117
2010-03-11,57.43000030517578,57.7400016784668,57.08000183105469,57.4900016784668,41.9786491394043,4346900,-0.005031642548566156,54.01957645750458,0.7932278803176657
2010-03-12,57.720001220703125,57.75,57.15999984741211,57.43000030517578,41.93484115600586,3601400,-0.0010441226368762349,53.22061265084769,0.7787116140512531
2010-03-15,57.27000045776367,57.75,56.529998779296875,56.88999938964844,41.54053497314453,7051800,-0.00944731569600659,46.54738114556284,0.8102323002406725
2010-03-16,57.290000915527344,57.540000915527344,56.709999084472656,57.41999816894531,41.92753219604492,6256500,0.0092730072502209,52.802483412238885,0.8116444095845308
2010-03-17,57.36000061035156,57.43000030517578,56.900001525878906,57.43000030517578,41.93484115600586,5348600,0.00017430844578568677,52.91455216785311,0.7915268645639839
2010-03-18,57.40999984741211,58.439998626708984,57.15999984741211,58.310001373291016,42.5774040222168,6442600,0.015206677970941057,61.556847785527054,0.8264177156163333
2010-03-19,58.91999816894531,60.130001068115234,57.650001525878906,60.0,43.81142807006836,18901000,0.028571007653672046,72.13472335093655,0.9445307032320471
2010-03-22,59.61000061035156,60.38999938964844,59.5,60.09000015258789,43.87714767456055,8837000,0.0014989322437729286,72.56763445289423,0.9406356094046464
2010-03-23,59.88999938964844,60.08000183105469,59.61000061035156,60.060001373291016,43.855228424072266,5024800,-0.0004996844248174663,72.16493869632693,0.9070188673545377
2010-03-24,59.790000915527344,60.0,58.959999084472656,59.06999969482422,43.13234329223633,9367100,-0.016620805914819316,60.28368761620587,0.9165175850811667
2010-03-25,59.400001525878906,59.790000915527344,59.0,59.2599983215332,43.27107620239258,8863000,0.003211285622481158,61.5906636311265,0.9074806801130365
2010-03-26,59.34000015258789,59.91999816894531,59.0,59.40999984741211,43.380615234375,5627100,0.0025282620227011997,62.63616412209547,0.9083747864581991
2010-03-29,59.70000076293945,60.150001525878906,59.61000061035156,59.90999984741211,43.745704650878906,4268700,0.008380740834123256,65.96176061845159,0.8963481358873847
2010-03-30,59.810001373291016,60.27000045776367,59.560001373291016,60.09000015258789,43.87714767456055,4360400,0.0030002018603313045,67.0972252307665,0.8830374893577613
2010-03-31,60.0,60.220001220703125,59.689998626708984,59.84000015258789,43.6945915222168,4975100,-0.004169299787050768,63.90855834007314,0.8578207111175027
2010-04-01,59.95000076293945,60.939998626708984,59.95000076293945,60.79999923706055,44.39556884765625,5916500,0.015915333080783862,69.83621006574101,0.8751191227606163
2010-04-05,60.7400016784668,60.88999938964844,60.27000045776367,60.41999816894531,44.11809158325195,3679800,-0.006269725418869231,65.26661560327375,0.8568962519837698
2010-04-06,60.25,60.4900016784668,59.84000015258789,60.290000915527344,44.02317810058594,3947200,-0.0021536680760963177,63.73048062259208,0.8421180572619938
2010-04-07,60.290000915527344,60.7599983215332,60.08000183105469,60.349998474121094,44.066986083984375,4573500,0.0009946169907940289,64.14989064726493,0.8305379453488883
2010-04-08,60.40999984741211,60.83000183105469,59.869998931884766,60.52000045776367,44.191123962402344,4367700,0.002813066362169776,65.3718643409093,0.8397854420503907
2010-04-09,60.2599983215332,60.91999816894531,60.2599983215332,60.900001525878906,44.46858596801758,3585500,0.006259052993686743,67.99752627172981,0.826943613861942
2010-04-12,60.65999984741211,60.900001525878906,60.16999816894531,60.369998931884766,44.08159637451172,5588600,-0.008740626999345478,61.04503441502042,0.8200193097956314
2010-04-13,59.93000030517578,60.900001525878906,59.93000030517578,60.68000030517578,44.307952880859375,4710500,0.005121804627047701,63.402152283543785,0.830732303431881
2010-04-14,60.41999816894531,61.20000076293945,60.380001068115234,61.13999938964844,44.64383316040039,5183600,0.007551998466444793,66.62890130867297,0.8299656885313337
2010-04-15,60.869998931884766,61.06999969482422,60.45000076293945,60.63999938964844,44.27875518798828,4636700,-0.00821118751556669,60.39582599733625,0.8149680630565789
2010-04-16,60.68000030517578,61.060001373291016,60.040000915527344,60.720001220703125,44.33716583251953,7315800,0.0013182880077943575,61.02406844761591,0.8296132341070855
2010-04-19,60.59000015258789,61.2599983215332,60.15999984741211,61.06999969482422,44.59273910522461,4270300,0.005747762273967339,63.734788405383206,0.8489264655366576
2010-04-20,61.099998474121094,61.099998474121094,59.900001525878906,60.18000030517578,43.94286346435547,7220000,-0.014680813007909826,53.53826835846321,0.8740029285870526
2010-04-21,59.849998474121094,60.0,58.11000061035156,58.709999084472656,42.86946487426758,13763400,-0.024730434423764054,41.67793135724311,0.9465741043771515
2010-04-22,57.810001373291016,58.72999954223633,57.029998779296875,58.15999984741211,42.46786880493164,10389400,-0.009412036131913049,38.2626905517245,1.0003902942744587
2010-04-23,58.09000015258789,59.0,57.7599983215332,58.880001068115234,42.99361038208008,7107600,0.012303747008806121,44.65636355556544,1.01750539314534
2010-04-26,58.97999954223633,59.20000076293945,58.40999984741211,58.43000030517578,42.66502380371094,6157000,-0.007672038976876873,41.74642266072153,1.001255073315483
2010-04-27,58.20000076293945,58.91999816894531,57.779998779296875,57.84000015258789,42.23421859741211,6178400,-0.010148710205671187,38.22911124810849,1.01116538162498
2010-04-28,57.91999816894531,58.560001373291016,57.779998779296875,58.18000030517578,42.48247528076172,6236100,0.005860884853234961,41.29845665517824,0.9946537539370628
2010-04-29,58.380001068115234,59.04999923706055,58.06999969482422,58.59000015258789,42.781856536865234,4342600,0.00702245546407619,44.85691059521856,0.9936070245298675
2010-04-30,58.810001373291016,59.029998779296875,57.290000915527344,57.310001373291016,41.84720993041992,8187900,-0.022088973637521908,37.26253987336016,1.046920655904129
2010-05-03,57.45000076293945,57.95000076293945,57.130001068115234,57.59000015258789,42.051658630371094,5912300,0.004873703499155012,39.66871169590801,1.0307120158269927
2010-05-04,57.11000061035156,57.22999954223633,55.90999984741211,56.83000183105469,41.49671173095703,7686400,-0.013284641184197471,35.669714524870244,1.0513754214696518
2010-05-05,56.939998626708984,57.349998474121094,56.29999923706055,56.599998474121094,41.32877731323242,5988200,-0.00405514412993786,34.535129476580536,1.051277122583287
2010-05-06,56.43000030517578,56.4900016784668,52.79999923706055,54.75,39.97792434692383,9744800,-0.03323163412984092,27.074830663802274,1.239757502499213
2010-05-07,54.529998779296875,55.279998779296875,53.52000045776367,54.459999084472656,39.76615524291992,10580700,-0.005311230699812184,26.12215866799299,1.2769175610016408
2010-05-10,55.29999923706055,56.95000076293945,55.15999984741211,55.58000183105469,40.583984375,8395700,0.020357335521226337,35.553276168610154,1.3635664265348661
2010-05-11,55.290000915527344,56.7400016784668,55.0,55.93000030517578,40.83954620361328,5909600,0.00627736640759279,38.20788252552343,1.3904546588157183
2010-05-12,55.91999816894531,56.84000015258789,55.52000045776367,56.599998474121094,41.32877731323242,5446800,0.011908162900833907,43.044458687238894,1.3854221613877542
2010-05-13,56.36000061035156,56.5099983215332,55.779998779296875,55.880001068115234,40.803035736083984,4741100,-0.012802560630443592,39.469209451085035,1.3386062600197952
2010-05-14,55.70000076293945,55.880001068115234,54.209999084472656,54.689998626708984,39.93410873413086,5717100,-0.02152566973138913,34.3857106126527,1.3622773831357082
2010-05-17,55.380001068115234,55.380001068115234,53.880001068115234,54.810001373291016,40.02173614501953,5898400,0.0021918959421732796,35.29084157763785,1.372114712911729
2010-05-18,54.93000030517578,55.349998474121094,54.560001373291016,54.66999816894531,39.91950225830078,4389400,-0.0025577272630477347,34.68959611505055,1.3305348834773254
2010-05-19,54.5,55.7599983215332,54.34000015258789,55.2599983215332,40.350311279296875,5816900,0.01073412628082529,39.376693897043445,1.3369251181536101
2010-05-20,54.18000030517578,54.7400016784668,52.84000015258789,52.939998626708984,38.65626525878906,7296300,-0.04289024484403954,30.198907024288104,1.3771448615625599
2010-05-21,52.189998626708984,53.4900016784668,51.81999969482422,52.439998626708984,38.29117202758789,10539300,-0.009489490067656484,28.649115784562,1.3980632274254183
2010-05-24,52.0099983215332,53.150001525878906,51.630001068115234,52.65999984741211,38.45182418823242,7187300,0.00418676369802361,30.343116119755862,1.4067730295924363
2010-05-25,51.95000076293945,52.65999984741211,51.16999816894531,52.54999923706055,38.37151336669922,8788100,-0.002090793067452343,29.960176169765035,1.412717933083462
2010-05-26,52.439998626708984,52.439998626708984,50.31999969482422,50.36000061035156,36.77238464355469,11039900,-0.042568198709613855,23.579125074361002,1.4632380044264122
2010-05-27,51.029998779296875,51.45000076293945,50.65999984741211,51.43000030517578,37.55368423461914,7325700,0.021024342656890023,31.280156211991198,1.4365781578665178
2010-05-28,51.75,52.22999954223633,51.459999084472656,51.779998779296875,37.80924987792969,11169800,0.006782289622236983,33.635960683005834,1.3911082349518054
2010-06-01,51.720001220703125,52.38999938964844,50.75,50.7599983215332,37.06446075439453,7269600,-0.019895199099573952,30.368597892130452,1.4088861745729933
2010-06-02,53.58000183105469,56.31999969482422,53.310001373291016,56.09000015258789,40.956363677978516,26218700,0.09984862004147235,54.979121163591834,1.7053944030528518
2010-06-03,55.88999938964844,56.029998779296875,54.939998626708984,55.63999938964844,40.62778854370117,10172900,-0.008054920027271845,53.26739402428407,1.661437670876783
2010-06-04,54.81999969482422,55.36000061035156,54.150001525878906,54.34000015258789,39.67854690551758,10356200,-0.023641617948458097,48.56334237103204,1.6291920575622025
2010-06-07,54.16999816894531,54.209999084472656,53.20000076293945,53.5099983215332,39.072486877441406,9955400,-0.015392102538840642,45.783361229199514,1.584963933560131
2010-06-08,53.52000045776367,53.88999938964844,52.959999084472656,53.81999969482422,39.29883575439453,7986100,0.005776334983652374,47.00355115740183,1.5381808172469633
2010-06-09,53.79999923706055,54.060001373291016,52.939998626708984,53.150001525878906,38.80962371826172,6267100,-0.012526644016581436,44.663880276533725,1.5083109550566112
2010-06-10,53.61000061035156,54.290000915527344,53.279998779296875,54.0099983215332,39.437583923339844,6195300,0.016051018458080747,48.22636054023656,1.4820029860988844
2010-06-11,53.630001068115234,54.459999084472656,53.529998779296875,54.099998474121094,39.503299713134766,4252400,0.0016649371516533468,48.59929723209865,1.4425742231758056
2010-06-14,54.209999084472656,54.81999969482422,54.029998779296875,54.06999969482422,39.48139572143555,4265400,-0.0005546388990986614,48.47396200422705,1.3959618440580583
2010-06-15,54.15999984741211,55.15999984741211,54.08000183105469,55.119998931884766,40.24809265136719,4855600,0.019233048637735305,53.039203551208224,1.374107437524475
2010-06-16,54.880001068115234,55.52000045776367,54.70000076293945,55.220001220703125,40.321109771728516,4742700,0.001812532286666845,53.46209557638469,1.3345283130458854
2010-06-17,55.189998626708984,55.45000076293945,54.5099983215332,55.439998626708984,40.48175048828125,5723700,0.0039761198470846925,54.434278322935654,1.3063478936430541
2010-06-18,55.439998626708984,55.81999969482422,54.599998474121094,55.20000076293945,40.30651092529297,10851900,-0.0043382500071682765,53.13037562345328,1.3001802741473447
2010-06-21,56.86000061035156,58.31999969482422,56.310001373291016,56.52000045776367,41.270355224609375,10162100,0.023631433735219105,58.954112800435254,1.430167321128589
2010-06-22,56.34000015258789,57.20000076293945,56.040000915527344,56.119998931884766,40.978275299072266,5819800,-0.007102395541021715,56.65668961647922,1.4108696444345548
2010-06-23,55.7599983215332,56.63999938964844,55.369998931884766,56.20000076293945,41.03669738769531,5859200,0.0014246690961587927,57.017499661510065,1.400807559672349
2010-06-24,55.90999984741211,56.779998779296875,55.720001220703125,56.150001525878906,41.00019073486328,9048100,-0.000890005851691158,56.69987205576676,1.3764639881667349
2010-06-25,56.61000061035156,57.08000183105469,55.5,56.2599983215332,41.08050537109375,33297400,0.001956968341464929,57.2639150000573,1.3910024055158743
2010-06-28,56.04999923706055,56.09000015258789,55.0,55.40999984741211,40.459842681884766,6204700,-0.015223743610890055,51.66312500177654,1.3695022445924467
2010-06-29,54.83000183105469,54.959999084472656,53.83000183105469,54.119998931884766,39.51789474487305,8307300,-0.023556342658843137,44.54277323956163,1.3523947452228413
2010-06-30,53.869998931884766,54.4900016784668,52.599998474121094,52.599998474121094,38.408023834228516,8538100,-0.02848720905285594,37.91247366235761,1.3907953494459029
2010-07-01,52.59000015258789,52.59000015258789,51.0,52.02000045776367,37.984500885009766,9754700,-0.011088186705107847,35.72701880509936,1.4050242639560448
2010-07-02,52.0099983215332,52.5,51.40999984741211,51.70000076293945,37.7508430480957,5238100,-0.006170397231535507,34.543924190457986,1.3825225417154623
2010-07-06,52.040000915527344,52.2400016784668,50.75,51.29999923706055,37.45876693725586,6093000,-0.007767028155796171,33.06973318068786,1.3901996229119862
2010-07-07,51.7599983215332,51.900001525878906,50.560001373291016,51.400001525878906,37.53178787231445,7568900,0.0019474708067581704,33.830022881058696,1.3866139464602651
2010-07-08,51.5099983215332,52.2599983215332,51.02000045776367,52.22999954223633,38.13785171508789,6758600,0.01601902179382455,39.92925596738127,1.3761413691252127
2010-07-09,52.349998474121094,52.61000061035156,51.900001525878906,52.560001373291016,38.378814697265625,4810900,0.006298334468528966,42.21003552197649,1.3285597773643159
2010-07-12,52.2400016784668,52.560001373291016,51.900001525878906,52.439998626708984,38.29117202758789,4254900,-0.00228623250365,41.59148569987954,1.2808054966534441
2010-07-13,52.65999984741211,53.290000915527344,52.540000915527344,52.7599983215332,38.52484893798828,3907400,0.006084085800851014,43.949900771851794,1.250033838950938
2010-07-14,52.29999923706055,53.0,52.279998779296875,52.619998931884766,38.42259979248047,4083000,-0.0026576373194234027,43.12927563649129,1.2121743662189512
2010-07-15,52.540000915527344,53.220001220703125,52.290000915527344,52.91999816894531,38.64168167114258,4685300,0.005685707170536229,45.47830122506013,1.1920190761444391
2010-07-16,52.90999984741211,53.130001068115234,51.93000030517578,52.16999816894531,38.094024658203125,8027500,-0.014274093192157306,40.92737534321872,1.1925891966297972
2010-07-19,52.459999084472656,53.61000061035156,52.310001373291016,53.599998474121094,39.13819122314453,7830300,0.02704131118414285,50.99605233388809,1.2102615712566869
2010-07-20,52.959999084472656,53.20000076293945,52.08000183105469,53.20000076293945,38.846126556396484,5630400,-0.007490378594199358,48.5056343117251,1.203814239872978
2010-07-21,53.099998474121094,53.310001373291016,52.09000015258789,52.25,38.1524543762207,6019900,-0.018018278749522783,43.11958632332509,1.2049704527894174
2010-07-22,52.619998931884766,53.83000183105469,52.619998931884766,53.310001373291016,38.92645263671875,5049300,0.020083945330678064,49.81561122250977,1.2317584083797937
2010-07-23,53.02000045776367,53.18000030517578,51.61000061035156,52.75,38.51754379272461,8760900,-0.010560215456411587,46.68855325038924,1.2559185002686812
2010-07-26,52.58000183105469,53.88999938964844,52.58000183105469,53.66999816894531,39.18931198120117,4091300,0.017290235649181283,52.01738486327286,1.2597812901490433
2010-07-27,53.91999816894531,55.060001373291016,53.779998779296875,54.5099983215332,39.802677154541016,7667700,0.015530119138767217,56.31140403499496,1.2690828554488047
2010-07-28,54.599998474121094,54.68000030517578,52.7599983215332,53.7599983215332,39.25502395629883,4945400,-0.013854740293810064,51.849730713490224,1.315577078891217
2010-07-29,54.13999938964844,54.400001525878906,52.83000183105469,53.369998931884766,38.97025680541992,5908400,-0.00728072577149625,49.6469904753805,1.3337501228864315
2010-07-30,53.209999084472656,55.040000915527344,52.43000030517578,54.529998779296875,39.817298889160156,7205400,0.021502754163345777,55.678561042337606,1.4249108719910837
2010-08-02,55.25,55.34000015258789,54.68000030517578,54.869998931884766,40.06554412841797,5526600,0.006215252963203373,57.29315417703626,1.380988764941079
2010-08-03,54.52000045776367,55.279998779296875,54.4900016784668,54.709999084472656,39.94871520996094,3964700,-0.0029202045346797974,56.25452428604964,1.3387750746474363
2010-08-04,55.0099983215332,55.959999084472656,54.68000030517578,55.7599983215332,40.71540832519531,4815700,0.01901009198851975,61.22264518545142,1.3345767678366818
2010-08-05,55.380001068115234,55.61000061035156,55.16999816894531,55.31999969482422,40.39411926269531,3067400,-0.007922392165506177,58.237792000494245,1.2706786016630793
2010-08-06,54.709999084472656,56.0,54.52000045776367,55.939998626708984,40.846839904785156,3474200,0.011145248234456888,61.11463464274873,1.2856300974183112
2010-08-09,55.970001220703125,56.0,55.41999816894531,55.65999984741211,40.64239501953125,3318100,-0.005017725700719715,59.13357554430506,1.235228078392338
2010-08-10,55.369998931884766,56.130001068115234,54.83000183105469,55.720001220703125,40.686195373535156,4151200,0.0010771208016010394,59.43694296829275,1.2398545897257816
2010-08-11,54.75,54.900001525878906,53.5,53.689998626708984,39.20390319824219,5466100,-0.03711254167933303,46.78058316758505,1.251293656593862
2010-08-12,53.630001068115234,54.97999954223633,53.040000915527344,54.75,39.97792434692383,6232300,0.019551097215713097,52.47182665377107,1.300486868744942
2010-08-13,54.38999938964844,55.36000061035156,54.18000030517578,55.02000045776367,40.17508316040039,5511900,0.004919571136437051,53.82632824108733,1.291880685632859
2010-08-16,54.380001068115234,54.599998474121094,53.56999969482422,54.08000183105469,39.488704681396484,5639300,-0.017232307994942096,48.63034338458382,1.2731748351802887
2010-08-17,53.88999938964844,54.380001068115234,53.689998626708984,53.959999084472656,39.40108108520508,4999100,-0.0022214189422106417,47.99340592523748,1.2315196641964288
2010-08-18,53.689998626708984,54.29999923706055,53.150001525878906,54.13999938964844,39.532501220703125,5547500,0.0033298946555619657,49.07081760674435,1.2256966675525154
2010-08-19,53.90999984741211,53.9900016784668,52.290000915527344,52.720001220703125,38.495635986328125,4895600,-0.026578265429240744,41.726084970539944,1.2595755315087251
2010-08-20,52.54999923706055,52.66999816894531,52.06999969482422,52.34000015258789,38.218170166015625,4386200,-0.007233822545598823,40.0006766144637,1.2124628845524656
2010-08-23,52.470001220703125,52.970001220703125,51.93000030517578,51.95000076293945,37.933387756347656,3466100,-0.00747939359426542,38.252318576004285,1.2001441724792428
2010-08-24,51.70000076293945,51.70000076293945,50.90999984741211,51.060001373291016,37.28350830078125,5937600,-0.0172805755544614,34.54197186326259,1.170848225554107
2010-08-25,50.880001068115234,52.02000045776367,50.709999084472656,51.84000015258789,37.85306930541992,5125900,0.015160975717966912,40.03192874781825,1.1807877361067436
2010-08-26,51.959999084472656,52.06999969482422,50.72999954223633,50.93000030517578,37.188594818115234,5266500,-0.017709944528586617,36.21576958027249,1.1921600515696826
2010-08-27,51.0,52.40999984741211,50.2599983215332,52.08000183105469,38.02830505371094,7091200,0.022328628923412763,43.540517425626994,1.2605772997346274
2010-08-30,51.720001220703125,52.58000183105469,51.630001068115234,51.630001068115234,37.699729919433594,4689400,-0.008677821795480583,41.530779749243344,1.238393261392115
2010-08-31,51.38999938964844,51.65999984741211,50.849998474121094,51.040000915527344,37.2689094543457,6636000,-0.011493478107455659,38.989569803531104,1.207793840813465
2010-09-01,51.61000061035156,52.75,51.279998779296875,52.59000015258789,38.40070724487305,4772000,0.029916424879215843,47.992672400061714,1.2436656439319786
2010-09-02,52.59000015258789,52.65999984741211,52.18000030517578,52.5099983215332,38.342281341552734,3272800,-0.0015226385024746628,47.60215891164072,1.1891180652394322
2010-09-03,52.56999969482422,53.06999969482422,52.56999969482422,52.90999984741211,38.63437271118164,5355300,0.0075891262132634,49.801292508185604,1.1441811586716883
2010-09-07,52.650001525878906,52.869998931884766,52.310001373291016,52.5099983215332,38.342281341552734,2760100,-0.007589126213263331,47.647693769333074,1.1024537586661214
2010-09-08,52.470001220703125,53.13999938964844,52.2599983215332,52.939998626708984,38.65626525878906,4900300,0.008155625566041649,50.14354629016196,1.0865642807696294
2010-09-09,53.33000183105469,53.900001525878906,53.18000030517578,53.790000915527344,39.27693557739258,5580900,0.015928601287907844,54.73724342315474,1.077524182083936
2010-09-10,53.86000061035156,54.619998931884766,53.70000076293945,54.349998474121094,39.68584442138672,4862800,0.010357094805381216,57.51459552552737,1.066272324002606
2010-09-13,54.7400016784668,54.75,54.099998474121094,54.400001525878906,39.722347259521484,6323600,0.0009193721688715376,57.76374510374384,1.036538695565199
2010-09-14,54.20000076293945,54.970001220703125,54.119998931884766,54.52000045776367,39.80997848510742,6371300,0.0022036639876403417,58.394539274162824,1.0232146665118533
2010-09-15,54.220001220703125,55.40999984741211,54.06999969482422,55.29999923706055,40.379520416259766,5081600,0.014205139477238508,62.33208287913653,1.0458422012315702
2010-09-16,55.20000076293945,55.220001220703125,54.77000045776367,55.099998474121094,40.233482360839844,4061600,-0.0036231925408741618,60.744604672107286,1.003282098496419
2010-09-17,55.189998626708984,55.43000030517578,55.0,55.220001220703125,40.321109771728516,6500700,0.0021756039756992327,61.38017707645265,0.9623333989735163
2010-09-20,55.189998626708984,56.08000183105469,54.970001220703125,55.939998626708984,40.846839904785156,6304000,0.012954312316954967,65.03759470350346,0.972881056929091
2010-09-21,55.880001068115234,56.0,55.34000015258789,55.75,40.70811080932617,5147500,-0.0034021044228969006,63.33314305832701,0.9505323991064494
2010-09-22,55.5099983215332,56.84000015258789,55.5099983215332,56.27000045776367,41.08782196044922,5071000,0.009284419551612095,65.96249326432601,0.9776373585313235
2010-09-23,55.88999938964844,56.439998626708984,55.65999984741211,55.720001220703125,40.686195373535156,4592400,-0.009822920027833866,60.98138670666416,0.9635203171574344
2010-09-24,55.779998779296875,56.369998931884766,55.29999923706055,56.31999969482422,41.12431716918945,5286500,0.010710750256407357,64.16078102707705,0.9711259869907761
2010-09-27,55.939998626708984,56.43000030517578,55.63999938964844,55.689998626708984,40.6642951965332,4416800,-0.011249165633562142,58.74784488870675,0.9581884818862453
2010-09-28,55.900001525878906,56.5,55.18000030517578,56.0,40.89065933227539,4609400,0.005551219257088618,60.51318774171606,0.9840321399532435
2010-09-29,55.970001220703125,55.9900016784668,54.06999969482422,54.939998626708984,40.11665344238281,8491000,-0.019110112867224652,52.27555537861952,1.050887128788196
2010-09-30,55.02000045776367,55.56999969482422,54.650001525878906,55.11000061035156,40.24079895019531,6269000,0.003089834306216262,53.37196025779905,1.0415379173708472
2010-10-01,55.56999969482422,55.72999954223633,54.86000061035156,55.5099983215332,40.532875061035156,4586600,0.007231994518551758,55.93677537079938,1.02928513269327
2010-10-04,55.31999969482422,55.61000061035156,54.68000030517578,55.04999923706055,40.19697952270508,4844300,-0.00832151818906667,52.369164852359994,1.0221933592991637
2010-10-05,55.2400016784668,56.25,55.20000076293945,56.119998931884766,40.978275299072266,5601900,0.01925019896786708,58.930540743001515,1.034893888130613
2010-10-06,55.880001068115234,56.11000061035156,55.31999969482422,55.83000183105469,40.76652145385742,4666300,-0.0051808635478338486,56.652677359507,1.017401532944665
2010-10-07,55.970001220703125,56.27000045776367,54.15999984741211,55.959999084472656,40.861446380615234,5906400,0.002325795240677163,57.44673815000892,1.095444324188015
2010-10-08,56.099998474121094,56.65999984741211,55.88999938964844,56.38999938964844,41.17543029785156,4481900,0.007654739261311092,60.053391066540165,1.0721983337291332
2010-10-11,56.279998779296875,56.349998474121094,55.86000061035156,56.099998474121094,40.96366882324219,4345600,-0.005156178873053188,57.49535116234548,1.0306125858748758
2010-10-12,55.77000045776367,56.119998931884766,55.47999954223633,55.939998626708984,40.846839904785156,6272500,-0.00285608779826027,56.07617518896781,1.0027116432872731
2010-10-13,55.88999938964844,56.099998474121094,55.439998626708984,55.4900016784668,40.51826477050781,8059000,-0.008076605363168626,52.17550524808544,0.97823222929619
2010-10-14,55.11000061035156,55.5,54.599998474121094,54.86000061035156,40.058258056640625,9063400,-0.011418008505230408,47.22296275511439,0.9726443219092412
2010-10-15,55.2599983215332,56.810001373291016,55.02000045776367,56.709999084472656,41.409095764160156,11232400,0.03316571521479618,59.40797462758614,1.042455496268542
2010-10-18,56.369998931884766,57.959999084472656,56.209999084472656,57.959999084472656,42.321834564208984,10188400,0.02180257527827635,65.24655004306932,1.0929943893922176
2010-10-19,57.66999816894531,58.7400016784668,56.849998474121094,57.33000183105469,41.8618278503418,8711800,-0.010928754562943467,60.52178473728377,1.1499235904603238
2010-10-20,57.83000183105469,58.36000061035156,57.16999816894531,57.72999954223633,42.15388488769531,6176700,0.006952466491314275,62.38421902735266,1.1527863655278898
2010-10-21,57.810001373291016,57.9900016784668,56.95000076293945,57.619998931884766,42.073570251464844,4702900,-0.0019070898067558835,61.5246430775878,1.1447302619564224
2010-10-22,57.59000015258789,57.790000915527344,57.25,57.54999923706055,42.0224609375,3728000,-0.0012154989845494261,60.949114423136066,1.1015353086400597
2010-10-25,57.97999954223633,58.41999816894531,57.720001220703125,57.95000076293945,42.31454086303711,5179400,0.0069265230457225616,63.07492968359201,1.0849969960146815
2010-10-26,57.11000061035156,57.5,56.599998474121094,57.2599983215332,41.81071090698242,7050800,-0.011978234108931084,57.28222398815522,1.0717830338621261
2010-10-27,56.75,57.18000030517578,56.459999084472656,57.029998779296875,41.64274597167969,5668700,-0.004025361402320815,55.45380645874747,1.046655761493626
2010-10-28,57.36000061035156,57.630001068115234,56.90999984741211,57.27000045776367,41.81800079345703,4181300,0.004199700725379799,56.996210876971844,1.0233232942943045
2010-10-29,56.95000076293945,57.459999084472656,56.79999923706055,57.189998626708984,41.75957489013672,3384000,-0.0013981241346085922,56.29638768095675,0.9973716195170048
2010-11-01,57.02000045776367,57.95000076293945,56.90999984741211,57.43000030517578,41.93484115600586,4081600,0.00418824887849537,57.96380138154667,1.000416569232029
2010-11-02,57.61000061035156,57.849998474121094,57.209999084472656,57.34000015258789,41.86912155151367,4076500,-0.0015684131356324845,57.08432497938207,0.9746724849760583
2010-11-03,57.2599983215332,57.720001220703125,57.06999969482422,57.29999923706055,41.83988952636719,4425800,-0.0006984200615522354,56.672428763065426,0.9514817021834047
2010-11-04,56.9900016784668,57.400001525878906,55.650001525878906,56.0099983215332,40.8979606628418,9590100,-0.022769979108570666,45.323847178461435,1.0085187234560187
2010-11-05,56.02000045776367,56.09000015258789,54.880001068115234,55.41999816894531,40.467132568359375,6902400,-0.010590097149004706,41.25461140494978,1.02291017781435
2010-11-08,55.130001068115234,55.43000030517578,54.9900016784668,55.290000915527344,40.37222671508789,4527900,-0.0023480120999305205,40.3942531392018,0.9812736384496809
2010-11-09,55.18000030517578,55.439998626708984,54.75,54.93000030517578,40.1093635559082,7671600,-0.006532278823171832,38.02866403165804,0.9604682804682024
2010-11-10,54.7599983215332,54.939998626708984,53.970001220703125,54.70000076293945,39.94142532348633,6174200,-0.00419579822130978,36.55574163351957,0.9611489322923207
2010-11-11,54.279998779296875,54.81999969482422,54.09000015258789,54.619998931884766,39.882991790771484,5385900,-0.0014640518594364075,36.03278713579514,0.9446382615740355
2010-11-12,54.279998779296875,54.70000076293945,54.22999954223633,54.470001220703125,39.773475646972656,5015300,-0.002749713019548428,35.021569597627575,0.9107356157975419
2010-11-15,54.31999969482422,54.83000183105469,54.22999954223633,54.5099983215332,39.802677154541016,3929700,0.000733926128647484,35.541017499053055,0.8885403781561718
2010-11-16,54.08000183105469,54.56999969482422,53.7599983215332,54.029998779296875,39.45218276977539,6811400,-0.008844799424100594,32.21245247576918,0.8829304492372321
2010-11-17,53.75,54.060001373291016,53.439998626708984,53.869998931884766,39.335350036621094,5871700,-0.0029657691928924026,31.16470093700228,0.8641498990475748
2010-11-18,54.0,55.43000030517578,53.90999984741211,55.13999938964844,40.2627067565918,8362700,0.023302043258408362,46.139793104006,0.9138535757792491
2010-11-19,55.529998779296875,55.58000183105469,54.720001220703125,55.0,40.16047286987305,9153900,-0.002542399896692533,44.97809810469903,0.9100069353915572
2010-11-22,54.9900016784668,55.08000183105469,54.060001373291016,54.7400016784668,39.970619201660156,5289800,-0.004738585698899691,42.82188792731169,0.9178636155609939
2010-11-23,54.279998779296875,54.33000183105469,53.5099983215332,53.599998474121094,39.13819122314453,7065900,-0.02104591636431637,34.91783748775062,0.9108736079867432
2010-11-24,53.75,54.25,53.720001220703125,53.83000183105469,39.306156158447266,4303700,0.00428240396156963,37.4275484344548,0.8922398878361835
2010-11-26,53.529998779296875,53.900001525878906,53.369998931884766,53.560001373291016,39.109004974365234,1755400,-0.005028405136082929,35.68795087948867,0.8663657954188947
2010-11-29,53.08000183105469,53.58000183105469,52.189998626708984,53.31999969482422,38.933753967285156,6368500,-0.004491161102760463,34.16768758184658,0.9037684674850953
2010-11-30,52.61000061035156,53.029998779296875,52.41999816894531,52.689998626708984,38.47372817993164,6027300,-0.011885962195571228,30.495391042226274,0.8827850491184144
2010-12-01,53.31999969482422,53.77000045776367,53.0,53.52000045776367,39.07978820800781,5721000,0.015629784286483494,39.69177049771328,0.8968719621138624
2010-12-02,53.349998474121094,53.91999816894531,53.189998626708984,53.84000015258789,39.313453674316406,3971400,0.0059613852597509565,42.8324007293023,0.8849525035511814
2010-12-03,54.0,54.25,53.459999084472656,53.72999954223633,39.23312759399414,7120600,-0.002045311381540751,42.02224921454901,0.8781702472637644
2010-12-06,53.400001525878906,53.63999938964844,53.150001525878906,53.400001525878906,38.99217987060547,4075000,-0.0061603717057426635,39.60251569052956,0.8504436484427477
2010-12-07,53.619998931884766,53.720001220703125,52.97999954223633,53.130001068115234,38.795013427734375,5837200,-0.005069391419192494,37.68998224882141,0.8425549363016084
2010-12-08,53.040000915527344,53.54999923706055,53.0,53.279998779296875,38.904541015625,4666400,0.0028192609654241973,39.4396275154718,0.8216581006415326
2010-12-09,53.310001373291016,53.58000183105469,53.099998474121094,53.400001525878906,38.99217987060547,4701300,0.00225013045376826,40.87034965250392,0.7972541903766798
2010-12-10,53.31999969482422,54.0,53.290000915527344,53.88999938964844,39.34996795654297,6567800,0.009134050658692897,46.43411618271342,0.7910216828121067
2010-12-13,53.939998626708984,54.34000015258789,53.849998474121094,54.11000061035156,39.51060485839844,5523100,0.0040739527573001475,48.765070990377495,0.7695202539302989
2010-12-14,56.45000076293945,57.220001220703125,55.2400016784668,56.7599983215332,41.44559860229492,23617700,0.0478125769313157,67.2515787071416,0.9366974222461034
2010-12-15,56.529998779296875,56.95000076293945,55.349998474121094,55.66999816894531,40.64968490600586,14247900,-0.01939060565857759,57.98396830677527,0.9840763412869789
2010-12-16,55.70000076293945,56.79999923706055,55.63999938964844,56.630001068115234,41.35068893432617,12950800,0.0170979978046902,62.84097610387538,0.9966423060102024
2010-12-17,57.0,57.900001525878906,56.58000183105469,57.41999816894531,41.92753219604492,21618900,0.013853621742689443,66.29388024498638,1.0197392623540609
2010-12-20,57.560001373291016,57.97999954223633,57.439998626708984,57.650001525878906,42.09546661376953,6980600,0.003997349385745374,67.24804639788547,0.9869008417067004
2010-12-21,57.56999969482422,57.70000076293945,57.16999816894531,57.38999938964844,41.90562438964844,5598000,-0.004520001944409314,65.0076867417878,0.9542652525843748
2010-12-22,57.20000076293945,57.369998931884766,56.630001068115234,56.95000076293945,41.5843505859375,4411800,-0.007696142909942246,61.286591994739794,0.9389604390976002
2010-12-23,56.70000076293945,57.06999969482422,56.459999084472656,56.709999084472656,41.409095764160156,4074800,-0.0042233475046875,59.292766814960615,0.9154633084728833
2010-12-27,56.529998779296875,56.66999816894531,56.0099983215332,56.439998626708984,41.21195602416992,2758400,-0.004772152129562744,57.04461744125114,0.8972159183971138
2010-12-28,56.380001068115234,56.560001373291016,55.939998626708984,55.959999084472656,40.861446380615234,4025200,-0.008541421806832242,53.18351802352468,0.8774149775531793
2010-12-29,56.150001525878906,56.369998931884766,55.869998931884766,55.869998931884766,40.79574203491211,3601700,-0.0016092731370727662,52.46661865931971,0.8504567648708095
2010-12-30,55.689998626708984,56.16999816894531,55.459999084472656,55.529998779296875,40.54747009277344,3414000,-0.006104325280160328,49.73832854113383,0.8404240734137984
2010-12-31,55.470001220703125,55.61000061035156,54.77000045776367,54.900001525878906,40.08745574951172,3997500,-0.01140992762334218,45.06257224403561,0.840393793354805
2011-01-03,55.20000076293945,56.279998779296875,55.18000030517578,55.54999923706055,40.562068939208984,5453300,0.01176990616020555,50.258170352217405,0.8789368976450309
2011-01-04,55.77000045776367,57.2400016784668,55.689998626708984,56.75,41.43830871582031,8429500,0.02137241694485805,58.13095127541385,0.9368701507708322
2011-01-05,56.459999084472656,57.15999984741211,56.400001525878906,56.72999954223633,41.423702239990234,4552000,-0.000352549396590277,57.96625309421831,0.9242364486824302
2011-01-06,56.68000030517578,57.18000030517578,56.06999969482422,56.54999923706055,41.292259216308594,3561400,-0.0031781806560126557,56.41718827404696,0.9375053173730824
2011-01-07,56.5,57.189998626708984,56.459999084472656,56.97999954223633,41.60624694824219,4680800,0.007575268794747162,59.220649107831356,0.9226834762918857
2011-01-10,56.470001220703125,56.95000076293945,56.209999084472656,56.439998626708984,41.21195602416992,4758900,-0.009521913999800026,54.481332193736854,0.9096347764472366
2011-01-11,56.54999923706055,56.880001068115234,56.09000015258789,56.189998626708984,41.02939224243164,5863900,-0.004439715191041618,52.390692218737605,0.9010895006672442
2011-01-12,56.29999923706055,56.91999816894531,56.04999923706055,56.849998474121094,41.511329650878906,4566400,0.011677699786087879,57.07361061967593,0.89886874575421
2011-01-13,56.720001220703125,57.0,56.22999954223633,56.31999969482422,41.12431716918945,4660300,-0.009366788454592188,52.59932303191194,0.8896638680406002
2011-01-14,56.04999923706055,57.279998779296875,56.04999923706055,56.5,41.255767822265625,5893700,0.0031913238412797453,53.920670858091206,0.9139735590545808
2011-01-18,56.400001525878906,57.34000015258789,56.349998474121094,57.290000915527344,41.83259582519531,10611900,0.013884911071453164,59.284344144566404,0.9194041390125962
2011-01-19,57.209999084472656,57.43000030517578,56.599998474121094,56.97999954223633,41.60624694824219,5771500,-0.005425517053387072,56.5048937784239,0.9130182598727455
2011-01-20,56.779998779296875,57.650001525878906,56.68000030517578,57.310001373291016,41.84720993041992,6313600,0.00577480336544823,58.723491323088474,0.9170884713606299
2011-01-21,57.40999984741211,57.40999984741211,56.7400016784668,56.970001220703125,41.598934173583984,6032900,-0.005950580272088881,55.5778545134538,0.8994391640452502
2011-01-24,57.060001373291016,57.869998931884766,56.810001373291016,57.290000915527344,41.83259582519531,5647800,0.005601293960027759,57.86541827573744,0.9109076207987145
2011-01-25,56.90999984741211,58.189998626708984,56.7400016784668,57.15999984741211,41.73768615722656,8944000,-0.0022713746207793525,56.59066490211714,0.9494140013303911
2011-01-26,57.27000045776367,57.470001220703125,56.31999969482422,56.47999954223633,41.24114227294922,6833600,-0.011968108505621317,50.34222821179892,0.9637416816552851
2011-01-27,56.459999084472656,56.869998931884766,56.060001373291016,56.47999954223633,41.24114227294922,4686000,0.0,50.34222821179892,0.9527599585794612
2011-01-28,56.61000061035156,56.61000061035156,55.11000061035156,55.290000915527344,40.37222671508789,6928300,-0.02129426593283523,41.12636178221157,0.9918485329666425
2011-01-31,55.220001220703125,55.459999084472656,54.849998474121094,55.08000183105469,40.21889114379883,6021300,-0.0038052768193167683,39.74368123090093,0.9645736813512797
2011-02-01,55.22999954223633,55.880001068115234,55.11000061035156,55.709999084472656,40.678890228271484,5615800,0.011372476090773494,45.64733820235577,0.9528183639019417
2011-02-02,55.13999938964844,55.650001525878906,54.790000915527344,55.630001068115234,40.6204833984375,5353400,-0.001436833699372129,45.04388210063523,0.946188524362629
2011-02-03,55.27000045776367,55.63999938964844,55.0,55.45000076293945,40.48905944824219,4227000,-0.0032406560461068767,43.645689033109164,0.9243178718830439
2011-02-04,55.619998931884766,55.619998931884766,54.7400016784668,55.20000076293945,40.30651092529297,4569900,-0.0045187832138020466,41.70904386879077,0.9211521134212529
2011-02-07,55.22999954223633,55.33000183105469,54.7599983215332,54.880001068115234,40.07286071777344,3861900,-0.005813702218389826,39.305069664353944,0.8960700702855552
2011-02-08,54.7599983215332,55.15999984741211,54.630001068115234,54.939998626708984,40.11665344238281,3399300,0.0010922308090188751,40.00305958488173,0.8699221209292209
2011-02-09,54.72999954223633,55.0,54.310001373291016,54.43000030517578,39.7442626953125,4502700,-0.009326049941322075,36.19164131359923,0.8570704427706326
2011-02-10,54.33000183105469,54.79999923706055,54.0,54.27000045776367,39.62743377685547,4522300,-0.002943845426565562,35.06294287343515,0.852993928077055
2011-02-11,54.11000061035156,54.11000061035156,53.54999923706055,53.7400016784668,39.24042892456055,6896900,-0.009814085110779337,31.552556382099155,0.8320658884494808
2011-02-14,53.61000061035156,54.08000183105469,53.34000015258789,53.86000061035156,39.32805633544922,5412600,0.00223060039739254,33.1837184963543,0.8254898734507178
2011-02-15,53.630001068115234,53.939998626708984,53.310001373291016,53.84000015258789,39.313453674316406,5143000,-0.00037137286145272233,33.042403505669284,0.81152611487695
2011-02-16,53.34000015258789,53.43000030517578,52.36000061035156,52.95000076293945,38.663578033447266,11461500,-0.016668772170087207,27.441544180136844,0.8299885134446121
2011-02-17,52.689998626708984,53.189998626708984,52.369998931884766,52.40999984741211,38.2692756652832,8918600,-0.010250648502870968,24.705287943067916,0.8292750264002983
2011-02-18,52.2599983215332,52.72999954223633,52.02000045776367,52.2400016784668,38.145137786865234,9877900,-0.0032490725771396646,23.897386754056242,0.8207553162626094
2011-02-22,51.970001220703125,52.540000915527344,51.619998931884766,51.880001068115234,37.88226318359375,6473900,-0.006915287054315193,22.238904915392865,0.8278443639326072
2011-02-23,51.88999938964844,52.18000030517578,51.06999969482422,51.06999969482422,37.290828704833984,8135500,-0.015735595478601105,19.03767473670436,0.8479983815339611
2011-02-24,51.06999969482422,51.2400016784668,50.61000061035156,50.95000076293945,37.20321273803711,8606600,-0.0023522957138653435,18.610291020586743,0.832427144861195
2011-02-25,51.18000030517578,52.369998931884766,51.04999923706055,52.2599983215332,38.159751892089844,7791100,0.025386223303652387,35.606444721531176,0.8743965037243463
2011-02-28,52.380001068115234,52.66999816894531,51.310001373291016,51.33000183105469,37.48067092895508,8054800,-0.01795598658333752,30.704322248722036,0.9090822388622
2011-03-01,52.16999816894531,52.4900016784668,51.7400016784668,51.90999984741211,37.90418243408203,6668500,0.011236102265046963,36.569510410184634,0.9270049251871936
2011-03-02,51.7400016784668,51.90999984741211,51.34000015258789,51.38999938964844,37.52448272705078,5437400,-0.010067867792002817,33.80677509326922,0.9015045515898382
2011-03-03,51.63999938964844,52.540000915527344,51.459999084472656,52.369998931884766,38.240074157714844,6527500,0.018890434783066404,42.60690935625389,0.9192543354676287
2011-03-04,52.11000061035156,52.529998779296875,51.959999084472656,52.31999969482422,38.203556060791016,5795700,-0.0009554255756135854,42.29786423922059,0.8943075754216708
2011-03-07,52.529998779296875,52.56999969482422,51.68000030517578,51.7400016784668,37.780052185058594,6334200,-0.011147358516136898,38.7844198130755,0.8939998478664399
2011-03-08,51.790000915527344,52.66999816894531,51.400001525878906,52.52000045776367,38.34958267211914,4298400,0.014962402310756646,45.357777650128284,0.9208567618092947
2011-03-09,52.75,52.79999923706055,52.08000183105469,52.47999954223633,38.32038497924805,4049200,-0.0007616461876008291,45.09046086989848,0.9065096649661921
2011-03-10,51.86000061035156,52.209999084472656,51.41999816894531,51.84000015258789,37.85306930541992,5675400,-0.01226993159530635,40.93242333111957,0.8981876114348458
2011-03-11,51.86000061035156,53.869998931884766,51.779998779296875,53.529998779296875,39.087093353271484,11642100,0.0320802513436267,53.20422515158023,0.9833170786600632
2011-03-14,53.18000030517578,53.880001068115234,53.09000015258789,53.52000045776367,39.07978820800781,7015900,-0.0001869115190225878,53.13384983197353,0.9695087812934403
2011-03-15,52.5099983215332,53.38999938964844,52.18000030517578,53.0,38.70009231567383,6001400,-0.009763422261989644,49.47101917121295,0.9866866600919557
2011-03-16,52.54999923706055,53.54999923706055,52.43000030517578,52.689998626708984,38.47372817993164,10020100,-0.005866362024493972,47.374279189575056,0.9962089652200136
2011-03-17,54.0,54.70000076293945,53.31999969482422,53.560001373291016,39.109004974365234,10655000,0.01637712329833178,53.349940518814705,1.068622763149332
2011-03-18,53.72999954223633,53.91999816894531,52.75,52.939998626708984,38.65626525878906,12834000,-0.011643882401779675,49.07329346683851,1.0758638635633306
2011-03-21,53.75,53.939998626708984,53.04999923706055,53.09000015258789,38.76580810546875,4286100,0.0028297593959200236,50.11526828547158,1.07044501616595
2011-03-22,53.029998779296875,53.279998779296875,52.65999984741211,52.779998779296875,38.5394287109375,5560800,-0.005856784118584568,47.932636358404096,1.038270295860151
2011-03-23,52.709999084472656,52.93000030517578,52.22999954223633,52.689998626708984,38.47372817993164,4528300,-0.0017062161738873097,47.28893175269656,1.0141081863658155
2011-03-24,52.88999938964844,53.5,52.43000030517578,53.27000045776367,38.897247314453125,5093600,0.010947861569648755,51.78399080569325,1.018100436969987
2011-03-25,53.40999984741211,53.790000915527344,53.0,53.150001525878906,38.80962371826172,5589900,-0.0022552351462701093,50.81841272145733,1.0018076140097982
2011-03-28,53.09000015258789,53.22999954223633,52.61000061035156,52.650001525878906,38.44451904296875,3808800,-0.009452111706039252,46.894704611861656,0.9745355652865816
2011-03-29,52.70000076293945,53.45000076293945,52.65999984741211,53.43000030517578,39.01406478881836,3570800,0.014706078583317196,52.992075017246165,0.9620686846990077
2011-03-30,53.65999984741211,54.36000061035156,53.43000030517578,53.900001525878906,39.357269287109375,4562400,0.008758475182159014,56.25175124312759,0.9597780861616344
2011-03-31,53.72999954223633,54.04999923706055,53.45000076293945,53.45000076293945,39.02867889404297,4501100,-0.00838395976392064,52.49826435365463,0.9340795424444529
2011-04-01,53.939998626708984,53.97999954223633,52.7599983215332,53.08000183105469,38.75849151611328,7942400,-0.006946864452930976,49.56934818177545,0.9545025194629294
2011-04-04,53.310001373291016,54.29999923706055,53.209999084472656,54.029998779296875,39.45218276977539,5510000,0.01773950810127346,56.30903181372165,0.9734664399302816
2011-04-05,53.95000076293945,54.369998931884766,53.90999984741211,54.06999969482422,39.48139572143555,4638500,0.0007401907667769654,56.572244138862544,0.9367902002547369
2011-04-06,54.2599983215332,54.560001373291016,53.9900016784668,54.029998779296875,39.45218276977539,4576400,-0.0007401907667769729,56.20757911006592,0.9105908784382714
2011-04-07,53.900001525878906,54.38999938964844,53.5,53.970001220703125,39.408382415771484,4408600,-0.0011108304487745355,55.628583098704446,0.9091200578104262
2011-04-08,53.970001220703125,54.31999969482422,53.58000183105469,53.900001525878906,39.357269287109375,4423100,-0.0012978534356472696,54.91764445625996,0.8970399010932193
2011-04-11,53.90999984741211,54.45000076293945,53.47999954223633,54.310001373291016,39.656639099121094,6327000,0.007577684755552597,58.28068077979615,0.9022514239224984
2011-04-12,54.04999923706055,54.75,54.0099983215332,54.619998931884766,39.882991790771484,6678800,0.0056915854438707465,60.66967363294086,0.8906621563899482
2011-04-13,54.689998626708984,55.29999923706055,54.650001525878906,54.939998626708984,40.11665344238281,7572900,0.005841583806722711,63.02357886547968,0.875614881303222
2011-04-14,54.75,55.0099983215332,54.279998779296875,54.83000183105469,40.03633499145508,7189000,-0.0020041293376732,61.65754884176361,0.8652137856555867
2011-04-15,55.029998779296875,55.9900016784668,54.939998626708984,55.5099983215332,40.532875061035156,8002700,0.012325958162441338,66.49279945402805,0.8862699329239098
2011-04-18,54.95000076293945,55.560001373291016,54.790000915527344,55.220001220703125,40.321109771728516,6936300,-0.005238227255313317,62.85242298371778,0.8779649704124642
2011-04-19,55.06999969482422,55.29999923706055,54.650001525878906,55.18000030517578,40.291908264160156,5952800,-0.000724486182433598,62.345534743616916,0.8616815947531197
2011-04-20,56.0,56.439998626708984,55.619998931884766,56.18000030517578,41.022098541259766,7334700,0.017960249010916692,69.06399657589284,0.8901327895231256
2011-04-21,55.2599983215332,55.38999938964844,53.220001220703125,53.689998626708984,39.20390319824219,17489600,-0.04533459708997995,46.71357728102029,0.981551745196139
2011-04-25,53.5099983215332,54.7599983215332,53.15999984741211,54.689998626708984,39.93410873413086,10650800,0.01845450098372128,53.256138810114024,1.0257265115479215
2011-04-26,55.0099983215332,56.310001373291016,54.97999954223633,56.220001220703125,41.051300048828125,12800000,0.027591691076181257,61.12133720859346,1.068174814050358
2011-04-27,56.29999923706055,56.959999084472656,56.09000015258789,56.81999969482422,41.48941421508789,8362400,0.0106158102607756,63.70078510181947,1.0540193938956728
2011-04-28,56.900001525878906,57.290000915527344,56.66999816894531,57.13999938964844,41.723087310791016,6301100,0.005616312588768832,65.0333121578757,1.0230182048018412
2011-04-29,56.90999984741211,57.0,55.869998931884766,56.849998474121094,41.511329650878906,19900000,-0.005088234519114459,62.784034226241474,1.030659837895655
2011-05-02,56.97999954223633,57.45000076293945,56.66999816894531,57.380001068115234,41.89832305908203,8552200,0.009279410057318698,65.15587706249302,1.012755749045547
2011-05-03,57.119998931884766,57.79999923706055,57.06999969482422,57.5,41.98594284057617,6500000,0.002089064317847815,65.68905549027787,0.9925588771306028
2011-05-04,57.2599983215332,57.900001525878906,57.2599983215332,57.68000030517578,42.11738204956055,7241600,0.0031256627765177234,66.51676491206429,0.9673763290745384
2011-05-05,57.56999969482422,57.849998474121094,57.279998779296875,57.41999816894531,41.92753219604492,7204300,-0.004517826643874192,64.11102881571938,0.9389922837709441
2011-05-06,57.79999923706055,58.06999969482422,57.34000015258789,57.630001068115234,42.08088684082031,4535300,0.003650939200541005,65.20573087561831,0.9240642308041859
2011-05-09,57.380001068115234,57.939998626708984,57.31999969482422,57.689998626708984,42.12468719482422,3624900,0.0010403196808720652,65.52914010785148,0.9023452808813701
2011-05-10,57.95000076293945,58.40999984741211,57.61000061035156,58.29999923706055,42.57009506225586,4717100,0.010518049915712839,68.71379601091442,0.8950348491798827
2011-05-11,58.5,59.20000076293945,58.04999923706055,58.86000061035156,42.9789924621582,7200000,0.0095594360052195,71.33225114434346,0.9132467546583845
2011-05-12,58.689998626708984,59.75,58.34000015258789,59.65999984741211,43.56315994262695,5500000,0.013500388810855506,74.60256765917704,0.9487291184265076
2011-05-13,59.86000061035156,61.08000183105469,59.75,60.470001220703125,44.154605865478516,9402700,0.01348540698799913,77.41210210476821,0.9823914659419412
2011-05-16,59.97999954223633,60.2400016784668,59.40999984741211,59.86000061035156,43.709190368652344,10068100,-0.010138858813414933,71.03865692184453,0.971506492021423
2011-05-17,59.88999938964844,61.18000030517578,58.83000183105469,60.88999938964844,44.46129608154297,11820900,0.017060673833622926,74.80996803387939,1.0699702050285425
2011-05-18,60.66999816894531,61.369998931884766,60.459999084472656,61.16999816894531,44.665733337402344,5182800,0.004587555890402574,75.73492420303961,1.0585437509130828
2011-05-19,61.439998626708984,61.529998779296875,60.689998626708984,61.040000915527344,44.57081604003906,3362000,-0.0021273196648921907,74.36953178678033,1.0429334938898547
2011-05-20,60.959999084472656,61.22999954223633,60.34000015258789,60.86000061035156,44.439388275146484,5276700,-0.002953096477340565,72.42255150012049,1.032009629301182
2011-05-23,60.04999923706055,60.61000061035156,59.900001525878906,60.459999084472656,44.147300720214844,4200000,-0.006594413150032497,68.15226128167095,1.0090088760991445
2011-05-24,60.529998779296875,60.529998779296875,59.75,59.91999816894531,43.75300598144531,4162600,-0.008971467750284881,62.771557462291945,0.9926510120418396
2011-05-25,59.9900016784668,60.02000045776367,59.529998779296875,59.84000015258789,43.6945915222168,3929100,-0.0013359879421400542,61.99070416564801,0.9567474882150508
2011-05-26,59.52000045776367,59.880001068115234,59.189998626708984,59.7599983215332,43.63616943359375,3771200,-0.0013379500349888125,61.17111847525413,0.9376942705858509
2011-05-27,59.470001220703125,59.900001525878906,59.119998931884766,59.349998474121094,43.336788177490234,3657500,-0.006884494831237229,57.011419864174236,0.9264305794007287
2011-05-31,59.68000030517578,60.7400016784668,59.63999938964844,60.540000915527344,44.20572280883789,7626000,0.019852370233239887,64.54698462219311,0.9595429097539412
2011-06-01,60.54999923706055,60.790000915527344,59.65999984741211,59.70000076293945,43.59235763549805,4968500,-0.013972404613991463,56.957221975972644,0.9717184924940335
2011-06-02,59.56999969482422,59.86000061035156,59.08000183105469,59.25,43.26377487182617,4053500,-0.007566174585866294,53.338904452940554,0.958024227265665
2011-06-03,58.880001068115234,59.11000061035156,58.58000183105469,58.689998626708984,42.854862213134766,4636200,-0.009496567657601722,49.1539853016547,0.92745098098218
2011-06-06,58.470001220703125,59.099998474121094,58.31999969482422,58.599998474121094,42.789161682128906,4144500,-0.001534270364838972,48.49561765048333,0.9169186808618012
2011-06-07,58.70000076293945,59.540000915527344,58.540000915527344,58.83000183105469,42.957096099853516,3828700,0.003917013681684852,50.32702696715154,0.922853060800244
2011-06-08,58.869998931884766,59.11000061035156,58.45000076293945,58.95000076293945,43.04472351074219,3716000,0.0020378043536575857,51.30011937218351,0.9040778312725201
2011-06-09,59.0,59.61000061035156,58.560001373291016,58.880001068115234,42.99361038208008,5362300,-0.0011881479420277077,50.67650267790139,0.9145007888288077
2011-06-10,58.599998474121094,58.88999938964844,57.970001220703125,57.9900016784668,42.34373474121094,4780200,-0.015231038727694457,43.44509872266168,0.9148934588371295
2011-06-13,58.02000045776367,58.790000915527344,57.869998931884766,58.38999938964844,42.63582229614258,5298000,0.006874328729502788,47.09892553143155,0.9152583534660901
2011-06-14,58.63999938964844,58.790000915527344,58.310001373291016,58.529998779296875,42.738040924072266,5146700,0.0023946128924948024,48.35639072679027,0.88416843837825
2011-06-15,58.040000915527344,58.68000030517578,57.86000061035156,57.88999938964844,42.270721435546875,5104300,-0.010994730029432616,43.290115766920856,0.8795849566958192
2011-06-16,58.08000183105469,58.439998626708984,57.7400016784668,58.34000015258789,42.59928894042969,5550600,0.007742879845401598,47.45818878400974,0.8667572418062741
2011-06-17,58.81999969482422,58.900001525878906,57.779998779296875,58.0099983215332,42.35834503173828,6610500,-0.005672110754814272,44.85467264523338,0.8848462064331138
2011-06-20,57.9900016784668,58.68000030517578,57.900001525878906,58.45000076293945,42.679630279541016,3851100,0.007556312937846179,48.88170390351837,0.8773571044948111
2011-06-21,58.58000183105469,58.59000015258789,57.880001068115234,58.16999816894531,42.47516632080078,4347900,-0.004802180495533258,46.55187451733683,0.8654029602075143
2011-06-22,58.040000915527344,58.5,57.93000030517578,58.150001525878906,42.460567474365234,4015000,-0.0003437621817577615,46.381888706696365,0.8443027269658503
2011-06-23,57.54999923706055,57.9900016784668,56.959999084472656,57.93000030517578,42.2999153137207,4588000,-0.003790737092022553,44.458007697043215,0.8575670031821568
2011-06-24,57.84000015258789,57.97999954223633,56.72999954223633,57.040000915527344,41.650054931640625,11908500,-0.015482396511616812,37.65407597261613,0.8855979315262885
2011-06-27,56.81999969482422,57.9900016784668,56.81999969482422,57.880001068115234,42.263423919677734,5289300,0.0146193417496153,46.04697813492869,0.905912506677452
2011-06-28,57.88999938964844,58.869998931884766,57.61000061035156,58.650001525878906,42.825645446777344,4073200,0.01321508657668015,52.37553316361642,0.9312043505957199
2011-06-29,58.66999816894531,58.75,57.68000030517578,57.779998779296875,42.19040298461914,7531500,-0.01494433807259205,45.83381898285355,0.9411183037548984
2011-06-30,58.099998474121094,58.400001525878906,57.9900016784668,58.349998474121094,42.60659408569336,5069900,0.009816254287833958,50.22064421731288,0.9181814782425507
2011-07-01,58.439998626708984,58.439998626708984,57.88999938964844,58.279998779296875,42.55547332763672,5358000,-0.0012005524466349635,49.68833287437468,0.8918827467295504
2011-07-05,58.18000030517578,58.25,57.68000030517578,57.91999816894531,42.29262161254883,4639500,-0.006195838719642006,46.93368369658399,0.8688911001648838
2011-07-06,57.9900016784668,58.13999938964844,57.529998779296875,57.70000076293945,42.13199996948242,5102900,-0.003805094624209287,45.28167515642116,0.8503989223210751
2011-07-07,58.08000183105469,58.29999923706055,57.540000915527344,57.90999984741211,42.28532409667969,6116000,0.003632531532825213,47.19247237821055,0.8439417365505129
2011-07-08,57.7599983215332,58.29999923706055,57.36000061035156,57.63999938964844,42.088165283203125,4037900,-0.004673486275813492,45.01558919307662,0.8508029429904037
2011-07-11,57.209999084472656,57.5,56.65999984741211,56.900001525878906,41.547828674316406,4186300,-0.012921329710217602,39.62141183688607,0.8500313151045099
2011-07-12,57.150001525878906,57.290000915527344,56.84000015258789,56.900001525878906,41.547828674316406,3964400,0.0,39.62141183688607,0.8214577042355773
2011-07-13,56.97999954223633,57.22999954223633,56.349998474121094,56.61000061035156,41.33606719970703,4514200,-0.005109845118714886,37.57490991323912,0.8256393730841243
2011-07-14,56.560001373291016,56.599998474121094,55.4900016784668,55.68000030517578,40.6569938659668,7201300,-0.016564544659976636,31.88702700319115,0.8459506175534223
2011-07-15,55.369998931884766,55.41999816894531,54.7400016784668,55.04999923706055,40.19697952270508,9209200,-0.011379015467077178,28.715894240743225,0.834096751333786
2011-07-18,55.119998931884766,55.2599983215332,54.310001373291016,54.65999984741211,39.91220474243164,6241800,-0.007109696158956561,26.930401615482097,0.8423753368272432
2011-07-19,55.0099983215332,55.5099983215332,54.869998931884766,55.27000045776367,40.35761642456055,4977000,0.011097975484192522,33.85764044074634,0.8429198466339468
2011-07-20,55.279998779296875,55.41999816894531,54.93000030517578,54.9900016784668,40.15317153930664,4151300,-0.005078706341493322,32.34202180730958,0.8177111335722029
2011-07-21,55.33000183105469,55.91999816894531,55.02000045776367,55.4900016784668,40.51826477050781,5539600,0.009051424903796922,37.70491610441722,0.825731516208368
2011-07-22,55.349998474121094,55.459999084472656,55.0099983215332,55.220001220703125,40.321109771728516,3098400,-0.004877706953786308,36.043436158825905,0.7988936052605885
2011-07-25,55.220001220703125,55.36000061035156,54.709999084472656,54.900001525878906,40.08745574951172,3174100,-0.005811686313618155,34.124278077118944,0.7882584567333255
2011-07-26,54.77000045776367,55.06999969482422,54.41999816894531,54.70000076293945,39.94142532348633,4428200,-0.0036494472031227145,32.9436553956605,0.7783829616722955
2011-07-27,54.5,54.95000076293945,53.61000061035156,53.79999923706055,39.28424072265625,6502800,-0.01659057493805934,28.212959742430044,0.8184984753091237
2011-07-28,53.63999938964844,54.650001525878906,53.33000183105469,53.43000030517578,39.01406478881836,6586100,-0.006901222302959552,26.526495759566444,0.8543199909887733
2011-07-29,54.72999954223633,55.20000076293945,53.04999923706055,54.70000076293945,39.94142532348633,10640200,0.023491797241018762,39.82320336683322,0.9468686720523543
2011-08-01,55.02000045776367,55.279998779296875,53.04999923706055,53.77000045776367,39.262325286865234,8875500,-0.017148598986037374,34.84950136427257,1.0385208770654952
2011-08-02,53.38999938964844,54.25,53.209999084472656,53.310001373291016,38.92645263671875,7526200,-0.008591379095837185,32.67582115919814,1.0386265940984845
2011-08-03,53.349998474121094,53.43000030517578,52.349998474121094,53.31999969482422,38.933753967285156,7145700,0.00018754973577042757,32.77398431418905,1.0415819681667846
2011-08-04,52.599998474121094,53.150001525878906,51.540000915527344,51.560001373291016,37.648624420166016,9918500,-0.03356516802841591,25.677288573969435,1.0821832997514116
2011-08-05,51.81999969482422,52.970001220703125,51.22999954223633,52.119998931884766,38.057525634765625,9914200,0.010802429937427176,30.810875879754064,1.1291703268025104
2011-08-08,51.65999984741211,52.439998626708984,49.880001068115234,49.880001068115234,36.42188262939453,13911500,-0.043929082381978936,23.745496762228754,1.231372271930456
2011-08-09,50.0099983215332,50.790000915527344,48.5,50.54999923706055,36.9111213684082,16124400,0.013343132585861223,28.990715042568922,1.3069886036159482
2011-08-10,49.58000183105469,49.939998626708984,48.08000183105469,48.27000045776367,35.24628829956055,12558400,-0.04615267048694217,23.154105759229694,1.3464891887615447
2011-08-11,48.119998931884766,50.099998474121094,47.65999984741211,49.63999938964844,36.246646881103516,14860500,0.027986649942835243,32.011515703258866,1.4245970057577904
2011-08-12,49.709999084472656,50.66999816894531,49.54999923706055,50.0,36.509517669677734,7919700,0.007226107479647557,34.15911400708629,1.4028400004811457
2011-08-15,50.47999954223633,51.68000030517578,50.18000030517578,51.599998474121094,37.67782974243164,7665700,0.031498866309832486,42.806166918430264,1.4226371651021912
2011-08-16,51.25,51.70000076293945,50.849998474121094,51.27000045776367,37.64111328125,6630400,-0.0009749596214722955,42.61674103529255,1.3817346739390604
2011-08-17,51.29999923706055,51.79999923706055,51.290000915527344,51.720001220703125,37.97148132324219,8150100,0.008738495114345898,44.976163679426385,1.3208963957503328
2011-08-18,50.650001525878906,51.68000030517578,50.630001068115234,51.439998626708984,37.76591873168945,10138400,-0.005428311406834939,43.77021195846739,1.3015465987010624
2011-08-19,50.790000915527344,52.41999816894531,50.7400016784668,51.97999954223633,38.162376403808594,9437000,0.010443044307822611,46.736508531229404,1.3285787338280233
2011-08-22,52.41999816894531,53.0,52.20000076293945,52.310001373291016,38.4046516418457,9289800,0.006328469389620804,48.523625430658015,1.3065374283948554
2011-08-23,52.36000061035156,53.619998931884766,52.220001220703125,53.619998931884766,39.366424560546875,7806600,0.02473469572420471,54.98114815879848,1.3132131628796258
2011-08-24,53.31999969482422,54.290000915527344,53.15999984741211,54.25,39.82896041870117,5349700,0.011681011905656413,57.727602699899826,1.3001265846821692
2011-08-25,54.439998626708984,54.59000015258789,52.970001220703125,53.459999084472656,39.24896240234375,8776000,-0.014669288123592502,53.33374614595213,1.3229746094823547
2011-08-26,53.189998626708984,54.310001373291016,52.650001525878906,54.08000183105469,39.70415115356445,6936600,0.01153073701897149,56.15432843411593,1.3470478407630515
2011-08-29,54.31999969482422,55.13999938964844,54.040000915527344,54.790000915527344,40.22541046142578,4851700,0.013043151674871106,59.195825597054274,1.3294014574314832
2011-08-30,54.7400016784668,55.529998779296875,54.400001525878906,55.2400016784668,40.5557861328125,5380500,0.00817956473296257,61.04047267223372,1.3151583000019464
2011-08-31,55.31999969482422,55.61000061035156,55.08000183105469,55.400001525878906,40.673248291015625,5417000,0.002892124494921826,61.70336637478822,1.2590754770944415
2011-09-01,55.83000183105469,55.83000183105469,54.88999938964844,55.02000045776367,40.39427185058594,5492200,-0.006882597153690145,59.13005276746909,1.2362845459738563
2011-09-02,54.41999816894531,55.20000076293945,54.06999969482422,54.099998474121094,39.71883010864258,6219200,-0.01686260375288337,53.33086059219054,1.228692868983955
2011-09-06,52.5099983215332,54.63999938964844,52.5,54.52000045776367,40.02717971801758,6889500,0.007733331028496263,55.47759369166651,1.293786191888561
2011-09-07,54.91999816894531,55.47999954223633,54.4900016784668,55.380001068115234,40.658565521240234,6462500,0.015650811412842695,59.5777879176952,1.2720870255943446
2011-09-08,55.20000076293945,55.59000015258789,55.040000915527344,55.310001373291016,40.607173919677734,4501000,-0.001264779198881124,59.10069778700317,1.220509326413359
2011-09-09,53.38999938964844,55.09000015258789,53.38999938964844,54.040000915527344,39.67477798461914,7617300,-0.023229077981518898,51.10474554696507,1.2547587147366515
2011-09-12,53.290000915527344,54.15999984741211,53.2599983215332,54.060001373291016,39.68944549560547,5406700,0.00036962526715774357,51.21655814922506,1.2294189155325268
2011-09-13,54.369998931884766,55.06999969482422,53.97999954223633,54.90999984741211,40.31351089477539,4950400,0.015601374887962385,55.84333616730997,1.2194604324650526
2011-09-14,54.93000030517578,55.77000045776367,54.400001525878906,55.2599983215332,40.570457458496094,6070400,0.006353482236159637,57.625344770559835,1.2302131824236038
2011-09-15,55.77000045776367,56.459999084472656,55.54999923706055,56.2599983215332,41.30464172363281,5876100,0.017934731117104124,62.30624982770538,1.2280551524604502
2011-09-16,56.400001525878906,56.75,55.59000015258789,56.709999084472656,41.63501739501953,7635100,0.007966693431300013,64.22153324981035,1.2231940592427115
2011-09-19,56.119998931884766,56.90999984741211,55.90999984741211,56.529998779296875,41.50286865234375,4541400,-0.003179028485140666,62.84596928353431,1.2072516264396607
2011-09-20,56.869998931884766,57.84000015258789,56.709999084472656,57.369998931884766,42.11957550048828,5168900,0.014750059878452314,66.45678426122831,1.2145908940719004
2011-09-21,57.189998626708984,57.36000061035156,56.0,56.040000915527344,41.14312744140625,5160000,-0.02345570806354851,57.009600633357614,1.2249773023775905
2011-09-22,54.939998626708984,55.45000076293945,54.279998779296875,55.040000915527344,40.4089469909668,8969100,-0.018005680194588026,51.12478474965267,1.221050493896518
2011-09-23,54.61000061035156,55.2400016784668,53.86000061035156,55.099998474121094,40.4529914855957,5431200,0.0010893752936049499,51.44857247686353,1.2324041063407118
2011-09-26,55.2400016784668,55.5,54.65999984741211,55.43000030517578,40.69527053833008,5903800,0.0059712867925553765,53.28200452972529,1.2043752525012246
2011-09-27,55.970001220703125,56.810001373291016,55.630001068115234,56.52000045776367,41.49552917480469,5868700,0.019473807998657174,58.81433466589541,1.216919953616511
2011-09-28,56.83000183105469,57.040000915527344,55.630001068115234,55.66999816894531,40.87146759033203,5663600,-0.015153485031063058,53.49431450897956,1.230711374601911
2011-09-29,56.34000015258789,56.77000045776367,54.9900016784668,55.779998779296875,40.952247619628906,5152700,0.0019744900444510958,54.07341704093799,1.2699461892229797
2011-09-30,55.18000030517578,56.060001373291016,54.93000030517578,54.959999084472656,40.350215911865234,6430000,-0.014809950041835265,49.160229339341235,1.259950109143855
2011-10-03,54.65999984741211,55.34000015258789,53.869998931884766,53.900001525878906,39.571998596191406,7462900,-0.01947498369105542,43.64030046894388,1.274953759969517
2011-10-04,53.369998931884766,54.470001220703125,52.849998474121094,54.349998474121094,39.902366638183594,8517100,0.008313874390807852,46.39218080132761,1.2996001161561253
2011-10-05,54.61000061035156,56.040000915527344,53.95000076293945,55.93000030517578,41.0623664855957,7484200,0.028656408370212934,54.747256276304974,1.3560572616155369
2011-10-06,55.91999816894531,56.849998474121094,55.2599983215332,56.83000183105469,41.72311782836914,4828000,0.015963314816670182,58.69616769357091,1.372767468113562
2011-10-07,56.849998474121094,56.849998474121094,55.95000076293945,56.27000045776367,41.31199645996094,4418200,-0.009902430589976597,55.45367160402825,1.3389981997612819
2011-10-10,56.97999954223633,57.84000015258789,56.83000183105469,57.369998931884766,42.11957550048828,3346200,0.019359679905107473,60.11470480956731,1.3554983065514918
2011-10-11,57.27000045776367,57.619998931884766,56.95000076293945,57.09000015258789,41.91400909423828,4641500,-0.00489249190751215,58.43852233191463,1.3065340110081933
2011-10-12,57.41999816894531,57.470001220703125,56.4900016784668,56.63999938964844,41.583621978759766,4798100,-0.007913729659082684,55.7480655415049,1.2832101203816315
2011-10-13,56.47999954223633,57.310001373291016,56.400001525878906,56.97999954223633,41.833251953125,5464400,0.005985137245803804,57.34595003510622,1.2565522437409515
2011-10-14,57.36000061035156,57.5099983215332,56.81999969482422,57.4900016784668,42.20768356323242,3268400,0.008910754868235726,59.69673962428738,1.216084128238668
2011-10-17,57.2599983215332,57.56999969482422,56.209999084472656,56.439998626708984,41.436805725097656,3108200,-0.01843276636950249,53.196434428232486,1.226363876961018
2011-10-18,56.5,57.56999969482422,56.029998779296875,57.279998779296875,42.05349349975586,6280800,0.014772949572345779,57.210502925960256,1.2487665225728983
2011-10-19,57.400001525878906,58.0,57.13999938964844,57.31999969482422,42.08287048339844,4470600,0.0006983183832918285,57.39794321803753,1.220997528842803
2011-10-20,57.4900016784668,57.79999923706055,56.43000030517578,57.27000045776367,42.04615783691406,4086000,-0.0008727700663560235,57.061538235500066,1.231640486202943
2011-10-21,57.70000076293945,58.630001068115234,57.5,58.59000015258789,43.01527404785156,6345100,0.02278725209020508,63.19393598647668,1.240809066499273
2011-10-24,58.470001220703125,59.04999923706055,58.25,58.95000076293945,43.279571533203125,4409900,0.006125471573011068,64.67563520155625,1.2093226501107925
2011-10-25,58.459999084472656,58.70000076293945,56.349998474121094,56.470001220703125,41.45881652832031,7676700,-0.04298017291225348,49.80164406235503,1.2907997671613332
2011-10-26,56.849998474121094,57.209999084472656,55.9900016784668,56.95000076293945,41.81123733520508,6687800,0.008464577474117902,52.097979661886626,1.285742455650228
2011-10-27,57.5,58.38999938964844,57.33000183105469,58.060001373291016,42.62615966796875,5936600,0.019303002348946868,56.99674418989711,1.2967607535829961
2011-10-28,57.75,58.099998474121094,56.9900016784668,57.2400016784668,42.024131774902344,6023500,-0.014224122167666357,52.70832687104671,1.2834204708738033
2011-10-31,56.91999816894531,57.560001373291016,56.630001068115234,57.27000045776367,42.04615783691406,8792500,0.0005239915936389434,52.848108802440585,1.2581761733239445
2011-11-01,56.41999816894531,56.65999984741211,55.369998931884766,55.540000915527344,40.776039123535156,7996600,-0.030673378434373455,44.652132355423035,1.2604493691956158
2011-11-02,55.56999969482422,55.95000076293945,54.630001068115234,54.79999923706055,40.23274612426758,6826900,-0.013413388271612646,41.67485159699139,1.264702963883373
2011-11-03,54.91999816894531,55.79999923706055,54.91999816894531,55.70000076293945,40.89350891113281,4797000,0.016290099884062874,46.35939637307346,1.245795609320275
2011-11-04,55.630001068115234,55.77000045776367,54.79999923706055,55.16999816894531,40.5043830871582,3565100,-0.00956115149336791,44.11240483537909,1.2260960101333358
2011-11-07,57.849998474121094,58.59000015258789,57.4900016784668,58.43000030517578,42.897804260253906,20318400,0.057410449248490716,57.69467722505483,1.3828035796697102
2011-11-08,58.52000045776367,58.61000061035156,57.54999923706055,58.0,42.58210372924805,8870200,-0.007386577123326735,55.76939751741319,1.3597462792140893
2011-11-09,57.70000076293945,58.189998626708984,57.369998931884766,57.5099983215332,42.22235870361328,9588100,-0.008484156923112508,53.5754410364677,1.32119295175767
2011-11-10,57.56999969482422,58.04999923706055,57.34000015258789,57.959999084472656,42.552738189697266,7661900,0.0077942974001842785,55.31406578359733,1.2775362469515976
2011-11-11,58.25,58.4900016784668,57.79999923706055,57.86000061035156,42.47932434082031,5420700,-0.0017267337738998568,54.822741282810355,1.2355695465555014
2011-11-14,57.52000045776367,57.79999923706055,57.209999084472656,57.33000183105469,42.09021759033203,6204900,-0.009202119045772398,52.17734770990924,1.1894574469863863
2011-11-15,56.959999084472656,57.150001525878906,56.560001373291016,56.59000015258789,41.75082778930664,8218000,-0.00809607402441037,49.91492039962899,1.146639068815065
2011-11-16,56.029998779296875,56.540000915527344,55.779998779296875,56.0099983215332,41.32291793823242,20135000,-0.010302018571152274,47.139578386104326,1.1190221450590223
2011-11-17,55.900001525878906,56.560001373291016,55.68000030517578,55.90999984741211,41.24913787841797,9742700,-0.0017870471727924754,46.657871942469384,1.101949210991609
2011-11-18,55.720001220703125,56.099998474121094,55.4900016784668,55.56999969482422,40.99829864501953,5523200,-0.006099643264775978,44.97515683605588,1.0668097527532294
2011-11-21,55.29999923706055,55.459999084472656,54.90999984741211,54.970001220703125,40.555633544921875,7973800,-0.010855870110473531,42.09025073869555,1.0298947159180378
2011-11-22,54.79999923706055,55.709999084472656,54.630001068115234,55.65999984741211,41.064693450927734,9559000,0.012474012922469437,46.35202663298817,1.0334735230922796
2011-11-23,55.599998474121094,55.68000030517578,54.91999816894531,54.939998626708984,40.53349304199219,6026500,-0.013020091155440816,42.81145712497839,1.0139398526021501
2011-11-25,54.59000015258789,55.130001068115234,54.59000015258789,54.650001525878906,40.319549560546875,2816700,-0.005292168949633257,41.43857102029829,0.9800870713825212
2011-11-28,55.58000183105469,55.970001220703125,55.029998779296875,55.900001525878906,41.24176788330078,6852600,0.022615074311928076,49.02672916115805,1.0043665444854997
2011-11-29,55.880001068115234,56.380001068115234,55.459999084472656,56.13999938964844,41.41883087158203,8167700,0.004284102988831528,50.35676549199254,0.998340504425291
2011-11-30,56.5,57.939998626708984,56.47999954223633,57.90999984741211,42.72468948364258,10993600,0.031041331796500562,58.87874383772182,1.0556018424706664
2011-12-01,57.70000076293945,58.060001373291016,57.40999984741211,58.0,42.79109573364258,10555600,0.0015530761526466182,59.26172767392495,1.0266303912855406
2011-12-02,58.29999923706055,58.41999816894531,57.720001220703125,58.099998474121094,42.86487579345703,7834400,0.001722707167886246,59.71069892813388,1.0032994310681582
2011-12-05,58.380001068115234,58.400001525878906,57.209999084472656,57.5,42.42221450805664,12342100,-0.010380592392233325,55.741423758960586,1.0166353603780218
2011-12-06,57.68000030517578,58.06999969482422,57.380001068115234,57.88999938964844,42.70994186401367,15750000,0.00675957155986815,57.709301910895945,0.9933041651159478
2011-12-07,57.849998474121094,58.52000045776367,57.72999954223633,58.34000015258789,43.041927337646484,18663500,0.007742971327989558,59.92348400526404,0.9787825044310475
2011-12-08,58.599998474121094,59.43000030517578,56.0,58.400001525878906,43.086219787597656,41563500,0.0010285244797237456,60.222709766047664,1.1538694901985285
2011-12-09,58.47999954223633,58.95000076293945,58.18000030517578,58.59000015258789,43.22639083862305,7072800,0.0032479882889748287,61.20977228124613,1.1264502735960387
2011-12-12,58.29999923706055,58.40999984741211,57.150001525878906,57.15999984741211,42.17136764526367,10176200,-0.02470970882557742,50.9597440008135,1.1359894198772647
2011-12-13,57.70000076293945,58.380001068115234,57.310001373291016,57.43000030517578,42.37057876586914,6843600,0.004712725404723804,52.57466384942918,1.1419902627933975
2011-12-14,57.13999938964844,58.16999816894531,57.13999938964844,57.619998931884766,42.510738372802734,6727200,0.0033024872620965773,53.72917845136292,1.1339908711150746
2011-12-15,58.0,59.060001373291016,57.810001373291016,58.619998931884766,43.24851608276367,8683700,0.01720621095351311,59.34019609737363,1.1558488404215872
2011-12-16,59.75,61.0,59.650001525878906,60.04999923706055,44.303550720214844,21390500,0.024101902972804665,65.73852239682219,1.2432882852568476
2011-12-19,60.31999969482422,61.119998931884766,59.970001220703125,60.16999816894531,44.39207458496094,8013000,0.001996127629413641,66.2188677979193,1.2366246728229042
2011-12-20,60.79999923706055,61.2400016784668,60.68000030517578,61.15999984741211,45.12247848510742,7284900,0.016319583479033666,69.96100991274206,1.224723161158517
2011-12-21,61.0,63.27000045776367,61.0,63.13999938964844,46.58327102661133,10636700,0.03186094918829706,75.74747329836464,1.2993858252017425
2011-12-22,62.61000061035156,63.599998474121094,62.599998474121094,63.34000015258789,46.73082733154297,5383300,0.003162575227421793,76.24524740911401,1.278001123401618
2011-12-23,63.02000045776367,63.849998474121094,63.0,63.689998626708984,46.98904800415039,4134500,0.0055104923069812075,77.12987753317486,1.2474295055958662
2011-12-27,63.380001068115234,64.63999938964844,63.369998931884766,64.41999816894531,47.52762985229492,4260500,0.011396669662551909,78.89525173802073,1.2490417164649952
2011-12-28,64.19000244140625,64.38999938964844,63.810001373291016,64.0,47.21776580810547,3925800,-0.006541007018175103,75.2941635646262,1.2012528807430256
2011-12-29,64.20999908447266,64.77999877929688,63.84000015258789,64.73999786376953,47.76371765136719,3525300,0.011496090313966763,77.26330979616273,1.182591862597737
2011-12-30,64.3499984741211,65.0,64.20999908447266,64.20999908447266,47.37269973754883,5112100,-0.008220198455198807,72.7885621489398,1.1545496520927088
2012-01-03,64.94999694824219,65.19000244140625,63.45000076293945,64.11000061035156,47.298919677734375,10216800,-0.0015586524284024249,71.94191150151542,1.1963676539765724
2012-01-04,64.0999984741211,64.12999725341797,63.400001525878906,63.7599983215332,47.04068374633789,7096400,-0.005474616534273049,68.92022008471616,1.1630553735167501
2012-01-05,63.81999969482422,64.91999816894531,63.58000183105469,64.41000366210938,47.520259857177734,6261500,0.010143304505807454,71.32869001468084,1.17569401382917
2012-01-06,64.23999786376953,64.87000274658203,64.0,64.76000213623047,47.77846145629883,4587900,0.005418797385058383,72.56153690745413,1.1538589233115173
2012-01-09,64.62000274658203,64.63999938964844,63.29999923706055,64.19999694824219,47.36531448364258,7540500,-0.008684741915346588,67.555944218476,1.1671547254026868
2012-01-10,64.55000305175781,65.69999694824219,64.20999908447266,65.66999816894531,48.44985580444336,6150500,0.022639163275764592,72.85057706548133,1.1909293878739236
2012-01-11,65.26000213623047,66.44999694824219,65.1500015258789,66.4000015258789,48.988433837890625,4960000,0.011054863963279742,75.02983824359326,1.1987198189088777
2012-01-12,66.27999877929688,67.77999877929688,66.27999877929688,67.54000091552734,49.82948303222656,7191000,0.01702261148714176,77.99969093026426,1.220239831843958
2012-01-13,67.12999725341797,67.66999816894531,66.7699966430664,67.5999984741211,49.87376403808594,5996400,0.0008882561014209631,78.14705927360039,1.1973656671321689
2012-01-17,67.9000015258789,68.47000122070312,67.73999786376953,68.06999969482422,50.22050476074219,6924800,0.006928310957704367,79.31546388099069,1.1739826013785877
2012-01-18,67.73999786376953,69.38999938964844,67.62999725341797,69.22000122070312,51.0689697265625,7159000,0.01675366203615656,81.86991172400504,1.2158411395822935
2012-01-19,69.13999938964844,69.48999786376953,68.69999694824219,69.13999938964844,51.009944915771484,5700100,-0.001156454642490628,81.11939336434847,1.1854239807212257
2012-01-20,69.0999984741211,69.62999725341797,68.83999633789062,69.56999969482422,51.32719039916992,6839100,0.006200026973069754,82.07075269883639,1.15717947606452
2012-01-23,68.80999755859375,69.0,67.55999755859375,67.77999877929688,50.00657653808594,7258900,-0.02606611149569665,66.94798626028759,1.1773811164460721
2012-01-24,67.30999755859375,68.58999633789062,67.18000030517578,68.19000244140625,50.309051513671875,5212600,0.006030483946096614,68.38491573873597,1.1939964676081272
2012-01-25,67.55999755859375,69.38999938964844,67.44999694824219,69.20999908447266,51.06158447265625,6436400,0.014847431428872522,71.68329781405991,1.2472826085937072
2012-01-26,69.19000244140625,69.19000244140625,67.61000061035156,68.08000183105469,50.227882385253906,7036800,-0.01646214440859361,63.74832500731448,1.27104826734092
2012-01-27,67.02999877929688,69.18000030517578,66.70999908447266,68.33999633789062,50.41971969604492,10338100,0.003812063857185219,64.71617922177026,1.356687764009649
2012-01-30,67.98999786376953,68.38999938964844,67.2300033569336,68.33000183105469,50.41233825683594,6228100,-0.00014641056370420815,64.64466256672091,1.3426383546314486
2012-01-31,68.43000030517578,68.70999908447266,67.7699966430664,67.93000030517578,50.117225646972656,10033800,-0.005871177514984262,61.708560537341455,1.3138786465439343
2012-02-01,68.45999908447266,69.94999694824219,68.08999633789062,69.83999633789062,51.52638244628906,7409700,0.027729182723967752,68.95854095615218,1.3643156462955395
2012-02-02,69.69000244140625,70.0,69.26000213623047,69.62000274658203,51.36406707763672,5379600,-0.0031551131140732454,67.37610533947804,1.319721518972253
2012-02-03,69.61000061035156,69.87000274658203,69.01000213623047,69.27999877929688,51.113216400146484,6595400,-0.0048957421589522635,64.89750609846922,1.2868843112136321
2012-02-06,68.6500015258789,69.1500015258789,67.27999877929688,69.12000274658203,50.99519729614258,11863300,-0.00231164411014768,63.710016417098046,1.3285356280256606
2012-02-07,68.70999908447266,69.23999786376953,68.1500015258789,69.16999816894531,51.032073974609375,6870500,0.0007228788854849884,63.93209512352153,1.3114971073017294
2012-02-08,69.01000213623047,69.01000213623047,67.69999694824219,68.05999755859375,50.213130950927734,10922600,-0.016177771290458172,55.7699063154837,1.311390541636483
2012-02-09,68.01000213623047,68.05999755859375,66.66999816894531,66.83999633789062,49.313045501708984,9139700,-0.01808790453765297,48.44867189612447,1.3170054593516227
2012-02-10,66.9000015258789,67.37000274658203,66.80000305175781,67.36000061035156,49.696678161621094,5262500,0.007749432391000646,51.37841808429708,1.2636479047425226
2012-02-13,67.37999725341797,68.43000030517578,67.36000061035156,68.19999694824219,50.58677673339844,4404000,0.01775211968697585,57.42429378981799,1.2498158897483582
2012-02-14,67.83999633789062,68.0199966430664,67.5,67.83999633789062,50.31976318359375,4272300,-0.005292306588750344,55.206602796431504,1.1976859435567901
2012-02-15,67.95999908447266,68.12000274658203,67.5,67.9000015258789,50.3642578125,4045900,0.0008838469374305969,55.51490657583433,1.156422858058593
2012-02-16,68.06999969482422,69.19999694824219,67.9800033569336,68.88999938964844,51.09857940673828,5452100,0.0144749434535494,60.36357730742734,1.1666780412232136
2012-02-17,68.63999938964844,68.66000366210938,67.7699966430664,67.77999877929688,50.275264739990234,4968700,-0.01624349508115094,53.34332809764502,1.1469158253531961
2012-02-21,67.44999694824219,67.77999877929688,66.6500015258789,66.69000244140625,49.46675109863281,5912900,-0.016212452573158065,47.500993377493344,1.1457073559292514
2012-02-22,66.6500015258789,67.23999786376953,66.3499984741211,66.79000091552734,49.540916442871094,4293000,0.0014981740293873143,48.06292332357502,1.1274425011949076
2012-02-23,66.79000091552734,67.55000305175781,66.58999633789062,67.33999633789062,49.948890686035156,3881300,0.008201373421387917,51.1598068764947,1.1154828021000704
2012-02-24,67.56999969482422,68.12000274658203,67.26000213623047,67.7300033569336,50.23817825317383,3231100,0.005774964258056853,53.28681224634439,1.0972340741180342
2012-02-27,67.20999908447266,67.70999908447266,66.7300033569336,67.44000244140625,50.02305221557617,3170500,-0.004291317126826182,51.49096202709079,1.0888599065052504
2012-02-28,67.05000305175781,68.4000015258789,67.0199966430664,68.1500015258789,50.54969024658203,3839000,0.01047287429225491,55.44926614024988,1.1096559762414826
2012-02-29,68.05999755859375,68.58000183105469,67.9000015258789,68.01000213623047,50.44585418701172,4155300,-0.002056251030458932,54.504895084612784,1.0789662854510753
2012-03-01,68.20999908447266,68.20999908447266,67.4000015258789,67.58999633789062,50.134315490722656,4770400,-0.0061948531920898876,51.661964446729876,1.0597542335326948
2012-03-02,67.69000244140625,67.87999725341797,67.16000366210938,67.7300033569336,50.23817825317383,3079200,0.0020695470571200063,52.55054045008937,1.0354856162309733
2012-03-05,67.62000274658203,67.69999694824219,67.12000274658203,67.2300033569336,49.8672981262207,3952100,-0.007409820867158617,49.08095964614256,1.0029505151902007
2012-03-06,65.94000244140625,67.26000213623047,65.80000305175781,66.54000091552734,49.355491638183594,6155500,-0.010316400666848467,44.69545027103728,1.035596841567519
2012-03-07,66.68000030517578,67.19999694824219,66.36000061035156,66.94999694824219,49.659603118896484,3281700,0.006142748996420207,47.686557680361396,1.0216253770191694
2012-03-08,67.29000091552734,68.16999816894531,67.12000274658203,67.80000305175781,50.290077209472656,3867900,0.01261599738686055,53.32286252076794,1.035795080139452
2012-03-09,67.83999633789062,68.25,67.54000091552734,68.01000213623047,50.44585418701172,3167100,0.0030927812856962906,54.62372308392028,1.0125239375918238
2012-03-12,68.0,68.37000274658203,67.80999755859375,68.02999877929688,50.460670471191406,3177400,0.00029366355320142027,54.75288608452213,0.9802011697629993
2012-03-13,68.44999694824219,68.93000030517578,68.18000030517578,68.91000366210938,51.113426208496094,2794600,0.01285297619834186,60.13657500537254,0.9744726237712784
2012-03-14,68.80000305175781,68.87999725341797,68.06999969482422,68.26000213623047,50.631282806396484,3484200,-0.00947758396068988,54.93703958479938,0.9627244048300263
2012-03-15,68.23999786376953,68.30000305175781,67.77999877929688,68.26000213623047,50.631282806396484,3891200,0.0,54.93703958479938,0.9311015382322342
2012-03-16,68.08999633789062,68.48999786376953,67.3499984741211,67.37999725341797,49.97854995727539,8288800,-0.012975710017584893,48.3705203775637,0.9460228133333916
2012-03-19,67.19999694824219,68.30000305175781,67.0,68.05000305175781,50.47551727294922,2938700,0.009894499721944118,52.97881828675123,0.971307116077993
2012-03-20,67.83000183105469,68.55999755859375,67.55000305175781,67.58000183105469,50.12691879272461,3316400,-0.006930247200231254,49.63232639698334,0.9740705011321319
2012-03-21,67.70999908447266,67.70999908447266,67.0199966430664,67.05000305175781,49.73378372192383,4316900,-0.007873709916774455,46.096004612877124,0.9537799254374261
2012-03-22,66.73999786376953,66.8499984741211,66.30999755859375,66.62000274658203,49.41484069824219,6085000,-0.006433657061515454,43.394663246771636,0.9242242818724202
2012-03-23,66.58999633789062,67.02999877929688,66.41999816894531,66.66000366210938,49.44450759887695,3663700,0.0006001840399787904,43.725014024300734,0.9017797339066446
2012-03-26,67.27999877929688,67.72000122070312,67.19999694824219,67.5199966430664,50.082401275634766,5048500,0.012818692327097606,50.4245595109853,0.9130810070985806
2012-03-27,67.70999908447266,68.33999633789062,67.63999938964844,67.80999755859375,50.2974967956543,5209200,0.0042856359364395885,52.47895330188064,0.9064323419361262
2012-03-28,67.55000305175781,67.97000122070312,67.29000091552734,67.68000030517578,50.20107650756836,3431700,-0.001918839531772018,51.449701317367754,0.890258625024673
2012-03-29,67.36000061035156,67.69999694824219,66.95999908447266,67.31999969482422,49.93404769897461,3092000,-0.005333382140944348,48.60651444999898,0.8795257135064486
2012-03-30,67.66000366210938,68.0,67.25,67.97000122070312,50.41619873046875,3857300,0.009609438119953044,53.59321919380159,0.8702738768274166
2012-04-02,67.56999969482422,68.19999694824219,67.12000274658203,68.11000061035156,50.52001953125,4508500,0.0020571572658942042,54.61441604550024,0.8852539000297552
2012-04-03,68.06999969482422,68.2699966430664,67.47000122070312,67.93000030517578,50.386512756347656,4790100,-0.002646148862279431,52.999307072907136,0.8791640087678643
2012-04-04,67.66000366210938,68.1500015258789,67.38999938964844,67.8499984741211,50.32716369628906,3602400,-0.001178570160851874,52.2594386378794,0.8706524464437646
2012-04-05,67.7699966430664,68.13999938964844,67.48999786376953,68.0199966430664,50.45328903198242,3858100,0.00250297350578596,53.737480591502596,0.8548916664034175
2012-04-09,67.31999969482422,67.70999908447266,67.0199966430664,67.0199966430664,49.71153259277344,2769600,-0.014810988264485323,44.92783555411301,0.8431138646179056
2012-04-10,66.69999694824219,66.98999786376953,65.98999786376953,66.19000244140625,49.09587860107422,3961900,-0.012461857905615535,39.18575379389082,0.854320017145198
2012-04-11,66.75,67.02999877929688,66.29000091552734,66.7300033569336,49.49641036987305,3132700,0.008125056765676085,44.18378761142095,0.8532968971984428
2012-04-12,66.95999908447266,67.2300033569336,66.70999908447266,66.91999816894531,49.637351989746094,2721300,0.0028434654648664074,45.869648303132806,0.829490281145764
2012-04-13,66.66999816894531,66.66999816894531,65.55000305175781,65.58999633789062,48.65082550048828,4543300,-0.02007483799176003,37.3630197856473,0.8502406265773166
2012-04-16,65.58999633789062,66.33000183105469,65.37000274658203,66.26000213623047,49.1478157043457,3033000,0.010163627550581401,43.08902625881384,0.8580805164269838
2012-04-17,66.62000274658203,67.55999755859375,66.51000213623047,67.3499984741211,49.956302642822266,3820700,0.01631627198168988,50.94522051597124,0.889645866851005
2012-04-18,67.3499984741211,68.01000213623047,67.13999938964844,67.1500015258789,49.807952880859375,2797500,-0.002974008486845526,49.59243131790251,0.8882427868317926
2012-04-19,67.26000213623047,67.91000366210938,66.91999816894531,67.12999725341797,49.793128967285156,3407900,-0.00029766571624742223,49.45112435744045,0.8955115515698119
2012-04-20,67.25,68.58999633789062,67.2300033569336,68.47000122070312,50.78705978393555,5086200,0.019764591505848382,58.076592802002644,0.9358320896343008
2012-04-23,68.2300033569336,68.3499984741211,67.88999938964844,68.29000091552734,50.65354919433594,3544400,-0.0026322922946769994,56.677564149816114,0.9018440178370405
2012-04-24,68.41999816894531,69.0999984741211,68.36000061035156,68.62999725341797,50.905731201171875,4906100,0.004966213312195183,58.701260471397646,0.8952835564625198
2012-04-25,69.12000274658203,70.25,69.06999969482422,70.19000244140625,52.062862396240234,5861100,0.022476366204552633,66.44633538774178,0.9470492128996277
2012-04-26,69.79000091552734,71.0999984741211,69.75,70.79000091552734,52.50790786743164,5374300,0.008511903605966443,68.86483728965406,0.9758313029868753
2012-04-27,70.75,72.0,70.75,71.63999938964844,53.13837814331055,4435200,0.01193563511542095,71.94939960822477,0.9954147813449555
2012-04-30,71.11000061035156,71.80000305175781,70.83999633789062,71.11000061035156,52.7452392578125,4045900,-0.007425902169776013,67.461293241632,0.992885633667972
2012-05-01,70.83000183105469,71.25,70.61000061035156,70.69000244140625,52.43372344970703,3626500,-0.0059235556421429105,64.05182800329807,0.9676794733808624
2012-05-02,70.30999755859375,71.25,70.12999725341797,71.16999816894531,52.789756774902344,3569300,0.006767209811921928,66.1570370453023,0.9785597071809458
2012-05-03,71.0,71.16000366210938,70.51000213623047,70.91000366210938,52.59690856933594,3093000,-0.0036598258459435585,63.97171209175264,0.9550912656593715
2012-05-04,70.47000122070312,70.58000183105469,69.7699966430664,69.7699966430664,51.75130844116211,4214600,-0.016207629857374617,55.33971959657131,0.9447279743971508
2012-05-07,69.33000183105469,70.0,69.2699966430664,69.61000061035156,51.63264465332031,4184500,-0.002295594942942698,54.233781502364174,0.9293905017211824
2012-05-08,69.33999633789062,70.77999877929688,69.25,70.69999694824219,52.44112777709961,5063300,0.015537043941056627,60.08642331169033,0.9722910929765891
2012-05-09,70.26000213623047,70.55999755859375,69.56999969482422,69.62000274658203,51.640045166015625,4001700,-0.015393724100720632,52.87167749973035,0.9735558623189421
2012-05-10,70.05000305175781,70.23999786376953,69.69000244140625,70.08999633789062,51.988685607910156,3500000,0.006728669832797606,55.382604237807435,0.948301523380982
2012-05-11,70.13999938964844,71.12999725341797,69.91999816894531,70.77999877929688,52.500484466552734,4666700,0.00979628704611116,58.84870953179141,0.9669942063161016
2012-05-14,69.94999694824219,70.70999908447266,69.58000183105469,70.19999694824219,52.33647155761719,4067600,-0.0031289165379150105,57.31215604569899,0.9786372811090921
2012-05-15,70.0199966430664,70.7699966430664,70.0,70.68000030517578,52.6943244934082,3779900,0.006814274174175498,59.779712757531875,0.9637343783917575
2012-05-16,71.0,71.18000030517578,70.5199966430664,70.9800033569336,52.917972564697266,3411000,0.004235272062565617,61.28589459666386,0.9420393272287301
2012-05-17,71.06999969482422,71.18000030517578,70.48999786376953,70.54000091552734,52.58993148803711,5584200,-0.006218342344233039,57.863093652247926,0.9240366925271244
2012-05-18,70.69999694824219,70.69999694824219,68.52999877929688,69.1500015258789,51.553646087646484,5800500,-0.019901747732849716,48.62438862050425,1.0130339408427091
2012-05-21,69.11000061035156,69.51000213623047,69.05000305175781,69.31999969482422,51.68040084838867,4248900,0.002455678687454116,49.68265918562267,0.973531451101991
2012-05-22,69.30999755859375,69.72000122070312,68.83999633789062,68.91000366210938,51.37472152709961,5430100,-0.0059323633939156375,47.1597717601407,0.966850981938456
2012-05-23,68.81999969482422,69.20999908447266,67.98999786376953,68.37999725341797,50.97958755493164,4558700,-0.007720943820259746,44.046162505100554,0.984933141850218
2012-05-24,68.52999877929688,69.13999938964844,68.30999755859375,69.0999984741211,51.51636505126953,3261900,0.01047421659359284,48.974643394842644,0.9738666196505372
2012-05-25,69.13999938964844,69.19999694824219,68.80000305175781,69.05000305175781,51.47909164428711,2959700,-0.0007237874330669829,48.654169441855274,0.9328757108529542
2012-05-29,69.2699966430664,69.37999725341797,68.75,69.27999877929688,51.65055847167969,4151900,0.0033252703795304734,50.266435626345086,0.9112415353218838
2012-05-30,68.93000030517578,70.02999877929688,68.83999633789062,69.58999633789062,51.88167953491211,3535600,0.004464724256103108,52.43447876807481,0.9311530286136243
2012-05-31,69.5199966430664,70.0,69.0,69.5199966430664,51.82949447631836,5870100,-0.0010063537221610013,51.88449827317456,0.9360706694269368
2012-06-01,69.01000213623047,69.55000305175781,67.61000061035156,67.75,50.5098991394043,4177500,-0.02579003902449573,40.35713582001669,1.0077800817111735
2012-06-04,67.7699966430664,68.93000030517578,67.7699966430664,68.69999694824219,51.21815490722656,4606600,0.013924717591888614,47.14471318018121,1.0200815262443599
2012-06-05,68.41000366210938,68.62000274658203,67.80000305175781,68.44999694824219,51.031761169433594,3198700,-0.0036458503128509977,45.67162532371737,1.005789966857207
2012-06-06,68.81999969482422,70.08000183105469,68.61000061035156,69.9800033569336,52.17245101928711,3612900,0.02210639041108353,54.94892796821654,1.0503767465682994
2012-06-07,70.4800033569336,70.87000274658203,69.0999984741211,69.0999984741211,51.51636505126953,4457100,-0.012655072146031024,49.692795561203546,1.101778712703488
2012-06-08,68.62999725341797,69.58999633789062,68.56999969482422,68.87000274658203,51.34490966796875,4561100,-0.0033337238442927397,48.39011250513423,1.0959371363008392
2012-06-11,69.05000305175781,69.16999816894531,67.75,67.79000091552734,50.53972625732422,4872400,-0.015806115745142454,42.72560758274371,1.1190843529183017
2012-06-12,67.87000274658203,68.69000244140625,67.63999938964844,68.62000274658203,51.15850830078125,3929500,0.012169133167348438,47.784254598364086,1.114149974263981
2012-06-13,68.7300033569336,69.30999755859375,68.51000213623047,68.81999969482422,51.307613372802734,3944600,0.0029103312359207954,48.9542202861771,1.0917103634139311
2012-06-14,68.87999725341797,70.66999816894531,68.69999694824219,70.41999816894531,52.50046920776367,4387300,0.022982956856589794,57.21376232829823,1.1544454246488736
2012-06-15,70.7699966430664,71.38999938964844,70.5199966430664,71.29000091552734,53.14909744262695,8431000,0.012279016471349288,60.91696110835101,1.1412708386527488
2012-06-18,71.23999786376953,72.13999938964844,71.08000183105469,72.0199966430664,53.69331741333008,4015600,0.01018742749667839,63.75176547350865,1.1354656043628204
2012-06-19,72.0199966430664,73.27999877929688,71.81999969482422,73.0199966430664,54.43887710571289,4557300,0.013790000481411708,67.25575193170137,1.1586465672278088
2012-06-20,73.0199966430664,73.75,72.52999877929688,72.79000091552734,54.26739501953125,4139700,-0.003154964751723206,65.68303772047108,1.1630290424760457
2012-06-21,73.05999755859375,73.5,71.56999969482422,71.6500015258789,53.417476654052734,6063200,-0.015785615957979445,58.39457376700212,1.2178127040974556
2012-06-22,71.5999984741211,72.5,71.29000091552734,72.45999908447266,54.02136993408203,18867200,0.01124173721196692,61.65074598903029,1.21725458840997
2012-06-25,71.87000274658203,72.19000244140625,71.36000061035156,71.38999938964844,53.22364044189453,3871900,-0.014877040946695954,55.474418895200984,1.1895936771703066
2012-06-26,71.43000030517578,72.3499984741211,71.30999755859375,71.45999908447266,53.27585220336914,3681000,0.0009805073124908579,55.786626148635385,1.178908479910095
2012-06-27,71.83999633789062,72.54000091552734,71.83000183105469,72.37000274658203,53.95426940917969,3492500,0.012653650814556112,59.73712025643005,1.1718437192775661
2012-06-28,72.12000274658203,72.30999755859375,70.87999725341797,71.41999816894531,53.24601745605469,4475700,-0.01321381274543425,54.28399841512555,1.1902834754131528
2012-06-29,72.7300033569336,73.04000091552734,72.11000061035156,72.91000366210938,54.35686111450195,4918700,0.020647832821948653,60.39120232765383,1.2209777090680727
2012-07-02,73.02999877929688,74.37999725341797,72.94999694824219,74.36000061035156,55.43785858154297,4751000,0.019691883204658537,65.25546584568423,1.2387645577995383
2012-07-03,74.04000091552734,75.16999816894531,73.91999816894531,75.16000366210938,56.03431701660156,3046600,0.010701578653812296,67.61846242644987,1.2395670893852857
2012-07-05,74.05999755859375,74.87999725341797,73.61000061035156,74.33000183105469,55.41551208496094,3230900,-0.011104750821701629,62.84324176569077,1.2417406289339372
2012-07-06,74.2699966430664,74.62000274658203,73.73999786376953,73.8499984741211,55.05765914916992,3103100,-0.006478571827703178,60.19577997120455,1.2159023613538344
2012-07-09,74.08000183105469,74.80999755859375,73.77999877929688,74.80000305175781,55.76591491699219,3323800,0.012781854698678513,63.47542272035327,1.2026235340640514
2012-07-10,74.8499984741211,75.5,74.7300033569336,74.93000030517578,55.86283874511719,5896200,0.0017365391855056272,63.913616195479946,1.1717216132785053
2012-07-11,74.77999877929688,76.16999816894531,74.58999633789062,76.08999633789062,56.72764587402344,7086100,0.01536229530669078,67.64365655003263,1.200884485976804
2012-07-12,75.08000183105469,76.23999786376953,74.44999694824219,75.80999755859375,56.51891326904297,4817800,-0.003686343195490687,65.87379789075527,1.2429642309446998
2012-07-13,75.76000213623047,77.0,75.73999786376953,76.95999908447266,57.37626266479492,3234900,0.0150553451066983,69.41369588744494,1.2441812241793977
2012-07-16,76.55999755859375,77.7300033569336,76.51000213623047,77.2699966430664,57.60736846923828,3175800,0.004019808965234151,70.30778953690229,1.2424540810739497
2012-07-17,77.62000274658203,78.9000015258789,77.62000274658203,78.76000213623047,58.71821975708008,4568600,0.019099582024928577,74.2102061468016,1.270136281198132
2012-07-18,78.58999633789062,79.9000015258789,78.16999816894531,79.62000274658203,59.35938262939453,4587600,0.010860131998577063,76.15794991507745,1.3029839294649508
2012-07-19,79.4000015258789,80.25,78.87999725341797,79.63999938964844,59.374298095703125,4894800,0.0002512423820430029,76.20297554140879,1.3077709878304566
2012-07-20,79.62000274658203,79.62000274658203,77.55999755859375,77.7699966430664,57.98014450073242,6772300,-0.02376082499713851,64.03090930394852,1.3615020021274442
2012-07-23,76.87000274658203,77.69999694824219,75.69999694824219,77.52999877929688,57.801204681396484,4755300,-0.0030909980419102424,62.64772909860214,1.4071090019754837
2012-07-24,77.91000366210938,77.91000366210938,76.18000030517578,76.37999725341797,56.94385528564453,4162800,-0.014943830280322824,56.365184715334124,1.4301728844724917
2012-07-25,77.79000091552734,78.7300033569336,76.5999984741211,77.95999908447266,58.1218147277832,4913700,0.020475274604194193,62.003292487440014,1.495875257261287
2012-07-26,79.0,80.0,78.5,79.29000091552734,59.11336898803711,5867800,0.01691604641827308,65.98723448480979,1.5347413757088624
2012-07-27,80.51000213623047,83.9800033569336,80.4800033569336,83.91999816894531,62.565189361572266,12360300,0.05675193450791807,75.58452442641762,1.7601171661158186
2012-07-30,83.16999816894531,84.38999938964844,83.04000091552734,83.45999908447266,62.22221755981445,5817800,-0.005496911488472036,73.36930878871308,1.730822973830481
2012-07-31,83.12999725341797,83.44000244140625,82.5999984741211,82.5999984741211,61.58107376098633,4537800,-0.010357552270928373,69.2815751298261,1.6671930447915293
2012-08-01,83.41999816894531,83.61000061035156,81.75,81.81999969482422,60.99957275390625,4045600,-0.009487719076031867,65.70594539375942,1.680965013760103
2012-08-02,80.7300033569336,82.72000122070312,80.33999633789062,81.04000091552734,60.41802978515625,4648100,-0.009579293341094976,62.246052735873114,1.7308964329781313
2012-08-03,82.54000091552734,83.0,81.9800033569336,82.20999908447266,61.29030227661133,4121400,0.014334062619625013,65.20558165630638,1.747260908084883
2012-08-06,82.18000030517578,82.88999938964844,81.7300033569336,82.43000030517578,61.45432662963867,3820000,0.002672613084947311,65.74929572391682,1.7053134169870232
2012-08-07,83.0,83.0,81.5,81.56999969482422,60.81315231323242,3845900,-0.0104881559584937,61.69107385924848,1.6906481729165215
2012-08-08,81.16000366210938,81.93000030517578,81.11000061035156,81.37000274658203,60.6640739440918,3371700,-0.0024544262093168442,60.7521517945356,1.6284589959099285
2012-08-09,81.0,82.12999725341797,80.95999908447266,81.97000122070312,61.111392974853516,3387500,0.0073466528853191725,62.59190768351532,1.5957117939838845
2012-08-10,81.93000030517578,82.77999877929688,81.69999694824219,82.7300033569336,61.678016662597656,2832300,0.009229260266982757,64.84020002298081,1.5588753680603704
2012-08-13,82.37000274658203,82.47000122070312,81.86000061035156,82.2300033569336,61.30524444580078,3697000,-0.006062180414674511,62.19197396621287,1.4910985996525985
2012-08-14,82.25,83.62000274658203,82.0199966430664,83.54000091552734,62.55576705932617,3614600,0.020193038804949402,67.05330563516688,1.4988777070713861
2012-08-15,83.27999877929688,83.87999725341797,83.20999908447266,83.6500015258789,62.63811111450195,2940200,0.00131546475356867,67.35099721739728,1.4396720257766664
2012-08-16,83.61000061035156,83.83999633789062,82.7699966430664,83.0999984741211,62.22626876831055,3610000,-0.006596658551480893,64.22531801856121,1.413266859280063
2012-08-17,83.45999908447266,83.56999969482422,82.2699966430664,83.37999725341797,62.43595504760742,4058700,0.0033640740655806224,65.11306037855613,1.405176587314188
2012-08-20,83.27999877929688,83.37999725341797,82.6500015258789,83.23999786376953,62.33109664916992,2295100,-0.0016808672113291941,64.25437951243137,1.3569493830445363
2012-08-21,83.01000213623047,83.91999816894531,82.91999816894531,83.11000061035156,62.233760833740234,3679900,-0.0015628137374783804,63.41832882983331,1.331452998541355
2012-08-22,83.18000030517578,84.19000244140625,82.8499984741211,83.87000274658203,62.80284118652344,3696200,0.00910268310283039,66.18834264366308,1.3320637820230552
2012-08-23,83.55000305175781,84.02999877929688,83.30999755859375,83.66000366210938,62.64558410644531,3048000,-0.0025071205490673825,64.72971845880735,1.2883450276430604
2012-08-24,83.48999786376953,84.6500015258789,83.4000015258789,84.58999633789062,63.34199523925781,3118600,0.011055347350954675,68.08407708102102,1.2856060970971275
2012-08-27,84.36000061035156,85.27999877929688,84.0199966430664,84.43000030517578,63.22219467163086,3633600,-0.0018931200601177314,66.90528063846295,1.2837772427495089
2012-08-28,84.12000274658203,84.5199966430664,84.0,84.01000213623047,62.907691955566406,3467900,-0.0049869761446600085,63.783161224942894,1.2292214856292871
2012-08-29,83.68000030517578,84.12999725341797,83.58000183105469,83.72000122070312,62.69051742553711,2870900,-0.0034582459023951187,61.64397343527279,1.1807053382531438
2012-08-30,83.23999786376953,83.38999938964844,82.58999633789062,83.1500015258789,62.263710021972656,3213000,-0.006831446557020183,57.558344659077676,1.1535123177891917
2012-08-31,83.80999755859375,84.41999816894531,83.52999877929688,83.91999816894531,62.840293884277344,4116200,0.009217737671546867,61.29082411920012,1.161832626737564
2012-09-04,83.80000305175781,84.5999984741211,83.37000274658203,84.33000183105469,63.14729690551758,3719200,0.00487355345021758,63.14913206205095,1.166701419651957
2012-09-05,84.37999725341797,84.7300033569336,83.95999908447266,84.08000183105469,62.96011734008789,4264200,-0.002968575702047156,61.21941601240719,1.1383659091383127
2012-09-06,84.5199966430664,84.94000244140625,84.44000244140625,84.80999755859375,63.50672149658203,5789900,0.00864428280496276,64.61949659128268,1.1184826735106876
2012-09-07,85.0,85.27999877929688,83.7699966430664,83.95999908447266,62.8702392578125,4806100,-0.010072842653167668,58.218681610972965,1.1464483494192435
2012-09-10,84.75,84.80000305175781,83.91000366210938,84.05000305175781,62.9376335144043,5113200,0.0010713838737332582,58.685337971076684,1.1281305665784715
2012-09-11,83.8499984741211,84.2300033569336,83.77999877929688,83.94000244140625,62.855262756347656,4184000,-0.0013096251421433924,57.835098257789085,1.079692995939775
2012-09-12,83.0,83.9800033569336,82.93000030517578,83.1500015258789,62.263710021972656,3276200,-0.009455914303102234,52.007581617948546,1.0775722856410634
2012-09-13,82.91000366210938,83.70999908447266,82.1500015258789,83.31999969482422,62.39101028442383,4315300,0.002042446630050781,53.10269835367764,1.1120312337091125
2012-09-14,83.58999633789062,83.58999633789062,81.08000183105469,81.36000061035156,60.92332458496094,7436000,-0.02380509954032569,41.37917704612519,1.2118857532181713
2012-09-17,81.08000183105469,82.08999633789062,80.5999984741211,82.08999633789062,61.469970703125,6972100,0.008932674812549805,46.14789927206489,1.23175090397184
2012-09-18,82.25,82.79000091552734,81.52999877929688,82.04000091552734,61.43252944946289,4608200,-0.0006092838595454559,45.87264586580097,1.2337688491331706
2012-09-19,82.2300033569336,82.33999633789062,81.52999877929688,81.70999908447266,61.18539810180664,3968200,-0.004030922512135851,44.006853868110134,1.2034994712374978
2012-09-20,81.47000122070312,82.33000183105469,81.4000015258789,82.30000305175781,61.627227783203125,3979200,0.007195214406966512,48.07327281561897,1.1839638165188038
2012-09-21,82.47000122070312,82.79000091552734,81.5,82.02999877929688,61.42506408691406,6789200,-0.0032858206069457134,46.41237096125749,1.1915378950194138
2012-09-24,82.06999969482422,83.06999969482422,81.97000122070312,82.91000366210938,62.0839958190918,3261400,0.010670277703468381,52.208200449971216,1.184999364955248
2012-09-25,83.01000213623047,84.76000213623047,82.98999786376953,83.80999755859375,62.75790786743164,6532100,0.01079635241738244,57.295341642505896,1.2324993013242371
2012-09-26,84.08999633789062,84.91999816894531,83.16000366210938,83.45999908447266,62.49583435058594,5420600,-0.004184687733058829,54.850204309565676,1.2701775302893588
2012-09-27,83.54000091552734,84.55999755859375,83.06999969482422,84.23999786376953,63.079933166503906,3570800,0.009302798460038756,59.04524473982557,1.2858789826807997
2012-09-28,83.98999786376953,84.52999877929688,83.61000061035156,84.29000091552734,63.11734390258789,3629800,0.000592892937925917,59.30604312187206,1.2597446388425506
2012-10-01,84.5,85.33999633789062,84.36000061035156,85.08000183105469,63.70894241333008,4146000,0.009329340451640456,63.28740077766361,1.2447625519511742
2012-10-02,85.47000122070312,86.58999633789062,85.13999938964844,86.3499984741211,64.65990447998047,3758500,0.014816359050096418,68.60465408365708,1.2637076915858003
2012-10-03,86.13999938964844,86.83000183105469,86.13999938964844,86.80000305175781,64.99688720703125,4388700,0.005198084596123998,70.24903491416502,1.2227287451444038
2012-10-04,86.9800033569336,87.44999694824219,86.29000091552734,86.38999938964844,64.68984985351562,2787300,-0.00473507058849122,66.81519059711572,1.2182478371137209
2012-10-05,86.8499984741211,87.31999969482422,86.63999938964844,86.94000244140625,65.10171508789062,3230800,0.00634658526576741,69.00393668272493,1.1976587276895823
2012-10-08,86.62000274658203,86.98999786376953,85.83000183105469,86.04000091552734,64.42778015136719,2107800,-0.010405985396016715,61.81896139926647,1.1949685351913868
2012-10-09,85.69000244140625,86.04000091552734,85.1500015258789,85.43000030517578,63.97100830078125,3131900,-0.007114923481568198,57.452530262324,1.1731850247954618
2012-10-10,85.30000305175781,85.43000030517578,84.31999969482422,84.6500015258789,63.386940002441406,3141600,-0.009172138854781752,52.35978715728522,1.1686718523351833
2012-10-11,85.22000122070312,85.54000091552734,84.61000061035156,84.61000061035156,63.356971740722656,2074500,-0.00047289470342304503,52.10457516946634,1.1516238846809403
2012-10-12,84.87000274658203,85.20999908447266,83.9800033569336,84.0,62.900211334228516,3150300,-0.007235428322405802,48.244772995954335,1.1572218734565207
2012-10-15,84.5,86.37999725341797,84.25,86.22000122070312,64.56256866455078,3413800,0.02608528687001118,59.890301442028665,1.2445629720251954
2012-10-16,86.58000183105469,88.19000244140625,86.30000305175781,88.04000091552734,65.92539978027344,3567000,0.020888985973521262,66.53784549626317,1.2963799897879047
2012-10-17,87.98999786376953,89.63999938964844,87.73999786376953,89.19999694824219,66.79400634765625,4383200,0.013089554793620456,69.95560175612988,1.3394958137944049
2012-10-18,89.04000091552734,89.94999694824219,88.54000091552734,89.79000091552734,67.23583221435547,6010800,0.006592971712154267,71.54751745506456,1.3445315437172933
2012-10-19,89.81999969482422,89.81999969482422,86.69999694824219,87.16000366210938,65.26647186279297,5489600,-0.029727866208457354,57.03995456157615,1.4713509153504891
2012-10-22,86.94000244140625,89.9000015258789,86.43000030517578,87.80000305175781,65.74567413330078,4656300,0.007315419557773845,59.20745433817492,1.6141116514471059
2012-10-23,87.18000030517578,88.0999984741211,86.12000274658203,87.31999969482422,65.3862533569336,4261200,-0.005481833193641731,56.889035513583686,1.640246228310817
2012-10-24,88.52999877929688,89.13999938964844,87.4800033569336,87.5,65.52103424072266,6540500,0.0020591814846618412,57.56015386057852,1.6530857616332029
2012-10-25,88.05999755859375,88.48999786376953,87.75,88.05000305175781,65.93290710449219,5483100,0.006266441421976255,59.628421178380094,1.6057223403572265
2012-10-26,87.52999877929688,88.16000366210938,87.16000366210938,87.62999725341797,65.61840057373047,4187900,-0.004781512788011235,57.33083246785068,1.562456458903139
2012-10-31,87.70999908447266,88.19999694824219,86.18000030517578,86.48999786376953,64.76473999023438,3800400,-0.013094833859647154,51.527249671827185,1.5951379006290867
2012-11-01,86.97000122070312,87.8499984741211,86.4800033569336,87.20999908447266,65.30390167236328,4154100,0.00829046514768631,54.64977423947006,1.5790562732404019
2012-11-02,87.36000061035156,87.62999725341797,86.26000213623047,86.44999694824219,64.73477172851562,3238100,-0.008753297197876615,50.920870911062096,1.5641233335223375
2012-11-05,86.22000122070312,87.83000183105469,85.26000213623047,86.3499984741211,64.65990447998047,5033300,-0.0011571922289762013,50.4333695223237,1.6359716450439004
2012-11-06,86.80999755859375,87.88999938964844,86.55000305175781,87.29000091552734,65.36378479003906,3586100,0.010827060669358686,54.81343856087862,1.6291165929355749
2012-11-07,86.75,86.9000015258789,84.16000366210938,85.33999633789062,63.90359878540039,7163900,-0.02259267688157207,45.77638075515754,1.7084652551380002
2012-11-08,85.05999755859375,85.5199966430664,84.58000183105469,84.73999786376953,63.454315185546875,4603100,-0.007055477741631966,43.4051265835254,1.6535745092004086
2012-11-09,84.31999969482422,85.80999755859375,84.26000213623047,85.16999816894531,63.776283264160156,4030600,0.005061184492089678,45.58066530005882,1.6461760029977568
2012-11-12,85.37999725341797,86.13999938964844,84.76000213623047,85.5199966430664,64.03839111328125,3207800,0.0041013790914716085,47.354854566420876,1.627163235170629
2012-11-13,84.97000122070312,86.11000061035156,84.68000030517578,85.7699966430664,64.4970932006836,4890100,0.007137391470213727,50.40235085091585,1.6130801687424257
2012-11-14,85.70999908447266,85.95999908447266,83.68000030517578,84.0199966430664,63.181148529052734,4280800,-0.02061418224062063,42.755711763436004,1.6607172123534577
2012-11-15,83.86000061035156,84.33999633789062,82.91999816894531,84.1500015258789,63.27888107299805,3569700,0.0015456672548709374,43.441989921845966,1.6435229949671617
2012-11-16,84.27999877929688,84.98999786376953,83.44999694824219,84.54000091552734,63.57217025756836,6370800,0.004624158871477355,45.55156481582333,1.6361285607214604
2012-11-19,85.4800033569336,85.66999816894531,84.5999984741211,85.4000015258789,64.2188720703125,3796400,0.010121324964529659,49.98175143806589,1.5999763244854965
2012-11-20,85.22000122070312,86.56999969482422,85.0999984741211,86.56999969482422,65.09867858886719,4215200,0.013607125854046288,55.30923575974458,1.5906923885010416
2012-11-21,86.62000274658203,86.81999969482422,86.05000305175781,86.6500015258789,65.15885162353516,2624000,0.0009239087959089827,55.657105903702,1.5320712638271392
2012-11-23,87.0,87.63999938964844,86.55000305175781,87.5999984741211,65.87320709228516,2267200,0.010903630045397843,59.67056344273897,1.5004944834031024
2012-11-26,87.19000244140625,87.4000015258789,86.72000122070312,87.29000091552734,65.64009857177734,4925300,-0.0035450217520894087,57.83112714326808,1.4418877563868653
2012-11-27,87.4000015258789,87.52999877929688,86.87999725341797,86.9800033569336,65.4070053100586,3568700,-0.0035574003641779825,55.97306615018799,1.3853244542077252
2012-11-28,86.7699966430664,87.22000122070312,85.45999908447266,87.04000091552734,65.45211791992188,4704900,0.0006894836299821468,56.265933587061944,1.4120871457807784
2012-11-29,87.44999694824219,88.87000274658203,87.16999816894531,88.61000061035156,66.6327133178711,4391500,0.017876796721126964,63.17049830555636,1.4419381947289147
2012-11-30,88.87999725341797,89.08000183105469,88.44999694824219,88.80000305175781,66.77559661865234,4408000,0.002142045806330459,63.913058378030854,1.3839429581634566
2012-12-03,88.91999816894531,89.58999633789062,88.11000061035156,88.4000015258789,66.47479248046875,3712100,-0.004514878360749806,61.119224364740845,1.390803870261714
2012-12-04,88.66000366210938,88.86000061035156,88.12000274658203,88.33000183105469,66.42215728759766,2745500,-0.0007921204469347984,60.61987656167201,1.3443177269408437
2012-12-05,88.55000305175781,89.41999816894531,87.7699966430664,89.01000213623047,66.93353271484375,3425400,0.007669383043230373,63.72106501758812,1.3661522840078482
2012-12-06,89.05000305175781,89.13999938964844,88.19999694824219,88.54000091552734,66.580078125,3975500,-0.005294672405843394,60.19270110451053,1.3357130095363055
2012-12-07,88.77999877929688,88.80000305175781,87.62999725341797,88.31999969482422,66.41464233398438,3526400,-0.0024878562964619245,58.55829747765139,1.3238767801651297
2012-12-10,87.95999908447266,89.80999755859375,87.7300033569336,89.73999786376953,67.4824447631836,4492600,0.015949937219830297,65.13809737261475,1.3778851674147745
2012-12-11,89.87999725341797,90.25,89.62000274658203,89.94999694824219,67.64037322998047,4286300,0.002337555433711108,65.99797003320705,1.3244646021292883
2012-12-12,90.0,90.80999755859375,89.69999694824219,90.16999816894531,67.8057861328125,3571700,0.0024424905932318034,66.91834321255232,1.3091457455737365
2012-12-13,90.05999755859375,90.3499984741211,88.69999694824219,89.1500015258789,67.03878021240234,2713300,-0.011376271411023698,58.9501793638178,1.3334925870241057
2012-12-14,89.05000305175781,90.12999725341797,88.91000366210938,89.19999694824219,67.07637786865234,3398500,0.0005606772235574511,59.20659809099931,1.325385515901569
2012-12-17,89.25,89.63999938964844,89.02999877929688,89.5,67.3019790649414,3049800,0.0033577045201737842,60.78933241736703,1.2742865940765686
2012-12-18,89.98999786376953,90.0,88.98999786376953,89.29000091552734,67.14408111572266,5514200,-0.0023488679638885936,59.06211554917342,1.2554091328018473
2012-12-19,89.51000213623047,89.58000183105469,88.37000274658203,88.48999786376953,66.5425033569336,4916500,-0.008999883147602668,52.895610442476354,1.252165557921191
2012-12-20,88.48999786376953,88.81999969482422,88.0,88.41000366210938,66.48230743408203,2887800,-0.0009050330777005167,52.307104616646896,1.2212965676999787
2012-12-21,87.97000122070312,87.97000122070312,86.33999633789062,87.16000366210938,65.54236602783203,7247000,-0.014239115505173103,44.063318387360894,1.2504900187794445
2012-12-24,86.9800033569336,87.62000274658203,86.91000366210938,87.4000015258789,65.72282409667969,1596900,0.0027495207581387446,45.82853036540043,1.2118835234718168
2012-12-26,87.30000305175781,87.5199966430664,86.0999984741211,86.88999938964844,65.33932495117188,2720400,-0.005852189099653495,42.741620627848626,1.2267488552913524
2012-12-27,86.69999694824219,87.55000305175781,85.26000213623047,86.1500015258789,64.7828369140625,3122600,-0.008553368955078444,38.671094220381704,1.3026954310224945
2012-12-28,85.5999984741211,86.13999938964844,85.16999816894531,85.23999786376953,64.09854125976562,2418700,-0.010619099428944264,34.34022242434996,1.2789315588568253
2012-12-31,85.0,86.80000305175781,84.55999755859375,86.19999694824219,64.82044982910156,3896700,0.011199530944845314,41.75155498714028,1.3475796970216278
2013-01-02,87.36000061035156,89.23999786376953,87.29000091552734,89.1500015258789,67.03878021240234,5772800,0.03365012373132581,57.5921598890927,1.4684669269148931
2013-01-03,89.52999877929688,89.58000183105469,88.33999633789062,88.58999633789062,66.61766815185547,3871300,-0.006301431156681733,54.55890301166854,1.452148253075548
2013-01-04,88.58999633789062,89.27999877929688,88.41999816894531,88.9800033569336,66.91094970703125,3280500,0.004392796562883293,56.285699329813305,1.4098519928809776
2013-01-07,88.48999786376953,88.80000305175781,87.76000213623047,88.52999877929688,66.57254791259766,2573300,-0.005070327425390665,53.747737509424,1.3834340587842895
2013-01-08,88.44000244140625,88.68000030517578,87.44000244140625,88.1500015258789,66.28681182861328,5170700,-0.004301338273593722,51.63077682727323,1.3731886162832352
2013-01-09,88.33999633789062,88.91999816894531,88.20999908447266,88.66999816894531,66.67781066894531,3372500,0.0058812631513091105,54.28424316688064,1.3301034753391758
2013-01-10,88.31999969482422,89.0,87.2699966430664,87.80999755859375,66.0311279296875,5861200,-0.009745957804673371,49.452202379995654,1.35866775259592
2013-01-11,87.94999694824219,88.05000305175781,86.87000274658203,86.95999908447266,65.39192962646484,4681700,-0.00972741549799001,45.172082398412286,1.34590579206591
2013-01-14,87.16999816894531,87.25,86.5,86.91999816894531,65.36185455322266,4401000,-0.0004600260552495752,44.97484207038925,1.3033410926326308
2013-01-15,86.55999755859375,86.86000061035156,85.0,85.08000183105469,63.9782600402832,6277900,-0.02139548580406843,36.975920787271704,1.3431024867554116
2013-01-16,85.02999877929688,85.33999633789062,84.2699966430664,84.31999969482422,63.406734466552734,7753800,-0.00897326111048952,34.26495832246499,1.3235951444746121
2013-01-17,84.0999984741211,84.47000122070312,83.87999725341797,83.94000244140625,63.12097930908203,6268400,-0.004516886218538097,32.9636422564799,1.2711957746753655
2013-01-18,83.80999755859375,83.87000274658203,81.58000183105469,82.08000183105469,61.722320556640625,14408700,-0.02240756653432367,27.465431497413675,1.343967570450507
2013-01-22,82.0,83.41000366210938,81.55999755859375,83.29000091552734,62.63219451904297,9394900,0.014633810427051565,35.054514643258656,1.3801131799551583
2013-01-23,83.05999755859375,84.48999786376953,82.87000274658203,83.06999969482422,62.46675491333008,7670400,-0.0026449415108746994,34.35075636585199,1.3972476040431825
2013-01-24,83.33999633789062,83.91999816894531,82.12000274658203,82.62000274658203,62.128395080566406,8071300,-0.005431361727520813,32.896139910236215,1.426015305351761
2013-01-25,82.7300033569336,83.43000030517578,82.08999633789062,83.41999816894531,62.72994613647461,7235200,0.009635811343985098,37.92861895907137,1.4198716383470036
2013-01-28,83.20999908447266,86.0999984741211,82.81999969482422,85.58999633789062,64.36173248291016,9426900,0.025680296938337264,49.08357493302912,1.552737862700566
2013-01-29,85.0,87.88999938964844,85.0,86.58999633789062,65.11370086669922,21502900,0.011615745462972666,53.25277959550504,1.6482565431968423
2013-01-30,86.5999984741211,86.81999969482422,85.19999694824219,85.37999725341797,64.20382690429688,4963100,-0.014072167832481887,48.11856178628833,1.646238414867213
2013-01-31,85.08999633789062,86.12000274658203,85.04000091552734,85.45999908447266,64.26398468017578,4269700,0.0009365424620228023,48.472288678341066,1.6057929445948897
2013-02-01,86.16999816894531,86.93000030517578,85.25,86.30000305175781,64.89564514160156,3379500,0.009781159922178952,52.16052769091229,1.6110934703506676
2013-02-04,85.44000244140625,86.23999786376953,85.44000244140625,85.73999786376953,64.47454833984375,3907500,-0.006509973860126624,49.61111510174202,1.5531578954944258
2013-02-05,86.08000183105469,86.58999633789062,85.41999816894531,86.52999877929688,65.06859588623047,4577900,0.009171488217534083,53.09408490825691,1.5257893435980605
2013-02-06,86.45999908447266,87.47000122070312,86.0,86.58999633789062,65.11370086669922,5549100,0.0006929510908727599,53.357707621234916,1.5218044776769937
2013-02-07,87.0,87.0,85.04000091552734,85.22000122070312,64.08350372314453,7639700,-0.015948007260215852,46.877352395858445,1.5531040924481125
2013-02-08,85.61000061035156,87.16999816894531,85.38999938964844,86.7699966430664,65.24907684326172,8354900,0.018024919513902837,53.725144768191306,1.5814535821476894
2013-02-11,85.4800033569336,85.9800033569336,84.58999633789062,84.91999816894531,64.2056884765625,7538400,-0.016120085782121703,47.786744499891434,1.5677788276402094
2013-02-12,85.0,85.2300033569336,84.27999877929688,84.54000091552734,63.91840362548828,4656000,-0.0044844857484168605,46.27023546809869,1.5236520954971031
2013-02-13,84.95999908447266,85.12999725341797,84.44999694824219,84.94000244140625,64.22080993652344,7943200,0.0047199739104030825,48.136039561828994,1.4633912533312945
2013-02-14,86.0,86.4000015258789,84.61000061035156,84.72000122070312,64.05447387695312,6189100,-0.002593424825962299,47.16584471586692,1.4867205149167266
2013-02-15,84.23999786376953,84.72000122070312,83.31999969482422,83.61000061035156,63.21523666381836,5622200,-0.013188517111667198,42.51034557854204,1.4805263014140253
2013-02-19,83.51000213623047,84.2699966430664,82.91999816894531,84.12999725341797,63.60841369628906,5944300,0.006200393869607452,45.2375015600484,1.471202885178816
2013-02-20,84.37000274658203,85.33999633789062,84.23999786376953,84.6500015258789,64.00154876708984,6388300,0.006161530134075448,47.89887438157618,1.4525454708426617
2013-02-21,84.58999633789062,85.31999969482422,84.1500015258789,85.12999725341797,64.36448669433594,4094200,0.00565474960810924,50.30020685923344,1.4323635207071368
2013-02-22,85.06999969482422,86.87999725341797,85.06999969482422,86.81999969482422,65.64222717285156,4920400,0.0196571636020884,57.69305574308479,1.4593373805561805
2013-02-25,89.30000305175781,91.25,89.30000305175781,89.55000305175781,67.70630645751953,11422400,0.03096013280833939,66.3904371688323,1.6715275894575805
2013-02-26,89.62999725341797,90.20999908447266,88.66000366210938,89.47000122070312,67.64581298828125,4805200,-0.0008938681346672122,65.96244051507546,1.6628467203794164
2013-02-27,89.1500015258789,91.30000305175781,89.05999755859375,91.02999877929688,68.82527923583984,3549800,0.017285647770117877,70.0205208286615,1.704072347006891
2013-02-28,91.0,93.41999816894531,90.87000274658203,91.55000305175781,69.21846771240234,6528600,0.005696593269016496,71.25102893090666,1.7644954238180617
2013-03-01,91.16000366210938,92.76000213623047,90.51000213623047,92.58000183105469,69.99722290039062,4317700,0.011187866935156353,73.56532650306747,1.7991743221167715
2013-03-04,92.11000061035156,92.75,91.5,92.7300033569336,70.11062622070312,3186700,0.0016188007422636957,73.8948846193554,1.7599475848227164
2013-03-05,93.11000061035156,93.76000213623047,92.55999755859375,93.44000244140625,70.64741516113281,3570200,0.0076271527707627365,75.4547529512458,1.7199516557380023
2013-03-06,93.81999969482422,94.29000091552734,93.08999633789062,93.2699966430664,70.51891326904297,3716300,-0.0018205747647054703,74.31002995645746,1.682812578730768
2013-03-07,93.43000030517578,93.87999725341797,92.81999969482422,92.94999694824219,70.27696228027344,2980100,-0.003436907878056854,72.09231691297917,1.6383257915781237
2013-03-08,93.43000030517578,93.87999725341797,92.8499984741211,93.0,70.31475067138672,3084900,0.0005375621539834996,72.23170409140842,1.5948738621294631
2013-03-11,92.66000366210938,93.36000061035156,90.87000274658203,91.44000244140625,69.13529968261719,5699600,-0.016916151858556838,61.848438473762805,1.6588112908180395
2013-03-12,91.58000183105469,91.80999755859375,91.04000091552734,91.75,69.36967468261719,4997500,0.0033843582121537838,62.987050756466715,1.5953245302643513
2013-03-13,91.5999984741211,91.79000091552734,90.66999816894531,91.54000091552734,69.21088409423828,2606100,-0.0022916729341353123,61.64472591184387,1.5613729742870426
2013-03-14,91.6500015258789,92.29000091552734,91.1500015258789,92.18000030517578,69.69477081298828,3436800,0.006967155893606033,64.15185486033494,1.5312748610985707
2013-03-15,91.83999633789062,92.16000366210938,91.26000213623047,91.80999755859375,69.41503143310547,10172700,-0.004021855432742099,61.6432531171836,1.4861839085828803
2013-03-18,91.2699966430664,91.36000061035156,90.3499984741211,90.38999938964844,68.3414077758789,3605900,-0.015587589251892233,53.06644584172333,1.4521709248434223
2013-03-19,90.68000030517578,92.5199966430664,90.54000091552734,92.4000015258789,69.86112976074219,4010900,0.021993564967174487,61.27908076421599,1.5005870911701755
2013-03-20,92.91999816894531,94.88999938964844,92.87999725341797,94.05000305175781,71.108642578125,4157700,0.017699473639181448,66.46641894288877,1.5712592892129866
2013-03-21,93.6500015258789,94.30999755859375,93.47000122070312,94.30999755859375,71.30522155761719,3674000,0.002760673696123714,67.21182495473556,1.5190262212613894
2013-03-22,94.69000244140625,96.5999984741211,94.0999984741211,96.55999755859375,73.0063705444336,4724700,0.02357714670678248,72.83855184779226,1.589095776885576
2013-03-25,96.91999816894531,97.5199966430664,96.01000213623047,96.80999755859375,73.19537353515625,5042200,0.0025855108254804453,73.38503342423915,1.5834456861677446
2013-03-26,97.29000091552734,98.76000213623047,97.06999969482422,98.66000366210938,74.59412384033203,3127000,0.018929519312697676,77.06305577245216,1.6096284641298142
2013-03-27,98.05999755859375,100.31999969482422,98.0199966430664,100.1500015258789,75.72068786621094,3478300,0.014989675428747311,79.51809862591476,1.6589409346746713
2013-03-28,99.83999633789062,102.62000274658203,99.79000091552734,102.51000213623047,77.50502014160156,5506800,0.023291299642414203,82.68017006547335,1.7425881415589581
2013-04-01,102.62000274658203,103.9000015258789,101.69999694824219,102.30999755859375,77.3537826538086,4099700,-0.0019532313713559258,81.53123930321348,1.7752607441359411
2013-04-02,102.38999938964844,106.61000061035156,102.38999938964844,106.4000015258789,80.44615936279297,4970500,0.03919865395730474,85.85844305829073,1.9555994803946462
2013-04-03,106.68000030517578,106.79000091552734,103.93000030517578,104.80999755859375,79.24397277832031,5306700,-0.015056776273252366,78.18874928335944,2.0201995611058545
2013-04-04,105.19000244140625,106.54000091552734,104.73999786376953,105.87999725341797,80.05299377441406,2850300,0.010157480954540724,79.5149367628511,2.0044712390095656
2013-04-05,104.20999908447266,104.62000274658203,103.47000122070312,104.04000091552734,78.66181182861328,4015900,-0.017531037139268915,71.46776322626773,1.951294329568592
2013-04-08,104.08999633789062,105.13999938964844,103.0199966430664,105.0999984741211,79.46324920654297,3133300,0.010136840237065528,73.15336453123828,1.9633449307838375
2013-04-09,105.4800033569336,105.4800033569336,103.77999877929688,104.30000305175781,78.85836791992188,2881600,-0.0076412083296121805,69.80162831482869,1.9445349055590433
2013-04-10,104.52999877929688,108.2699966430664,104.5,108.25,81.8448715209961,4641500,0.03717221249317726,75.71736588701762,2.0892105259697256
2013-04-11,108.56999969482422,109.36000061035156,107.62000274658203,108.22000122070312,81.82218170166016,4273000,-0.0002772680149673258,75.5962006541034,2.0642667643839974
2013-04-12,108.5,112.0999984741211,108.16999816894531,111.56999969482422,84.35501861572266,5726500,0.030485927945288538,79.53341288365286,2.1975334458691247
2013-04-15,111.30999755859375,111.44000244140625,108.19999694824219,108.4800033569336,82.01878356933594,4458900,-0.028086015790076708,68.54791771114228,2.2719957349616204
2013-04-16,109.31999969482422,110.94000244140625,108.70999908447266,110.8499984741211,83.81067657470703,4627700,0.021612115847819312,71.76883146725868,2.28542454564098
2013-04-17,109.94000244140625,110.38999938964844,107.6500015258789,109.44000244140625,82.7446060180664,3546600,-0.012801576737860237,67.3498241837211,2.317894068364448
2013-04-18,109.62999725341797,109.9000015258789,106.30000305175781,107.45999908447266,81.24756622314453,3889300,-0.018257961476364375,61.61273731658079,2.4094729544899223
2013-04-19,107.16999816894531,111.61000061035156,107.16999816894531,111.37999725341797,84.21138763427734,6032500,0.035829290581639604,67.51296079416085,2.554510774983946
2013-04-22,112.01000213623047,113.97000122070312,110.83000183105469,113.41999816894531,85.75375366210938,4305600,0.018149702407046574,70.08943629869951,2.596331390317124
2013-04-23,113.70999908447266,114.94999694824219,112.0,112.76000213623047,85.2547607421875,4793700,-0.005835900485696059,68.20482158038766,2.6215932158832005
2013-04-24,106.66999816894531,108.37000274658203,104.0199966430664,104.93000030517578,79.33468627929688,7490500,-0.07196852028885374,50.76470608837438,2.7479079425807176
2013-04-25,105.48999786376953,109.23999786376953,105.20999908447266,108.66000366210938,82.1548843383789,8120000,0.03493086025773691,56.474438847222814,2.859485772295934
2013-04-26,109.04000091552734,109.69000244140625,106.9000015258789,108.37999725341797,81.9431381225586,2933600,-0.0025807298609317234,55.94980230739945,2.854522568241035
2013-04-29,108.1500015258789,108.37999725341797,106.33000183105469,106.66999816894531,80.65025329589844,4293900,-0.01590362394848464,52.728853632221906,2.797056343535481
2013-04-30,106.66000366210938,106.66000366210938,103.8499984741211,104.20999908447266,78.79033660888672,5477200,-0.023331587769974252,48.411185103083056,2.797981260996395
2013-05-01,105.05000305175781,106.87999725341797,104.30999755859375,104.54000091552734,79.03984832763672,3744500,0.0031617770290381124,49.01434315189667,2.788839611564175
2013-05-02,105.1500015258789,106.91999816894531,104.4000015258789,105.58999633789062,79.83370971679688,2919800,0.009993708281106538,50.97817138285298,2.7696365423857627
2013-05-03,106.69999694824219,107.56999969482422,106.13999938964844,106.4800033569336,80.50662994384766,2620500,0.008393697796902475,52.643273011308914,2.713234171996322
2013-05-06,106.08000183105469,106.12999725341797,104.68000030517578,104.83000183105469,79.25910949707031,2624100,-0.015617188097220354,49.30003541161137,2.6230029417281697
2013-05-07,105.0,105.55999755859375,104.18000030517578,104.45999908447266,78.97935485839844,2957100,-0.0035358650790372355,48.55534508612012,2.534216821134584
2013-05-08,104.63999938964844,105.51000213623047,104.22000122070312,105.06999969482422,79.4405517578125,3224200,0.005822477896794452,49.89894243973936,2.4453442564483523
2013-05-09,104.80999755859375,105.75,104.12999725341797,104.55999755859375,79.05496978759766,2460800,-0.004865534711965459,48.75252955569964,2.3863912914579006
2013-05-10,104.55999755859375,106.75,104.4000015258789,106.72000122070312,80.68807983398438,2905100,0.020447424157078436,53.61351780205566,2.3837918045052717
2013-05-13,106.18000030517578,107.58999633789062,105.62000274658203,106.88999938964844,80.81660461425781,2547000,0.0015915923162692991,53.983450137443484,2.3542347892769375
2013-05-14,106.5199966430664,109.55999755859375,106.5199966430664,107.94000244140625,81.97090148925781,3756400,0.014181877333506376,57.278716189483035,2.4032180840091093
2013-05-15,108.08000183105469,109.16000366210938,106.44999694824219,107.41999816894531,81.57599639892578,2561900,-0.004829267481355588,55.806336430178966,2.4251315575704004
2013-05-16,107.02999877929688,107.02999877929688,103.5999984741211,104.97000122070312,79.71546936035156,3915400,-0.023071395095809695,49.36765419708873,2.4969078966850704
2013-05-17,105.88999938964844,106.05000305175781,104.33000183105469,105.62999725341797,80.21665954589844,3038000,0.006267556489499429,51.007468298513956,2.44141456268636
2013-05-20,105.33000183105469,105.5,101.25,102.18000030517578,77.59671020507812,3905000,-0.033206186285764765,43.141735346639244,2.570599236780192
2013-05-21,102.44999694824219,104.68000030517578,102.44999694824219,104.23999786376953,79.16108703613281,3490400,0.019959820753147325,48.27118878611947,2.5655564341530352
2013-05-22,104.26000213623047,107.4000015258789,103.61000061035156,104.52999877929688,79.38133239746094,3535200,0.002778379487269008,48.969196110256796,2.6530167542512
2013-05-23,103.0999984741211,106.33000183105469,103.0,105.62000274658203,80.20906829833984,3169500,0.010373347265568463,51.61182644771285,2.701372831165735
2013-05-24,105.0999984741211,106.16999816894531,104.37000274658203,105.91000366210938,80.42932891845703,2411000,0.0027423176770808525,52.31940622244473,2.6369887305369883
2013-05-28,106.76000213623047,108.02999877929688,105.44999694824219,106.19999694824219,80.64952850341797,3164400,0.002734061138164831,53.058429500714375,2.6329182377168237
2013-05-29,105.80999755859375,105.94999694824219,104.1500015258789,104.38999938964844,79.2750015258789,2909900,-0.017190118674952515,48.051777810900354,2.573423750905856
2013-05-30,104.48999786376953,105.83999633789062,104.19000244140625,105.22000122070312,79.90531158447266,2351700,0.007919488793627015,50.36474208010015,2.5074644755900364
2013-05-31,104.4000015258789,105.02999877929688,100.38999938964844,100.52999877929688,76.34365844726562,6097100,-0.04559735922581461,39.627806725781404,2.6597883980227794
2013-06-03,100.61000061035156,101.25,97.22000122070312,99.12999725341797,75.28050231933594,5009900,-0.01402380130547398,37.08626672396344,2.7576605681137862
2013-06-04,99.02999877929688,100.36000061035156,97.12000274658203,97.29000091552734,73.8831787109375,3164700,-0.018735988205188184,33.99982404186535,2.7921132320891964
2013-06-05,97.0,98.33000183105469,94.56999969482422,94.5999984741211,71.84037780761719,4995200,-0.028038496734650194,30.06103472042662,2.861248153813573
2013-06-06,95.01000213623047,97.52999877929688,94.1500015258789,97.48999786376953,74.03506469726562,4670200,0.03009214523952337,38.327315397576676,2.8983016609281727
2013-06-07,98.7699966430664,100.26000213623047,98.31999969482422,98.80999755859375,75.03750610351562,3576300,0.01344924168314195,41.71585441042337,2.8891375617519413
2013-06-10,98.94999694824219,99.44000244140625,97.87000274658203,98.30999755859375,74.65776824951172,2901300,-0.005073489062252288,40.801313044249994,2.794913428399961
2013-06-11,97.26000213623047,99.01000213623047,96.62000274658203,97.93000030517578,74.36918640136719,2064500,-0.003872886076611958,40.082157060271754,2.7659909970605665
2013-06-12,98.97000122070312,99.5,95.97000122070312,96.37000274658203,73.18452453613281,2579600,-0.016057709603146984,37.184660920215286,2.820562981506017
2013-06-13,96.37999725341797,98.69999694824219,95.94000244140625,98.51000213623047,74.80964660644531,2958100,0.02196285681644206,43.245696609264144,2.816236661886726
2013-06-14,98.2300033569336,98.9000015258789,96.91999816894531,97.41999816894531,73.98191833496094,3126400,-0.011126125470159388,41.07193088139954,2.7565057115329306
2013-06-17,98.72000122070312,100.08999633789062,98.5,99.08000183105469,75.24253845214844,3082500,0.016896025408777618,45.56009115374318,2.7503266013481005
2013-06-18,99.12000274658203,102.29000091552734,99.06999969482422,101.5,77.08029174804688,3329000,0.024130886611659554,51.37440816425572,2.783874788444888
2013-06-19,101.69000244140625,102.0,99.1500015258789,99.18000030517578,75.3184585571289,3825500,-0.023122390215870755,46.272141240969205,2.788597908850331
2013-06-20,98.5199966430664,98.58000183105469,95.91000366210938,96.27999877929688,73.1161880493164,3875100,-0.029675445344155706,40.81542661036922,2.7801264988571157
2013-06-21,97.08000183105469,99.12000274658203,95.05999755859375,98.27999877929688,74.63499450683594,6938000,0.020559699502645315,45.58164068237494,2.871546405223628
2013-06-24,96.7300033569336,97.2300033569336,95.41000366210938,96.13999938964844,73.00985717773438,3745400,-0.022015030620162586,41.71095854825535,2.7964359259093845
2013-06-25,97.63999938964844,98.75,95.63999938964844,96.37999725341797,73.19213104248047,3068900,0.0024934539044616875,42.30275404694259,2.8188334033695397
2013-06-26,97.33000183105469,100.16999816894531,97.25,99.5999984741211,75.63742065429688,2975900,0.0328632271527787,49.683285030982404,2.888202511380811
2013-06-27,100.4800033569336,100.62000274658203,98.3499984741211,98.98999786376953,75.17416381835938,2998200,-0.0061435372437329775,48.41962524465837,2.844045494315106
2013-06-28,98.73999786376953,99.87999725341797,97.77999877929688,98.66000366210938,74.923583984375,5269700,-0.0033388917614735,47.7127171172647,2.7908992785869624
2013-07-01,100.19999694824219,101.72000122070312,97.27999877929688,97.48999786376953,74.03506469726562,4898700,-0.01192988568234092,45.19318484993876,2.9086923616454827
2013-07-02,96.79000091552734,97.27999877929688,95.4000015258789,96.05999755859375,72.9490966796875,4006100,-0.014776936074406452,42.2561407660727,2.835214139629232
2013-07-03,95.20999908447266,96.5,95.05000305175781,95.80999755859375,72.75923156738281,2132600,-0.002606099761744864,41.74533210045738,2.736270054530157
2013-07-05,96.91999816894531,97.9000015258789,96.77999877929688,97.63999938964844,74.14895629882812,2233500,0.01892020054828289,46.813363014335266,2.690108191155514
2013-07-08,98.45999908447266,99.22000122070312,97.9000015258789,98.18000030517578,74.55904388427734,2464300,0.00551535390814222,48.24423177832367,2.6108148797197406
2013-07-09,98.88999938964844,99.68000030517578,98.06999969482422,98.33000183105469,74.67296600341797,2085600,0.001526778890885894,48.65746072171005,2.539328146193442
2013-07-10,98.16000366210938,102.33000183105469,98.0199966430664,102.05999755859375,77.50555419921875,4175500,0.037231475132517594,57.70072060576378,2.6658050777502162
2013-07-11,103.63999938964844,103.6500015258789,101.16999816894531,103.26000213623047,78.41687774658203,3567100,0.011689580689353026,60.133641931538094,2.6525335262633147
2013-07-12,103.55999755859375,104.2699966430664,102.23999786376953,104.2699966430664,79.18386840820312,3710500,0.009733414792450698,62.1089459647521,2.6080667586228548
2013-07-15,104.25,104.6500015258789,102.93000030517578,104.44999694824219,79.32058715820312,2532900,0.00172510966228329,62.46595193527056,2.5446335059143026
2013-07-16,104.2699966430664,104.9000015258789,103.54000091552734,104.05000305175781,79.0168228149414,1895700,-0.0038369292005221425,61.08876300863299,2.460016870516964
2013-07-17,104.5,104.94999694824219,103.88999938964844,104.30999755859375,79.21427154541016,2184200,0.0024957020458148175,61.68015593793684,2.360015491093877
2013-07-18,104.55000305175781,106.0,104.2699966430664,104.7699966430664,79.5635986328125,2296700,0.0044002057798583774,62.75858085368777,2.315014624368142
2013-07-19,105.26000213623047,109.68000030517578,104.06999969482422,109.38999938964844,83.07205963134766,5448700,0.043151734821320405,71.44924322305737,2.5503707662241006
2013-07-22,108.25,109.0999984741211,107.81999969482422,108.94999694824219,82.73793029785156,2857100,-0.004030273277423123,69.77917158861459,2.459629910015013
2013-07-23,109.20999908447266,109.20999908447266,106.44000244140625,106.62000274658203,80.968505859375,2560600,-0.02161788367840903,61.57151117342579,2.481798962375827
2013-07-24,107.44000244140625,107.48999786376953,105.87999725341797,106.5999984741211,80.95329284667969,1860200,-0.0001879056786874798,61.50452756382174,2.419527651516951
2013-07-25,106.51000213623047,109.68000030517578,105.36000061035156,109.51000213623047,83.16319274902344,3355500,0.026932498264154486,67.10319326175912,2.5552756546103272
2013-07-26,109.0199966430664,109.87999725341797,108.41000366210938,109.5999984741211,83.23152923583984,2516500,0.0008213781043441565,67.26175376722989,2.477755507231632
2013-07-29,109.58000183105469,109.80000305175781,108.41999816894531,109.37000274658203,83.056884765625,2027600,-0.002100501534951222,66.38116523718682,2.399344748344551
2013-07-30,109.91999816894531,111.30000305175781,109.4000015258789,111.19999694824219,84.4465560913086,3982200,0.01659313030832944,69.77234797090043,2.3658201452610674
2013-07-31,107.87999725341797,109.55000305175781,106.44000244140625,108.29000091552734,82.23670959472656,4432400,-0.026517070861254977,59.494946777044625,2.418975892767531
2013-08-01,109.5999984741211,109.87999725341797,108.41999816894531,109.38999938964844,83.07205963134766,2396200,0.010106628353897874,61.78639005216664,2.3597630674191805
2013-08-02,109.93000030517578,109.98999786376953,108.19999694824219,109.05999755859375,82.82147216796875,2103200,-0.003021065996368264,60.67746333404987,2.319065770855478
2013-08-05,108.9000015258789,108.97000122070312,107.26000213623047,107.43000030517578,81.58363342285156,1839700,-0.015058682417561352,55.389072607316535,2.2755610075424193
2013-08-06,107.0,107.4000015258789,104.56999969482422,105.22000122070312,79.90531158447266,3633400,-0.020786342588702704,49.136021676647815,2.315163923507581
2013-08-07,104.58999633789062,113.30000305175781,103.30999755859375,112.4000015258789,85.35791015625,9915200,0.06601079552223334,63.53798025188535,2.8633668927687586
2013-08-08,111.73999786376953,111.9000015258789,109.3499984741211,110.37999725341797,83.82388305664062,4758700,-0.018135156429229846,58.517862801671455,2.8409837612679767
2013-08-09,108.93000030517578,111.37999725341797,108.36000061035156,109.62999725341797,83.25432586669922,2825300,-0.0068178776856521696,56.725812531407776,2.8537703956821505
2013-08-12,108.77999877929688,109.41999816894531,108.1500015258789,108.20999908447266,82.17595672607422,1854200,-0.013037327846544804,53.3919166018406,2.7406436990667404
2013-08-13,108.62999725341797,108.91999816894531,107.02999877929688,107.86000061035156,81.91018676757812,2683300,-0.003239398345851823,52.571852660434814,2.6798833912511477
2013-08-14,107.02999877929688,108.22000122070312,106.5199966430664,106.63999938964844,81.3381118774414,2170500,-0.007008676190194152,50.76441522282658,2.6098920474215457
2013-08-15,105.94000244140625,108.5199966430664,104.58999633789062,105.76000213623047,80.66690826416016,3267800,-0.00828625499637747,48.650985939047665,2.704185494403991
2013-08-16,105.76000213623047,106.80000305175781,104.83999633789062,104.91000366210938,80.01859283447266,2525400,-0.008069414392672149,46.63157291374008,2.6510298672227903
2013-08-19,105.11000061035156,106.19000244140625,104.3499984741211,104.47000122070312,79.68297576904297,1723100,-0.004203059023656531,45.57689321530013,2.5930994457986736
2013-08-20,104.12000274658203,106.22000122070312,104.12000274658203,105.5999984741211,80.54488372802734,1855500,0.010758631805504999,48.78076514033007,2.5578779478217037
2013-08-21,105.54000091552734,106.18000030517578,103.87999725341797,104.6500015258789,79.82025909423828,2341300,-0.009037245286761501,46.312310500194194,2.5394583123885686
2013-08-22,106.0,107.36000061035156,104.83000183105469,106.29000091552734,81.07115173339844,2115100,0.015549839955435876,50.928634793168506,2.551639796108861
2013-08-23,106.18000030517578,106.5,104.8499984741211,105.5999984741211,80.54488372802734,1572300,-0.006512594668674443,49.0189689411739,2.487237062521007
2013-08-26,110.7699966430664,116.25,110.75,113.75,86.76117706298828,11554700,0.07434466186865286,65.4830366784638,3.0702916670465714
2013-08-27,111.69999694824219,112.63999938964844,108.58000183105469,109.12999725341797,83.2373275756836,5315300,-0.04146335679156756,54.69906027734615,3.1409849450142273
2013-08-28,108.5999984741211,110.0999984741211,108.30000305175781,109.19999694824219,83.29072570800781,3043100,0.0006413109755553789,54.820478855174294,3.0451999791105884
2013-08-29,108.75,111.5,108.5,108.86000061035156,83.03138732910156,2739600,-0.0031185100326709073,54.062599180428634,3.041971409174118
2013-08-30,109.2300033569336,109.83000183105469,108.0199966430664,108.94000244140625,83.0924072265625,2655000,0.000734631668731614,54.22295861665332,2.9539738219465583
2013-09-03,110.52999877929688,111.9800033569336,110.01000213623047,111.01000213623047,84.6712646484375,3309800,0.018822955174951868,58.28101399204243,2.9601186143451863
2013-09-04,111.31999969482422,113.19000244140625,110.19999694824219,113.0199966430664,86.20435333251953,2955800,0.01794439534470029,61.82027128280825,2.9622533914036775
2013-09-05,112.88999938964844,113.27999877929688,111.80999755859375,112.93000030517578,86.1357192993164,2710500,-0.0007964953917389712,61.56844936175331,2.8556639506393524
2013-09-06,113.04000091552734,113.04000091552734,109.98999786376953,111.01000213623047,84.6712646484375,3028400,-0.0171478999529614,56.298787394262284,2.869545315004957
2013-09-09,111.33999633789062,111.95999908447266,110.45999908447266,111.66999816894531,85.17467498779297,2826800,0.00592786397564851,57.64093953175033,2.77172064964746
2013-09-10,112.31999969482422,112.5999984741211,110.41999816894531,111.16000366210938,84.78569030761719,3139700,-0.004577365536672262,56.20454176716866,2.7294549107566257
2013-09-11,112.2300033569336,112.88999938964844,111.37999725341797,111.97000122070312,85.40350341796875,3196200,0.007260341396541152,57.994959550408595,2.6580649690982283
2013-09-12,112.22000122070312,113.68000030517578,111.95999908447266,113.45999908447266,86.53996276855469,2685800,0.01321918099157101,61.14189875696461,2.591060415641435
2013-09-13,113.97000122070312,115.22000122070312,113.2699966430664,115.05999755859375,87.7603530883789,3297100,0.014003534725310763,64.24012067315002,2.5452707129268126
2013-09-16,116.20999908447266,117.18000030517578,115.41000366210938,117.18000030517578,89.3773422241211,4710700,0.018257368074664132,67.89291224809516,2.5148944296164712
2013-09-17,117.30000305175781,117.30000305175781,115.33000183105469,115.7300033569336,88.27137756347656,3145200,-0.01245130221625925,63.142111867416915,2.475973486122661
2013-09-18,115.58999633789062,117.91000366210938,115.01000213623047,117.5199966430664,89.63668823242188,2609400,0.015348797893931978,66.27912341668285,2.506261203248107
2013-09-19,117.8499984741211,117.8499984741211,115.66000366210938,117.18000030517578,89.3773422241211,3030400,-0.002897495677672736,65.14489935853317,2.4836707467312222
2013-09-20,117.1500015258789,117.61000061035156,116.06999969482422,116.8499984741211,89.12564086914062,5324700,-0.002820137988032966,64.00019311325116,2.416265758788088
2013-09-23,115.88999938964844,116.5,115.02999877929688,115.05000305175781,87.75273132324219,2518800,-0.015524081333842392,58.01229082478716,2.348675434639162
2013-09-24,115.19000244140625,116.4800033569336,114.58999633789062,114.77999877929688,87.54676818847656,2225700,-0.00234984389701811,57.14845704753313,2.3159134049537196
2013-09-25,114.80000305175781,114.80000305175781,112.4000015258789,112.4800033569336,85.79249572753906,3651700,-0.020241603869476644,50.28085590878013,2.3219196993055187
2013-09-26,113.62999725341797,114.08000183105469,112.55000305175781,112.8499984741211,86.07472229003906,3534600,0.003284242561622023,51.294908414839284,2.2703538975066313
2013-09-27,112.43000030517578,114.2699966430664,112.16999816894531,113.19000244140625,86.33401489257812,1940200,0.0030078846614066883,52.2583190346148,2.258185652979093
2013-09-30,112.08000183105469,113.2699966430664,111.5,111.91999816894531,85.36537170410156,3041300,-0.011283132503586677,48.40622676443381,2.223315009413901
2013-10-01,111.98999786376953,114.61000061035156,111.73999786376953,114.58000183105469,87.39422607421875,2822600,0.02348868224987031,55.76171139460653,2.2695069906401963
2013-10-02,113.87999725341797,113.87999725341797,112.4000015258789,113.05999755859375,86.23487091064453,2472000,-0.013354586461451856,51.26414075153175,2.2131133289901155
2013-10-03,112.98999786376953,113.05999755859375,110.06999969482422,111.12000274658203,84.75518035888672,3058800,-0.01730776122262892,46.1480913835331,2.2686050814743597
2013-10-04,110.73999786376953,113.48999786376953,110.11000061035156,112.91000366210938,86.12049865722656,3088000,0.015980593168712923,51.00663398972645,2.347990236613189
2013-10-07,111.47000122070312,111.70999908447266,110.08000183105469,110.22000122070312,84.06871032714844,2662300,-0.024113018174782563,44.507944571894974,2.296705023527816
2013-10-08,110.16999816894531,110.80000305175781,106.91000366210938,107.76000213623047,82.19241333007812,4244200,-0.02257144201688581,39.54596465100526,2.4105117639650033
2013-10-09,108.12999725341797,108.41999816894531,105.76000213623047,106.27999877929688,81.06352996826172,5440700,-0.01382983469854444,36.881796093206184,2.4283320688757066
2013-10-10,107.16999816894531,109.98999786376953,106.98999786376953,109.91999816894531,83.83988189697266,3096600,0.03367564405053845,46.43876614460628,2.5198797128469175
2013-10-11,110.0,111.51000213623047,109.66000366210938,110.88999938964844,84.57974243164062,2431300,0.00878597487639526,48.66927041606945,2.47203105293793
2013-10-14,110.0199966430664,111.69000244140625,109.58999633789062,111.58000183105469,85.10603332519531,2211100,0.006203143178044193,50.25618040108277,2.4454578422649083
2013-10-15,111.62000274658203,112.12000274658203,110.88999938964844,111.44000244140625,84.9992446899414,1968900,-0.0012555595044280434,49.91895197247594,2.358639664741243
2013-10-16,112.41999816894531,114.8499984741211,112.3499984741211,114.27999877929688,87.1654281616211,3541600,0.02516541581489419,56.32155729679047,2.4337365481679285
2013-10-17,113.66999816894531,115.97000122070312,113.63999938964844,115.8499984741211,88.36290740966797,2656400,0.013644495883934696,59.410794886611306,2.4263269255169826
2013-10-18,115.94999694824219,116.0,113.77999877929688,114.91999816894531,87.653564453125,2694000,-0.008060004716137346,56.84597522362712,2.4115893751731354
2013-10-21,114.95999908447266,115.47000122070312,112.76000213623047,113.63999938964844,86.67726135253906,2683400,-0.011200696181448422,53.427226419401194,2.4329043544088154
2013-10-22,114.37999725341797,116.63999938964844,113.4000015258789,116.20999908447266,88.63751983642578,3665700,0.02236366117140437,58.786657227433096,2.4905538907917233
2013-10-23,114.94000244140625,116.1500015258789,114.0999984741211,115.66999816894531,88.22560119628906,3365200,-0.004658058531727072,57.29460815912817,2.4590859737178725
2013-10-24,116.27999877929688,117.52999877929688,115.75,116.19999694824219,88.6298828125,3234200,0.004571894648053187,58.41030776134133,2.4162941620488505
2013-10-25,116.62000274658203,116.6500015258789,115.16999816894531,116.31999969482422,88.72138214111328,2002200,0.0010318430686749613,58.67346309596044,2.3494162473977602
2013-10-28,115.98999786376953,118.95999908447266,115.80000305175781,118.33000183105469,90.25448608398438,3322000,0.01713238167159427,62.908342864728546,2.4073148034918375
2013-10-29,118.30000305175781,118.37999725341797,116.69999694824219,118.2699966430664,90.2087173461914,2655600,-0.000507236244334936,62.701769706981224,2.355363767897834
2013-10-30,118.31999969482422,118.5,116.56999969482422,116.87999725341797,89.14852905273438,2527800,-0.0118222225509284,57.95442268128116,2.3249806634176875
2013-10-31,117.11000061035156,117.6500015258789,115.88999938964844,116.13999938964844,88.58409881591797,2648600,-0.00635147458368078,55.5433239372235,2.2846250543328863
2013-11-01,117.06999969482422,118.75,116.55999755859375,118.69000244140625,90.52906036376953,2632300,0.021718538252905453,61.48896912846787,2.3078661654770776
2013-11-04,118.7300033569336,119.69999694824219,116.88999938964844,117.27999877929688,89.45362854003906,2248700,-0.0119505340125389,56.953337962900896,2.34373269355684
2013-11-05,116.33000183105469,116.87000274658203,114.8499984741211,115.13999938964844,87.82136535644531,3299300,-0.01841556191282356,50.82541323959197,2.3206092349071326
2013-11-06,116.25,116.29000091552734,113.08999633789062,113.33000183105469,86.44080352783203,3494200,-0.015844984845465076,46.28890688295468,2.383423187959246
2013-11-07,114.16000366210938,115.25,110.6500015258789,111.02999877929688,84.68653869628906,3827400,-0.02050316756065885,41.25049416036821,2.541749994113663
2013-11-08,111.41000366210938,113.97000122070312,111.2699966430664,113.20999908447266,86.34927368164062,3060000,0.019443733405287315,47.12510246518174,2.570196597491705
2013-11-11,113.0,113.9800033569336,111.66999816894531,113.16999816894531,86.31876373291016,2294800,-0.0003533942877307727,47.03216885045855,2.551611496812889
2013-11-12,112.16999816894531,112.94999694824219,111.44999694824219,112.70999908447266,86.32643127441406,2413500,8.882426769689403e-05,47.06042417632749,2.4764963898976826
2013-11-13,111.55000305175781,113.97000122070312,110.8499984741211,113.52999877929688,86.9544906616211,3220900,0.0072490627416697505,49.43960707402142,2.5224611296608503
2013-11-14,114.0199966430664,116.76000213623047,113.62000274658203,115.41000366210938,88.39442443847656,4040300,0.016424009742755916,54.48953454652062,2.572999860180332
2013-11-15,115.0,115.62999725341797,113.69999694824219,114.9800033569336,88.06507110595703,2910500,-0.0037329100817652208,53.181146338831,2.52707132053715
2013-11-18,116.5,117.72000122070312,115.75,116.02999877929688,88.86929321289062,2879800,0.009090689063977886,55.96182897599719,2.5422803593394625
2013-11-19,115.70999908447266,116.16999816894531,114.6500015258789,115.45999908447266,88.43270111083984,2152200,-0.004924851366133255,54.08388312288988,2.469260093891387
2013-11-20,115.36000061035156,116.69999694824219,114.88999938964844,115.55999755859375,88.50930786132812,2269300,0.000865896750237933,54.373208776346694,2.422169912798698
2013-11-21,115.80999755859375,116.37999725341797,110.75,112.25,85.97412109375,7457200,-0.02906138660364766,44.40192284959667,2.651300437128646
2013-11-22,113.01000213623047,113.5,112.2300033569336,113.02999877929688,86.571533203125,4520400,0.006924712176013511,46.87432663459135,2.5526358804099147
2013-11-25,113.3499984741211,114.04000091552734,112.45999908447266,113.95999908447266,87.2838134765625,3305000,0.008193987384677144,49.74385410393916,2.4831620197416844
2013-11-26,114.06999969482422,114.7300033569336,113.54000091552734,113.66999816894531,87.06173706054688,2737700,-0.0025475446369291597,48.85776831562163,2.3907934784320104
2013-11-27,114.45999908447266,114.87999725341797,112.81999969482422,113.81999969482422,87.17659759521484,2848200,0.0013184303159577738,49.360205017201906,2.3671651984435633
2013-11-29,114.19000244140625,114.44999694824219,113.68000030517578,114.08000183105469,87.37574768066406,1828300,0.0022818389698001248,50.27241206120329,2.253081730202338
2013-12-02,114.29000091552734,114.87000274658203,113.77999877929688,114.47000122070312,87.67444610595703,2185500,0.003412720760084744,51.678394692786426,2.170004747136825
2013-12-03,114.44000244140625,114.47000122070312,112.95999908447266,113.44999694824219,86.89321899414062,2582300,-0.008950481485518143,47.86648050960693,2.1228617035006567
2013-12-04,112.73999786376953,113.54000091552734,112.04000091552734,113.06999969482422,86.60216522216797,2433500,-0.00335517911701817,46.49060264131329,2.0783715818220383
2013-12-05,112.83999633789062,113.51000213623047,112.0999984741211,113.3499984741211,86.81659698486328,3638200,0.002472995069850166,47.68372710951034,2.0306310161282766
2013-12-06,115.06999969482422,115.06999969482422,113.19000244140625,114.12000274658203,87.40637969970703,3243900,0.006770461382230866,50.92491607213618,2.019871461648969
2013-12-09,114.18000030517578,114.31999969482422,113.51000213623047,113.9800033569336,87.29915618896484,2452600,-0.0012274771221138653,50.31461466417235,1.9334518971450247
2013-12-10,113.12000274658203,114.25,113.12000274658203,114.0999984741211,87.39105987548828,3459800,0.0010521905241499723,50.85823091350343,1.8760622797359494
2013-12-11,114.44999694824219,114.44999694824219,112.98999786376953,113.05000305175781,86.58685302734375,3660400,-0.009244996248987444,46.104579311348154,1.8463434800742855
2013-12-12,112.9000015258789,113.86000061035156,112.33999633789062,112.56999969482422,86.21920776367188,3327500,-0.004255010694383748,44.076347501302976,1.8230335366733321
2013-12-13,112.98999786376953,113.30000305175781,111.30999755859375,112.16000366210938,85.9051742553711,2645700,-0.0036489177541606486,42.36206516919819,1.8349601049940987
2013-12-16,112.7300033569336,114.04000091552734,112.06999969482422,112.12000274658203,85.87455749511719,2078600,-0.00035646534391588013,42.189778402433944,1.844605898973315
2013-12-17,112.66999816894531,112.91999816894531,109.94000244140625,111.0,85.01673889160156,3987600,-0.01003943239494444,37.57836944221048,1.9257051724422969
2013-12-18,111.30000305175781,112.75,109.70999908447266,112.7300033569336,86.34176635742188,4045700,0.015465282837757725,47.18175686489044,2.0052977255198003
2013-12-19,112.55000305175781,112.69000244140625,110.91999816894531,112.5999984741211,86.2422103881836,2802600,-0.0011537105837796675,46.60163715338117,1.98849105030131
2013-12-20,112.4000015258789,114.9800033569336,112.0199966430664,114.02999877929688,87.33744812011719,5285600,0.012619592369290241,53.39113721307237,2.0578850262703012
2013-12-23,114.66999816894531,114.72000122070312,112.5199966430664,113.19999694824219,86.70174407958984,2156800,-0.007305330019861401,49.46019267659469,2.068036422796474
2013-12-24,113.33999633789062,113.41000366210938,112.19999694824219,112.25,85.97412109375,1013500,-0.008427666388199256,45.34497308017609,2.006748586444382
2013-12-26,112.62000274658203,114.4800033569336,112.44999694824219,114.36000061035156,87.59020233154297,1558500,0.018622812702623812,54.41660360650806,2.02269535576504
2013-12-27,114.88999938964844,115.48999786376953,114.36000061035156,115.12000274658203,88.17229461669922,2038700,0.006623647517818028,57.17386214498446,1.9589312055973918
2013-12-30,115.36000061035156,115.5199966430664,114.38999938964844,115.48999786376953,88.4556884765625,1534000,0.0032089377694564498,58.490309748588956,1.899721637584576
2013-12-31,115.91000366210938,115.94999694824219,113.66999816894531,114.08000183105469,87.37574768066406,2362700,-0.012283973780379008,51.938272434189074,1.926884290564026
2014-01-02,114.36000061035156,116.19000244140625,114.05999755859375,115.80000305175781,88.69312286376953,2528800,0.014964596106760514,58.10368917810326,1.94139290429606
2014-01-03,115.69999694824219,115.97000122070312,114.05999755859375,114.47000122070312,87.67444610595703,2075800,-0.011551875346675664,52.49580234599954,1.9391508155684396
2014-01-06,114.47000122070312,114.91999816894531,113.12000274658203,113.4800033569336,86.91619110107422,2838100,-0.008686144738102952,48.72598964635285,1.929211144625214
2014-01-07,113.5,116.79000091552734,113.2699966430664,116.43000030517578,89.17566680908203,3632400,0.025663875065145458,58.32897834674309,2.042839225184909
2014-01-08,116.63999938964844,116.9000015258789,115.3499984741211,115.87999725341797,88.75437927246094,2481800,-0.004735437697652321,56.21492292445434,2.0076366413686877
2014-01-09,116.54000091552734,118.95999908447266,116.22000122070312,118.88999938964844,91.059814453125,3400000,0.025643821218199078,63.92117736302091,2.0842341549176875
2014-01-10,119.0,119.0,116.19999694824219,117.98999786376953,90.37047576904297,3053100,-0.007598973692380821,60.49282456664334,2.135360504691982
2014-01-13,118.31999969482422,118.7300033569336,115.94000244140625,116.4000015258789,89.15266418457031,3703900,-0.013567390425092179,54.891649389415534,2.182120534037365
2014-01-14,116.83999633789062,117.94000244140625,116.22000122070312,117.72000122070312,90.16366577148438,2541200,0.011276299263523725,58.34029011876404,2.149112011656348
2014-01-15,118.41999816894531,118.94999694824219,117.4000015258789,118.51000213623047,90.76873779296875,3064600,0.006688401471556327,60.296690044088955,2.106317969563986
2014-01-16,118.81999969482422,119.69000244140625,118.20999908447266,119.02999877929688,91.16703796386719,2553200,0.004378477026424202,61.57587541096632,2.0615812115189582
2014-01-17,118.91000366210938,119.55000305175781,118.30999755859375,119.1500015258789,91.25894927978516,4010000,0.0010076560372092767,61.881079631435654,2.002897231636466
2014-01-21,119.95999908447266,120.0,118.56999969482422,119.25,91.33553314208984,3072700,0.0008388409745970932,62.150850865286614,1.9619760226035599
2014-01-22,119.83000183105469,124.45999908447266,119.58000183105469,124.37000274658203,95.25701904296875,5086200,0.04203879910436697,72.77547251621154,2.193977669879924
2014-01-23,123.0,124.22000122070312,121.5999984741211,123.5999984741211,94.66724395751953,3534800,-0.00621065441429582,69.61062121432957,2.2244080325015028
2014-01-24,122.61000061035156,122.61000061035156,118.98999786376953,119.29000091552734,91.36615753173828,4992900,-0.03549290542849337,55.153112619671035,2.3240933692215404
2014-01-27,119.25,119.83000183105469,117.41999816894531,118.5199966430664,90.77642059326172,4125400,-0.0064755754018234555,53.03397928171318,2.3302298187135286
2014-01-28,118.38999938964844,121.87000274658203,118.30999755859375,120.69999694824219,92.44611358642578,4348600,0.0182263521573849,57.95916454755895,2.418070916518868
2014-01-29,117.0,121.16000366210938,117.0,119.16999816894531,91.27425384521484,5730400,-0.01275716623516644,53.70261281929357,2.5424946840610474
2014-01-30,120.06999969482422,121.9800033569336,119.55000305175781,120.88999938964844,92.59161376953125,3321100,0.014329820797807861,57.48280516628927,2.5616025771987068
2014-01-31,118.55000305175781,120.20999908447266,118.0999984741211,118.94999694824219,91.10575103759766,4934900,-0.016177642390649047,52.29616428818725,2.529345293852482
2014-02-03,119.68000030517578,120.5,116.47000122070312,116.75,89.42073822021484,5046200,-0.018668304694709304,47.10543428824422,2.6365348285270818
2014-02-04,117.69000244140625,117.7300033569336,115.70999908447266,115.77999877929688,88.67780303955078,5093000,-0.008343016004446278,44.985308144081735,2.592496931665214
2014-02-05,115.43000030517578,116.94000244140625,114.56999969482422,115.06999969482422,88.13398742675781,4332200,-0.0061513695004157785,43.44394361050727,2.576604489873558
2014-02-06,115.62000274658203,116.81999969482422,115.08000183105469,116.06999969482422,88.89991760253906,2737000,0.008652974747047279,46.237982284637745,2.5175613120254465
2014-02-07,116.44000244140625,119.04000091552734,115.80999755859375,118.9000015258789,91.06745910644531,2837900,0.02408932508133835,53.27326642799243,2.5684500295188855
2014-02-10,119.68000030517578,120.36000061035156,117.9000015258789,120.30000305175781,92.13973236083984,3352500,0.011705714057254393,56.31853770536367,2.560703533444155
2014-02-11,120.0,121.25,118.8499984741211,121.23999786376953,93.33297729492188,2502700,0.012867244994154717,59.4830454767269,2.5492248186180655
2014-02-12,120.93000030517578,122.54000091552734,120.87000274658203,122.20999908447266,94.07969665527344,2187500,0.00796876002106954,61.36910859775703,2.486422915070012
2014-02-13,121.6500015258789,124.16000366210938,121.22000122070312,124.1500015258789,95.57315063476562,2530100,0.015749669692853574,64.88938660463985,2.518821452665457
2014-02-14,123.54000091552734,124.30000305175781,122.5199966430664,123.83999633789062,95.33448028564453,2677100,-0.002500376462850686,63.88742989578335,2.4660489495244535
2014-02-18,124.83999633789062,126.31999969482422,124.56999969482422,124.94000244140625,96.1812973022461,3082100,0.008843370985428601,65.89936315461593,2.4670456929108204
2014-02-19,124.8499984741211,124.9000015258789,123.12999725341797,123.3499984741211,94.95730590820312,2779400,-0.012807544940768203,60.64050504916191,2.4172570200215433
2014-02-20,123.3499984741211,124.30999755859375,122.9000015258789,123.48999786376953,95.06504821777344,3020000,0.0011339962775621668,60.9360199096986,2.345309806642493
2014-02-21,123.75,125.5,123.26000213623047,123.8499984741211,95.34220123291016,3395000,0.0029111623813957315,61.73196656644566,2.3377875250087103
2014-02-24,124.38999938964844,126.58999633789062,124.19999694824219,125.79000091552734,96.83566284179688,2772600,0.015542806469231236,65.77835435826535,2.3665168349201977
2014-02-25,125.33999633789062,126.22000122070312,124.0199966430664,124.36000061035156,95.73478698730469,2416300,-0.011433611422063995,60.68459112998675,2.3546231022570923
2014-02-26,123.9000015258789,124.2300033569336,121.73999786376953,121.86000061035156,93.81024932861328,3895700,-0.020307614859914974,52.96308881995851,2.3642932730361617
2014-02-27,121.98999786376953,123.9000015258789,121.7699966430664,123.08000183105469,94.74944305419922,3772900,0.009961847950773574,55.911335203257195,2.3475583880201856
2014-02-28,124.26000213623047,126.94999694824219,123.16999816894531,124.0199966430664,95.47306060791016,4853600,0.007608153927814717,58.090910131338134,2.4563038686749934
2014-03-03,122.88999938964844,124.18000030517578,122.5199966430664,123.69000244140625,95.21902465820312,2503900,-0.002664359138261087,57.025095572456856,2.399425282491735
2014-03-04,125.31999969482422,126.05999755859375,124.51000213623047,126.0,96.997314453125,2557800,0.018503531390990643,62.24687384261699,2.3973231278271467
2014-03-05,126.18000030517578,127.1500015258789,125.38999938964844,126.19000244140625,97.1435775756836,2478200,0.0015067732377520473,62.64887214170813,2.3518001998559552
2014-03-06,126.69000244140625,127.41999816894531,124.12000274658203,124.19000244140625,95.60393524169922,3067500,-0.015976082481353567,55.90108714089684,2.41952843003505
2014-03-07,125.30999755859375,125.9000015258789,120.26000213623047,122.26000213623047,94.11820220947266,7124700,-0.015662520196350213,50.273843872335455,2.649562070007435
2014-03-10,122.26000213623047,126.0999984741211,122.25,125.4000015258789,96.5354232788086,3786300,0.025358558966844608,57.72931360900649,2.735307527444125
2014-03-11,125.44999694824219,125.5999984741211,123.73999786376953,124.2699966430664,95.66552734375,2655200,-0.009052003874937434,54.5590695907922,2.672785604794656
2014-03-12,122.9800033569336,126.0,122.9800033569336,125.9800033569336,96.98194122314453,2761100,0.013666770491959116,58.291807534196096,2.697586393242638
2014-03-13,126.16999816894531,126.3499984741211,123.30999755859375,123.95999908447266,95.4268798828125,2436800,-0.016164489668455725,52.776604702776346,2.722044573405831
2014-03-14,123.4000015258789,124.91000366210938,122.36000061035156,122.54000091552734,94.33374786376953,2213600,-0.011521295264267047,49.24914215808161,2.7097558932881154
2014-03-17,123.12000274658203,125.30999755859375,122.55000305175781,123.86000061035156,95.34989929199219,2574100,0.01071427257176416,52.43192522083916,2.7140588039865645
2014-03-18,124.5,127.4800033569336,124.30999755859375,127.47000122070312,98.12893676757812,3255600,0.028729019369337902,59.84825063085743,2.7787690856005263
2014-03-19,127.98999786376953,127.98999786376953,125.72000122070312,126.58000183105469,97.44383239746094,2599500,-0.0070061611897820125,57.46945412151585,2.7424281968480893
2014-03-20,126.16000366210938,127.0999984741211,125.23999786376953,127.05000305175781,97.8056411743164,2311200,0.003706122063913695,58.409622706964555,2.6793976549554803
2014-03-21,127.05000305175781,128.9600067138672,122.47000122070312,122.93000030517578,94.63398742675781,7101100,-0.03296556943801558,48.324839752571165,2.9515839291132364
2014-03-24,123.2699966430664,123.5,118.55999755859375,121.27999877929688,93.36375427246094,4448100,-0.013513486630076081,44.97563415126306,3.0936138228484515
2014-03-25,121.73999786376953,123.94999694824219,119.66000366210938,120.62999725341797,92.86338806152344,3863700,-0.005373732408234402,43.69107723154114,3.1790694987973347
2014-03-26,121.2300033569336,122.88999938964844,120.05000305175781,120.11000061035156,92.46307373046875,3843800,-0.004320105718125876,42.6417547632538,3.154849987303998
2014-03-27,121.30999755859375,123.9800033569336,120.5,122.29000091552734,94.14129638671875,4553400,0.017987444814659147,48.25271176679147,3.2059323272524294
2014-03-28,122.2699966430664,124.12000274658203,120.37999725341797,120.55000305175781,92.8017807006836,3246000,-0.014330978523482843,44.510038132017115,3.244080410531832
2014-03-31,122.5,124.52999877929688,122.19000244140625,123.33999633789062,94.94961547851562,4761200,0.022880559331078725,51.06429997698581,3.296645790318063
2014-04-01,123.66999816894531,126.2300033569336,123.51000213623047,126.06999969482422,97.05120086669922,3163600,0.021892295705251114,56.4808262709721,3.2676001637984133
2014-04-02,126.0199966430664,127.08999633789062,125.0199966430664,125.9800033569336,96.98194122314453,2892900,-0.0007138950155650523,56.25981661025107,3.1820572731573997
2014-04-03,126.16000366210938,127.25,123.12999725341797,124.12999725341797,95.55775451660156,3036300,-0.014793964184180886,51.773507785391416,3.2490533784020164
2014-04-04,125.06999969482422,125.37999725341797,118.98999786376953,119.11000061035156,91.69325256347656,5017400,-0.0412820291159124,41.989023953144184,3.473406664919618
2014-04-07,118.19000244140625,119.73999786376953,116.55999755859375,118.81999969482422,91.47003173828125,4813100,-0.002437398265241791,41.5011403514868,3.452449067795058
2014-04-08,120.16999816894531,120.47000122070312,117.66999816894531,117.9800033569336,90.8233642578125,4181300,-0.007094828526500705,40.04934031025595,3.405845780935255
2014-04-09,117.94000244140625,120.19000244140625,117.5,120.0,92.37841796875,3441800,0.01697681147679225,45.029313350086035,3.3547141138260406
2014-04-10,119.87000274658203,119.94999694824219,113.4000015258789,114.11000061035156,87.84414672851562,6201000,-0.05032919520454233,35.71364552133815,3.582948493007272
2014-04-11,113.2699966430664,116.08999633789062,111.9000015258789,111.94000244140625,86.17364501953125,7262400,-0.019199795706041925,33.00459450969362,3.6263089443647325
2014-04-14,113.0,114.87999725341797,111.38999938964844,113.31999969482422,87.23599243164062,5428500,0.01225261430953527,36.313140357766656,3.6165724386079323
2014-04-15,113.9000015258789,115.98999786376953,111.4000015258789,115.0,88.52930450439453,4750200,0.014716618550077254,40.185871662722434,3.686102717128125
2014-04-16,116.1500015258789,116.23999786376953,113.7300033569336,115.54000091552734,88.9449691772461,3451000,0.004684233092184848,41.418834555673776,3.6020949878215403
2014-04-17,115.61000061035156,117.19000244140625,115.0199966430664,115.45999908447266,88.88340759277344,3237500,-0.0006923707908726592,41.28310639806496,3.499802902858562
2014-04-21,116.45999908447266,117.08999633789062,114.63999938964844,117.0199966430664,90.08432006835938,2657900,0.01342063752245487,45.06498494809811,3.424816763243107
2014-04-22,117.23999786376953,119.70999908447266,117.05000305175781,119.30000305175781,91.83952331542969,4277500,0.019296620805486452,50.12157745971994,3.3723300259690454
2014-04-23,116.06999969482422,116.44999694824219,111.51000213623047,113.31999969482422,87.23599243164062,10965800,-0.05142573917933085,39.77933795311852,3.484306082114951
2014-04-24,114.11000061035156,114.5,111.79000091552734,113.72000122070312,87.54391479492188,6112300,0.003523547835088054,40.661325702718536,3.428998439426216
2014-04-25,113.62000274658203,113.62000274658203,111.30000305175781,111.41000366210938,85.76563262939453,4512500,-0.02052217668623393,37.26677024484487,3.349784243383216
2014-04-28,111.77999877929688,112.33999633789062,108.19999694824219,111.4800033569336,85.81953430175781,6113900,0.0006282789485874663,37.43726199599874,3.40622818240216
2014-04-29,112.30000305175781,112.44999694824219,110.66999816894531,111.9000015258789,86.14286041259766,4116200,0.0037604325339356598,38.516671693165016,3.2900689393232114
2014-04-30,111.80999755859375,112.2699966430664,110.41000366210938,111.75,86.02739715576172,4464900,-0.0013412685300766085,38.262787952953836,3.18792065658277
2014-05-01,111.37999725341797,113.20999908447266,110.80999755859375,112.76000213623047,86.80488586425781,3642700,0.008997091741900835,41.07916006748636,3.1316407186753508
2014-05-02,113.12999725341797,113.72000122070312,111.66999816894531,112.41999816894531,86.54314422607422,4319200,-0.003019842070991378,40.41081001426998,3.0543808853240977
2014-05-05,111.38999938964844,113.33999633789062,110.86000061035156,113.18000030517578,87.12822723388672,2544500,0.0067378430467226885,42.65672979833415,3.013353374053738
2014-05-06,112.55999755859375,113.66999816894531,112.19999694824219,112.27999877929688,86.43535614013672,3760900,-0.007984103127141363,40.70038707398676,2.9031139345286943
2014-05-07,111.72000122070312,112.83999633789062,110.77999877929688,112.7699966430664,86.8125991821289,2823900,0.004354956311163576,42.253268404390624,2.8428913362476265
2014-05-08,112.4000015258789,113.72000122070312,110.56999969482422,110.77999877929688,85.2806625366211,4161900,-0.017804033656653413,37.91154507948936,2.864827778364146
2014-05-09,110.5,111.56999969482422,109.41000366210938,111.4800033569336,85.81953430175781,3487800,0.006298923751139971,40.237802140643694,2.81448265367491
2014-05-12,111.77999877929688,112.7300033569336,111.38999938964844,111.7300033569336,86.01200866699219,3554700,0.0022402690729332597,41.086848218479865,2.7091627475042133
2014-05-13,111.66000366210938,112.18000030517578,110.76000213623047,110.80999755859375,85.77201843261719,3676800,-0.002794094358595213,40.317707356751754,2.6170795633214348
2014-05-14,111.13999938964844,112.4800033569336,110.5199966430664,112.06999969482422,86.7473373413086,2991500,0.011306897074506616,44.83717530842146,2.570145788360417
2014-05-15,112.0,112.31999969482422,109.91999816894531,110.29000091552734,85.36953735351562,2785400,-0.016010393186315842,40.20537194910679,2.557992626754595
2014-05-16,110.86000061035156,112.02999877929688,110.58999633789062,111.94000244140625,86.64669036865234,4193600,0.014849488335220176,45.79511372965725,2.499564429398519
2014-05-19,111.23999786376953,112.47000122070312,110.91999816894531,112.08000183105469,86.75502014160156,3652400,0.0012494661872001832,46.254063121063055,2.431738616709897
2014-05-20,112.80000305175781,112.8499984741211,111.88999938964844,112.22000122070312,86.86344909667969,3234200,0.0012490487866954972,46.74014392697634,2.3266143644072375
2014-05-21,112.08000183105469,113.83999633789062,111.95999908447266,113.48999786376953,87.84650421142578,2805100,0.011253686135963257,51.06159795190703,2.2947131421937184
2014-05-22,113.18000030517578,115.58999633789062,113.01000213623047,114.86000061035156,88.90693664550781,2582700,0.011999145841664898,55.27710336762778,2.315090360727036
2014-05-23,114.98999786376953,115.12000274658203,113.55999755859375,114.33000183105469,88.49666595458984,2812200,-0.004625288509643879,53.36194926006612,2.2611557055314107
2014-05-27,115.7300033569336,115.91999816894531,114.72000122070312,115.88999938964844,89.70419311523438,2513900,0.01355263548667405,57.976809660793194,2.213215750699926
2014-05-28,116.0999984741211,116.37999725341797,115.36000061035156,115.66999816894531,89.53388214111328,2261700,-0.0019003889116049465,57.118341534880344,2.127985814440389
2014-05-29,115.7699966430664,116.5,115.5,116.0,89.789306640625,2123100,0.002848763442000214,58.11991321444658,2.0474153991232185
2014-05-30,116.56999969482422,116.56999969482422,115.02999877929688,115.98999786376953,89.78157806396484,2251900,-8.607828243024359e-05,58.07571276734414,2.011171507437799
2014-06-02,116.72000122070312,117.05999755859375,115.83000183105469,116.44999694824219,90.13764190673828,2741200,0.00395804636854836,59.600099092050186,1.955373237445032
2014-06-03,116.44999694824219,117.72000122070312,116.19999694824219,117.12000274658203,90.65625762939453,2474100,0.005737108901137379,61.77993245003802,1.9242754542318825
2014-06-04,117.5,119.37999725341797,117.22000122070312,119.1500015258789,92.22757720947266,3047900,0.017184222416387375,67.50144183363588,1.9482553865607437
2014-06-05,119.33999633789062,119.33999633789062,117.5999984741211,117.73999786376953,91.13615417480469,3116000,-0.011904599847071482,60.70394017844946,1.9333798492185144
2014-06-06,118.81999969482422,118.83000183105469,117.0199966430664,117.81999969482422,91.19808959960938,2551800,0.0006793614397897242,60.94429423232525,1.9245673734163549
2014-06-09,117.47000122070312,117.79000091552734,116.04000091552734,116.4000015258789,90.09893798828125,2900100,-0.01212557197686201,54.56569521482863,1.9120982753151865
2014-06-10,115.76000213623047,117.1500015258789,115.69999694824219,117.0999984741211,90.64079284667969,1912800,0.005995986375378191,56.95736467170383,1.8790915826238674
2014-06-11,116.95999908447266,117.5199966430664,115.5999984741211,116.33999633789062,90.0525131225586,2178400,-0.006511384574660631,53.65508572959606,1.882013481646828
2014-06-12,116.13999938964844,116.62000274658203,115.61000061035156,116.19999694824219,89.94416046142578,1802900,-0.001203940851385961,53.04505854820541,1.819726956974231
2014-06-13,116.66999816894531,116.69999694824219,115.30000305175781,116.02999877929688,89.81254577636719,1457000,-0.0014643649333854368,52.26770043246962,1.7897460240820984
2014-06-16,116.0,116.91000366210938,115.7300033569336,116.16000366210938,89.91316986083984,2159600,0.0011197517798698232,52.83676567506125,1.746192758445933
2014-06-17,116.75,116.8499984741211,115.66999816894531,116.16999816894531,89.92090606689453,2106100,8.603715418847722e-05,52.88327452208337,1.705750440355208
2014-06-18,116.44000244140625,117.55999755859375,115.5,117.48999786376953,90.94267272949219,2549100,0.011298875535464927,58.67903971498111,1.7310538059436753
2014-06-19,118.12000274658203,118.12000274658203,117.18000030517578,117.8499984741211,91.22130584716797,2206300,0.003059148544616781,60.11969424906144,1.674550137048145
2014-06-20,118.52999877929688,121.0,117.83000183105469,120.97000122070312,93.63633728027344,6247400,0.02613004041105733,69.91153281939668,1.7813678536122286
2014-06-23,120.68000030517578,120.8499984741211,118.5,119.12999725341797,92.21207427978516,2317200,-0.015327447482696753,60.480237544134084,1.821984326505719
2014-06-24,119.45999908447266,120.26000213623047,118.33999633789062,118.79000091552734,91.94890594482422,2003100,-0.00285802686081292,58.899136698979966,1.8289858602081566
2014-06-25,118.69999694824219,120.33999633789062,118.27999877929688,119.41999816894531,92.43656158447266,2666800,0.005289535918419668,60.93700414563049,1.8454866958071274
2014-06-26,119.95999908447266,119.97000122070312,117.4800033569336,119.13999938964844,92.21981048583984,2311400,-0.0023476167732648257,59.52429744316299,1.891523207804442
2014-06-27,119.47000122070312,119.5,117.5,118.58999633789062,91.79409790039062,3331900,-0.004626969218615846,56.74192760191292,1.8992715501041246
2014-06-30,118.95999908447266,119.16999816894531,118.19999694824219,118.37000274658203,91.62379455566406,2422700,-0.0018569986971962856,55.6218265707721,1.8328950980040533
2014-07-01,119.38999938964844,120.5,119.05000305175781,120.30999755859375,93.1254653930664,2072500,0.016256670358377932,62.6273862460832,1.8541166805336187
2014-07-02,120.08000183105469,121.22000122070312,120.0199966430664,121.02999877929688,93.68279266357422,1447000,0.005966855318550734,64.8454555848389,1.8073943874695544
2014-07-03,121.44999694824219,122.8499984741211,120.72000122070312,122.8499984741211,95.09153747558594,1963400,0.014925450541298423,69.73500627908011,1.8304374493230124
2014-07-07,121.8499984741211,123.11000061035156,120.04000091552734,120.16000366210938,93.00935363769531,3075700,-0.022139915211357292,57.09476905635286,1.9189776097159559
2014-07-08,119.98999786376953,120.9800033569336,119.0999984741211,119.95999908447266,92.85455322265625,2455400,-0.0016657397710783922,56.27803430827656,1.9161938435085661
2014-07-09,120.44999694824219,120.62000274658203,118.91999816894531,119.56999969482422,92.55267333984375,2647600,-0.003256401114177781,54.63663079641169,1.9007517530891485
2014-07-10,118.91000366210938,119.19999694824219,117.87999725341797,118.94999694824219,92.07276153564453,2642500,-0.00519877323959697,52.03820289281606,1.859269463213082
2014-07-11,120.43000030517578,120.80000305175781,119.11000061035156,119.7699966430664,92.70746612548828,2733200,0.006869859336295551,55.08086046971025,1.8586077946632638
2014-07-14,120.83999633789062,120.86000061035156,118.80999755859375,118.9800033569336,92.0959701538086,2149600,-0.006617822868714767,51.679280134914755,1.8722788844557314
2014-07-15,118.73999786376953,119.47000122070312,116.56999969482422,116.86000061035156,90.45500946044922,3963000,-0.017978593127319146,43.852798191389084,1.9456876445573867
2014-07-16,117.8499984741211,117.8499984741211,116.2699966430664,117.70999908447266,91.11294555664062,4087100,0.007247302817066539,47.29898883350065,1.919567229307194
2014-07-17,116.7300033569336,117.16999816894531,115.20999908447266,115.38999938964844,89.317138671875,2688000,-0.019906504992525262,40.06980861503554,1.9224552189618698
2014-07-18,116.11000061035156,118.68000030517578,114.93000030517578,118.30000305175781,91.56963348388672,3477600,0.02490631264801459,50.32539443092957,2.052994131893165
2014-07-21,117.62999725341797,119.33999633789062,117.19999694824219,119.02999877929688,92.13471221923828,3076700,0.00615206478040876,52.52047769117981,2.0592087931613987
2014-07-22,119.58999633789062,121.2699966430664,119.3499984741211,121.11000061035156,93.74470520019531,2806100,0.017323416077463454,58.18942490573448,2.0721222982048366
2014-07-23,121.37999725341797,122.38999938964844,121.0,122.01000213623047,94.44133758544922,3527500,0.007403690061983195,60.39302175634861,2.023399233307951
2014-07-24,122.1500015258789,122.36000061035156,121.31999969482422,122.26000213623047,94.63485717773438,3219700,0.00204700184601892,61.00781562935286,1.953156496323622
2014-07-25,121.97000122070312,122.87999725341797,121.66999816894531,122.83999633789062,95.08378601074219,3028900,0.004732583612911111,62.4634406931232,1.900073824048553
2014-07-28,122.62999725341797,123.05000305175781,121.66000366210938,122.6500015258789,94.93672943115234,2432000,-0.0015477971797538141,61.65153147316189,1.863639935877116
2014-07-29,122.5199966430664,124.38999938964844,122.25,123.30999755859375,95.44759368896484,3988100,0.005366675948579643,63.42986757409354,1.883379896860782
2014-07-30,128.6300048828125,131.24000549316406,128.6300048828125,130.00999450683594,100.63371276855469,8465700,0.05290997882938799,75.73277180418646,2.31528189955432
2014-07-31,128.38999938964844,129.33999633789062,127.04000091552734,127.38999938964844,98.60570526123047,4839300,-0.020358195885556197,66.33479708219572,2.314190008326389
2014-08-01,126.16999816894531,127.30000305175781,124.76000213623047,125.55000305175781,97.18146514892578,4542700,-0.01454911710965702,60.64323929340507,2.3303193588407427
2014-08-04,129.0,129.38999938964844,126.5199966430664,128.64999389648438,99.58102416992188,6403700,0.02439162054201253,65.94482480263991,2.4381534287728774
2014-08-05,127.51000213623047,129.0,126.62000274658203,127.87999725341797,98.98497772216797,3749100,-0.006003527616165967,63.65117963727885,2.4339994162475267
2014-08-06,127.26000213623047,128.77999877929688,126.52999877929688,127.08999633789062,98.37350463867188,2579000,-0.006196592442137598,61.29581442308904,2.4208566008012746
2014-08-07,127.41000366210938,128.88999938964844,125.51000213623047,125.75,97.33629608154297,3065200,-0.010599553667781127,57.414767944363945,2.4893666474167526
2014-08-08,125.22000122070312,127.41000366210938,125.13999938964844,126.94999694824219,98.26509857177734,2206800,0.00949696164254153,59.865404341342604,2.4736979063484803
2014-08-11,127.86000061035156,128.0,126.58000183105469,127.31999969482422,98.55152130126953,2529200,0.0029105563531735094,60.6180420213118,2.398433639391111
2014-08-12,126.22000122070312,126.9000015258789,125.4000015258789,126.31999969482422,98.24820709228516,2324500,-0.0030824681682712516,59.348787052020086,2.3342598080060313
2014-08-13,126.6500015258789,127.80000305175781,126.30000305175781,127.33999633789062,99.04151916503906,2537300,0.008042145564226324,61.612753176922496,2.274669821719886
2014-08-14,125.19999694824219,132.52000427246094,124.80999755859375,131.86000061035156,102.55705261230469,6408400,0.034880106857340054,69.6731375351465,2.662908171158979
2014-08-15,133.30999755859375,133.30999755859375,130.0,132.8000030517578,103.28817749023438,4347800,0.007103666692395684,71.03528179643375,2.709128841690034
2014-08-18,133.35000610351562,133.97999572753906,132.3699951171875,133.22000122070312,103.61482238769531,3156700,0.003157471559435205,71.64798279350492,2.6306196823087147
2014-08-19,133.36000061035156,133.69000244140625,131.8000030517578,133.02000427246094,103.45928955078125,1878900,-0.0015021951774260788,70.87915564018707,2.577718232832981
2014-08-20,131.97000122070312,133.27000427246094,131.85000610351562,132.67999267578125,103.19483184814453,1748900,-0.002559424851638593,69.51327945107792,2.49502394255529
2014-08-21,132.9600067138672,133.00999450683594,132.0399932861328,132.52999877929688,103.07816314697266,1774300,-0.001131206861234408,68.88263385221657,2.386093748137278
2014-08-22,132.99000549316406,133.4600067138672,132.4199981689453,132.82000732421875,103.30371856689453,2017800,0.0021858072797164936,69.45950295659628,2.2899448050504634
2014-08-25,133.3800048828125,134.92999267578125,133.3800048828125,134.7899932861328,104.83592224121094,2997500,0.014723109411006415,73.10675350160821,2.2770905583727514
2014-08-26,134.91000366210938,137.6699981689453,134.89999389648438,137.27000427246094,106.76480102539062,3891200,0.018231811157138667,76.85419533674883,2.320155867261305
2014-08-27,137.94000244140625,138.57000732421875,136.69000244140625,137.8300018310547,107.20035552978516,2693200,0.0040712713511443606,77.61279695193348,2.2887165112292474
2014-08-28,137.64999389648438,139.3800048828125,137.2899932861328,138.69000244140625,107.86924743652344,3899700,0.006220256644538016,78.76390038321392,2.2745233030471357
2014-08-29,139.4499969482422,139.72999572753906,138.30999755859375,139.3800048828125,108.40586853027344,2362500,0.004962403488371516,79.66715291390257,2.213485793468434
2014-09-02,139.6199951171875,139.92999267578125,137.1999969482422,137.9600067138672,107.30146026611328,3287800,-0.010239966539007855,72.80381818021921,2.2503793601877646
2014-09-03,138.52999877929688,138.85000610351562,137.33999633789062,138.5800018310547,107.7836685180664,2729300,0.004483890286505112,73.86260343504023,2.1974958177189956
2014-09-04,138.74000549316406,139.5,137.52999877929688,138.00999450683594,107.34034729003906,2975400,-0.004121546856825502,71.12123255128057,2.1812462036464333
2014-09-05,138.22000122070312,138.3300018310547,135.6300048828125,137.8800048828125,107.2392578125,3357100,-0.0009422096286303752,70.47887877907907,2.218299828260416
2014-09-08,138.0,139.36000061035156,137.66000366210938,139.27000427246094,108.32035064697266,2512900,0.010030653763085925,73.2603376564721,2.1812781939733994
2014-09-09,138.66000366210938,138.97999572753906,137.07000732421875,137.38999938964844,106.8581314086914,3122500,-0.013590966271200865,64.4195372783563,2.1619003517838933
2014-09-10,137.38999938964844,139.72000122070312,137.27000427246094,139.19000244140625,108.25812530517578,2330500,0.013016344594365233,68.35685645400301,2.182478680102343
2014-09-11,138.52999877929688,139.92999267578125,137.35000610351562,138.9600067138672,108.07921600341797,3620000,-0.0016539848503448248,67.33144438898522,2.210872100971149
2014-09-12,138.50999450683594,138.99000549316406,136.82000732421875,137.88999938964844,107.24701690673828,2329700,-0.007729696739335805,62.625502431218685,2.207952534397875
2014-09-15,137.57000732421875,138.05999755859375,136.88999938964844,137.97000122070312,107.30924987792969,2174500,0.000580108648134959,62.83469407221947,2.133812936865549
2014-09-16,137.32000732421875,139.5500030517578,136.9499969482422,139.3300018310547,108.36702728271484,2398900,0.009809014695767615,66.28855441461313,2.167112448769126
2014-09-17,140.0,141.57000732421875,138.6199951171875,140.7100067138672,109.44038391113281,3940900,0.0098560954521851,69.39649475242653,2.223033860073563
2014-09-18,140.89999389648438,142.16000366210938,139.9499969482422,142.02000427246094,110.459228515625,2160400,0.00926651833335275,72.03222968349809,2.2221033496302502
2014-09-19,142.99000549316406,144.4600067138672,142.2899932861328,144.00999450683594,112.00700378417969,6703300,0.013914922965904849,75.48625042718193,2.2376675704713933
2014-09-22,143.2899932861328,144.02000427246094,141.08999633789062,142.17999267578125,110.58363342285156,3082800,-0.012789304891013525,67.25971759380501,2.287120453621316
2014-09-23,141.83999633789062,142.39999389648438,140.57000732421875,140.67999267578125,109.41700744628906,2320900,-0.010605759213374475,61.35750212015845,2.2544680335244807
2014-09-24,140.75,142.47999572753906,140.02000427246094,142.24000549316406,110.63030242919922,3227600,0.011027694719926286,64.81554440298457,2.2691482779211696
2014-09-25,142.0800018310547,143.02999877929688,139.39999389648438,139.85000610351562,108.77144622802734,2676400,-0.016945176522182005,56.476823373089296,2.3663523211276933
2014-09-26,140.00999450683594,141.19000244140625,138.92999267578125,141.05999755859375,109.71253204345703,2296200,0.008614742765092675,59.329594255844995,2.3587564243060726
2014-09-29,139.9600067138672,141.5,139.3300018310547,140.07000732421875,108.94258880615234,2218700,-0.007042564716490084,56.090315273496095,2.345273691780304
2014-09-30,140.30999755859375,141.5800018310547,139.02000427246094,140.4600067138672,109.24591827392578,2646800,0.002780436671467282,57.08442089542772,2.360611110838407
2014-10-01,140.38999938964844,140.77999877929688,138.17999267578125,138.82000732421875,107.97036743164062,3752200,-0.01174465809730162,51.775964404312596,2.3777107531724937
2014-10-02,138.97999572753906,139.77000427246094,136.32000732421875,137.1999969482422,106.7103500366211,3060900,-0.011738658959571664,47.115024200307914,2.4543026242489003
2014-10-03,138.07000732421875,139.7100067138672,137.89999389648438,139.14999389648438,108.22702026367188,3429000,0.014112905524998198,52.64143509398227,2.458281705775765
2014-10-06,138.07000732421875,140.5500030517578,136.97999572753906,137.61000061035156,107.02924346923828,3190200,-0.011128959836662084,48.34478568630507,2.5376906785216926
2014-10-07,137.13999938964844,137.5399932861328,135.97999572753906,136.02999877929688,105.80036163330078,2679500,-0.01154816306966074,44.345599347594295,2.4678554556696968
2014-10-08,135.61000061035156,140.3800048828125,135.4199981689453,140.07000732421875,108.94258880615234,3621000,0.02926709776673053,54.671065160333356,2.6458662598266605
2014-10-09,139.57000732421875,140.19000244140625,137.02000427246094,137.5800018310547,107.00592803955078,2750500,-0.01793680010316517,48.67683845545642,2.6833042533351352
2014-10-10,136.77999877929688,140.74000549316406,136.77999877929688,137.38999938964844,106.8581314086914,5750400,-0.0013821551388234993,48.24213031878807,2.774497286230282
2014-10-13,137.0500030517578,137.80999755859375,133.52000427246094,133.55999755859375,103.87924194335938,6866700,-0.028272990685573395,40.409110361135625,2.8827470005090343
2014-10-14,135.3800048828125,135.42999267578125,131.92999267578125,132.1999969482422,102.8215103149414,3736400,-0.010234513900358053,38.04685263804243,2.9268365004726746
2014-10-15,131.02000427246094,131.3699951171875,128.60000610351562,130.89999389648438,101.81037139892578,4700100,-0.009882596367684869,35.887088938943904,2.915633108558332
2014-10-16,128.14999389648438,130.8800048828125,127.66999816894531,130.4499969482422,101.46038818359375,7906000,-0.00344352096570846,35.14346534830267,2.9366597946518214
2014-10-17,131.25,139.85000610351562,129.5,133.69000244140625,103.98038482666016,7351500,0.024533815808890563,44.12178175315606,3.466184530999236
2014-10-20,133.27999877929688,137.5500030517578,133.00999450683594,137.50999450683594,106.95147705078125,6623800,0.028172972182746208,52.4751687746297,3.542886246279424
2014-10-21,138.49000549316406,145.49000549316406,137.00999450683594,144.08999633789062,112.06918334960938,8951400,0.04674114297085635,62.79300367141544,3.89553801342576
2014-10-22,143.80999755859375,144.41000366210938,141.6699981689453,143.63999938964844,111.71920013427734,5222100,-0.003127807576180626,61.804799384358354,3.81299997626421
2014-10-23,145.89999389648438,148.13999938964844,145.24000549316406,147.25,114.52699279785156,4710700,0.024821958676004802,66.37652885653993,3.8620714065310517
2014-10-24,146.85000610351562,147.5,145.52000427246094,147.25999450683594,114.53470611572266,5318400,6.734707644780827e-05,66.3884308962003,3.7276374294601955
2014-10-27,146.6999969482422,148.47000122070312,146.11000061035156,148.1999969482422,115.26590728759766,4172500,0.006363809293026442,67.5607086880336,3.62994908523815
2014-10-28,151.75,157.25,151.47000122070312,157.19000244140625,122.25804138183594,11623200,0.05889220782652469,76.1330031269818,4.017095797132412
2014-10-29,157.91000366210938,159.72000122070312,156.91000366210938,158.8800048828125,123.57247161865234,7069800,0.010693894319308483,77.34500202598996,3.9308744943796503
2014-10-30,158.63999938964844,161.5800018310547,158.16000366210938,161.5800018310547,125.67244720458984,3864500,0.01685109801196896,79.16534087066546,3.8943833282771974
2014-10-31,164.55999755859375,164.64999389648438,161.4199981689453,162.17999267578125,126.13911437988281,7971100,0.0037064835833063095,79.55842033429205,3.846927071081616
2014-11-03,162.0800018310547,162.41000366210938,159.64999389648438,161.55999755859375,125.6568832397461,5823800,-0.0038303367351538845,77.92239904453147,3.7692901206918576
2014-11-04,160.69000244140625,161.99000549316406,159.1699981689453,160.41000366210938,124.76251983642578,3719000,-0.0071429545394629266,74.84822972305489,3.701484206658064
2014-11-05,161.30999755859375,161.30999755859375,158.80999755859375,158.94000244140625,123.619140625,4062900,-0.009206696546512388,70.99222790449225,3.6156639061824882
2014-11-06,159.97000122070312,160.94000244140625,159.47000122070312,160.35000610351562,124.71576690673828,3310900,0.00883189094042017,72.45780057286066,3.5002593414551675
2014-11-07,162.07000732421875,162.25,158.32000732421875,160.25,124.63798522949219,3633300,-0.000623866126757774,72.17924704249262,3.530954579621316
2014-11-10,161.00999450683594,163.1999969482422,160.5,163.08999633789062,127.33157348632812,3160900,0.021381081781622454,75.66778712190641,3.4894576059513787
2014-11-11,163.0800018310547,163.86000061035156,161.52000427246094,162.4199981689453,126.80848693847656,3015700,-0.004116527600203093,73.73416924161131,3.4073532296613247
2014-11-12,161.77000427246094,163.07000732421875,161.0399932861328,161.92999267578125,126.42589569091797,3528900,-0.0030216397527378963,72.27931392967048,3.308971858834511
2014-11-13,162.11000061035156,162.35000610351562,159.5800018310547,160.85000610351562,125.58270263671875,3636900,-0.006691805012414046,69.04586958960748,3.270474174093542
2014-11-14,161.10000610351562,161.27999877929688,156.6199951171875,157.67999267578125,123.10775756835938,4505700,-0.019904477057808394,60.49182892845996,3.3697262803803874
2014-11-17,156.91000366210938,160.1999969482422,156.66000366210938,159.13999938964844,124.24765014648438,2662400,0.009216702864166513,62.77902996490335,3.3818882093627036
2014-11-18,158.91000366210938,162.38999938964844,158.3699951171875,162.24000549316406,126.66791534423828,3135600,0.019292069488599174,67.13013039937528,3.4274679281554343
2014-11-19,161.27999877929688,163.27999877929688,160.3699951171875,162.63999938964844,126.98027801513672,2422900,0.002462961195704869,67.65565212531115,3.39050619486643
2014-11-20,161.91000366210938,164.8300018310547,161.75,162.67999267578125,127.01148986816406,3208900,0.00024577058890176364,67.71120284241718,3.3683273117370196
2014-11-21,165.5800018310547,165.5800018310547,161.42999267578125,162.80999755859375,127.11296081542969,3717000,0.0007985925981181652,67.90419797128399,3.424161729132478
2014-11-24,163.0,165.67999267578125,162.9499969482422,164.17999267578125,128.1826171875,2193300,0.008379797564790013,69.94366968926714,3.384578399707837
2014-11-25,164.05999755859375,164.41000366210938,160.6999969482422,162.24000549316406,126.66791534423828,3564900,-0.011887121947514852,63.76468358918892,3.4078232792906475
2014-11-26,162.75,164.83999633789062,162.47000122070312,164.72000122070312,128.60415649414062,2118000,0.015170310401935243,67.69361254901943,3.35012096253607
2014-11-28,165.0,167.35000610351562,164.52000427246094,165.30999755859375,129.0648193359375,1794800,0.0035756212490323635,68.5668619144971,3.3129695960016856
2014-12-01,165.1199951171875,167.3699951171875,164.1699981689453,166.41000366210938,129.92367553710938,2514200,0.006632413149748906,70.18496844795047,3.3049001211617215
2014-12-02,167.60000610351562,169.3300018310547,166.8000030517578,169.27999877929688,132.1643829345703,3290200,0.01709930628865005,73.95233247453174,3.277407124574835
2014-12-03,169.27999877929688,169.49000549316406,166.5,168.07000732421875,131.21971130371094,2369100,-0.007173369253268269,69.93990006664768,3.2568784366169226
2014-12-04,167.5399932861328,168.75999450683594,166.4499969482422,166.5500030517578,130.032958984375,3357800,-0.009085154849501897,65.15710746624157,3.189244088186696
2014-12-05,166.67999267578125,169.41000366210938,166.11000061035156,169.24000549316406,132.13316345214844,2548700,0.016022279135732974,69.17457017747195,3.19715544272749
2014-12-08,169.38999938964844,173.13999938964844,169.0,171.63999938964844,134.00697326660156,3953700,0.014081609793020556,72.2490020453849,3.2645014389361293
2014-12-09,170.32000732421875,170.91000366210938,167.44000244140625,169.38999938964844,132.25025939941406,3712300,-0.013195805731182973,65.63932773650349,3.279179994776629
2014-12-10,169.0,169.75,165.0,165.38999938964844,129.1273193359375,3490200,-0.023897142946869915,55.85640754234089,3.3842385665782984
2014-12-11,166.6999969482422,169.63999938964844,165.60000610351562,166.0800018310547,129.66600036621094,3173600,0.004163027151350436,57.045633608532405,3.4460786689655625
2014-12-12,163.13999938964844,167.7100067138672,162.3000030517578,164.52999877929688,128.45582580566406,3366700,-0.009376839189021744,53.55504886192901,3.586359025618692
2014-12-15,164.77000427246094,164.99000549316406,159.39999389648438,159.60000610351562,124.60676574707031,4428300,-0.030422172569294147,44.27543390718458,3.729477066408763
2014-12-16,157.67999267578125,163.9600067138672,157.5,159.44000244140625,124.48185729980469,4492800,-0.0010029238285372067,44.00893697126698,3.9245148983700795
2014-12-17,159.4600067138672,164.00999450683594,158.60000610351562,163.47999572753906,127.63605499267578,3417900,0.025022912849555445,51.88472703899223,4.030620148723668
2014-12-18,166.10000610351562,168.58999633789062,164.5800018310547,168.47999572753906,131.53982543945312,3511800,0.030126767183449882,59.48120062572761,4.107718753125661
2014-12-19,168.91000366210938,171.72999572753906,167.39999389648438,170.1699981689453,132.85922241210938,7856300,0.009980428714391757,61.68308978957021,4.123596115834877
2014-12-22,168.30999755859375,169.0399932861328,163.91000366210938,164.52999877929688,128.45582580566406,4061500,-0.033705012349565903,51.60403995872218,4.1954813664197745
2014-12-23,164.91000366210938,164.99000549316406,154.36000061035156,157.52000427246094,122.98280334472656,7091700,-0.04354054179160188,42.34300963613484,4.655090189019255
2014-12-24,156.52999877929688,163.1699981689453,156.47000122070312,160.6699981689453,125.44214630126953,2222800,0.01980013124545025,46.950197516110485,4.8011549575351795
2014-12-26,162.16000366210938,164.14999389648438,161.85000610351562,163.4600067138672,127.6204833984375,1707500,0.017216219590302752,50.70733372212626,4.706786441106885
2014-12-29,163.8300018310547,164.0500030517578,161.52000427246094,162.85000610351562,127.14417266845703,1727600,-0.003739225780432427,49.87554922742834,4.551301608120456
2014-12-30,162.69000244140625,162.72999572753906,160.17999267578125,160.6300048828125,125.41094207763672,2019800,-0.013725778658367951,46.86308705007215,4.40835171123741
2014-12-31,161.6699981689453,163.27999877929688,159.25999450683594,159.2899932861328,124.36477661132812,2691900,-0.00837688778910352,45.092697467983875,4.380612608467662
2015-01-02,160.16000366210938,162.58999633789062,158.60000610351562,159.88999938964844,124.83318328857422,2605400,0.0037593183273213837,46.07497828093751,4.3527110103181865
2015-01-05,157.42999267578125,159.60000610351562,154.25999450683594,157.99000549316406,123.34979248046875,4080300,-0.011954151717251914,43.42545856629757,4.42323248077258
2015-01-06,158.77999877929688,158.8800048828125,152.3300018310547,152.89999389648438,119.37579345703125,5075800,-0.032747715071227056,37.24614539197388,4.575144664414382
2015-01-07,154.08999633789062,158.5800018310547,153.00999450683594,158.24000549316406,123.54499053955078,3502400,0.03432894005593561,45.93773794108759,4.6540634694255205
2015-01-08,159.60000610351562,162.75999450683594,155.14999389648438,157.6699981689453,123.0999526977539,4560200,-0.003608736663578594,45.217795891761625,4.865201836634524
2015-01-09,158.75999450683594,158.75999450683594,154.6300048828125,155.72999572753906,121.58528137207031,3949100,-0.012380728073767451,42.76146614502952,4.812686678590874
2015-01-12,156.22000122070312,157.99000549316406,154.99000549316406,156.22000122070312,121.96785736083984,2700700,0.0031416249071758075,43.594916080130595,4.683209058691526
2015-01-13,158.88999938964844,160.9600067138672,153.41000366210938,155.13999938964844,121.1246566772461,4570400,-0.006937310008108679,42.13855657304974,4.887980058196261
2015-01-14,152.8699951171875,155.5399932861328,152.57000732421875,155.16000366210938,121.14024353027344,3426400,0.00012867611474467924,42.17701092184047,4.750980479890389
2015-01-15,156.14999389648438,157.74000549316406,151.52999877929688,151.9199981689453,118.61065673828125,2894000,-0.021102574890411077,37.7878255112433,4.855196639460161
2015-01-16,152.42999267578125,158.44000244140625,152.02999877929688,158.42999267578125,123.69328308105469,3513200,0.041958640870559165,49.22204697905894,4.974111470388787
2015-01-20,159.2100067138672,159.72999572753906,154.64999389648438,157.60000610351562,123.04530334472656,3664400,-0.005252370416696854,48.010540506351866,4.981675067579209
2015-01-21,155.3800048828125,158.27000427246094,155.3800048828125,157.3800048828125,122.87350463867188,2804900,-0.0013971988186812997,47.67549451840642,4.832269662012726
2015-01-22,158.1699981689453,159.77999877929688,154.11000061035156,159.57000732421875,124.58338165283203,3783100,0.013819815269083175,51.31695210328414,4.892107412507911
2015-01-23,159.8000030517578,160.00999450683594,158.25,159.80999755859375,124.77069854736328,2249400,0.0015024172022055635,51.71340669111458,4.66838506210277
2015-01-26,159.6199951171875,161.47999572753906,157.6699981689453,159.72999572753906,124.70824432373047,3149600,-0.0005006773254586209,51.56263481556585,4.607071668994982
2015-01-27,158.52999877929688,160.74000549316406,158.27999877929688,158.88999938964844,124.05245971679688,2876300,-0.0052724253906014365,49.916940256578705,4.453709886485854
2015-01-28,158.32000732421875,160.91000366210938,154.50999450683594,154.63999938964844,120.73426818847656,4927100,-0.02711253848011435,42.52173802944652,4.592731262827825
2015-01-29,154.88999938964844,156.83999633789062,153.75999450683594,156.3699951171875,122.08495330810547,3435500,0.01112514110149695,46.026966073543406,4.484679160558315
2015-01-30,155.5500030517578,156.8699951171875,151.52999877929688,152.25999450683594,118.87610626220703,5318200,-0.026635314074426483,39.81487775858614,4.54577324465348
2015-02-02,153.41000366210938,153.97000122070312,149.39999389648438,152.5,119.06348419189453,3832500,0.001575004546865374,40.321399401188266,4.547504250336714
2015-02-03,153.75999450683594,153.75999450683594,148.8699951171875,152.22999572753906,118.85269927978516,4298400,-0.0017719262656630647,39.91444595259065,4.57196818885898
2015-02-04,150.1300048828125,153.14999389648438,147.4199981689453,151.4499969482422,118.24372100830078,5827100,-0.005136978533162925,38.699216548842145,4.654684441621844
2015-02-05,152.2899932861328,153.89999389648438,151.02000427246094,153.36000061035156,119.73493194580078,3564400,0.012532472444563722,43.25514234020601,4.5279205260791
2015-02-06,154.32000732421875,154.75999450683594,150.60000610351562,151.39999389648438,118.20467376708984,3242700,-0.012862753744235731,39.9720901480059,4.501639660167759
2015-02-09,150.0,151.8300018310547,149.1999969482422,150.00999450683594,117.1194076538086,3236400,-0.009223652767465439,37.78190843092794,4.36795146178524
2015-02-10,150.5,152.6300048828125,149.0500030517578,152.57000732421875,119.74879455566406,4108600,0.022202177299814958,45.564252346851426,4.3116693453044865
2015-02-11,153.3000030517578,155.24000549316406,152.25999450683594,153.11000061035156,120.17259216308594,3998700,0.0035328075916288768,46.72099963497361,4.216550891091889
2015-02-12,154.8300018310547,154.8300018310547,151.1199951171875,153.17999267578125,120.2275619506836,2935800,0.00045731907916893186,46.87867847276509,4.180369164147267
2015-02-13,153.6199951171875,153.80999755859375,150.2100067138672,153.47999572753906,120.4630355834961,3591400,0.0019566506573203304,47.59416245753159,4.138913569902931
2015-02-17,153.52000427246094,154.85000610351562,153.0,154.24000549316406,121.05953979492188,3895600,0.004939541766118438,49.451518131485216,3.9754201794466946
2015-02-18,154.22000122070312,156.22999572753906,153.63999938964844,155.77999877929688,122.26827239990234,3297900,0.009935095676108313,53.08038671532988,3.876461333621261
2015-02-19,155.97000122070312,156.4199981689453,155.0399932861328,156.0500030517578,122.48018646240234,3913900,0.0017316890691893533,53.70784484057776,3.69814301570635
2015-02-20,156.42999267578125,157.75,155.05999755859375,157.66000366210938,123.74383544921875,4411100,0.010264311917363022,57.36891513657904,3.6261329746849142
2015-02-23,158.07000732421875,159.1999969482422,157.80999755859375,158.4199981689453,124.34027862548828,3094300,0.004808404017952598,59.01646069592449,3.4771229969311928
2015-02-24,159.0,159.11000061035156,156.25,157.3699951171875,123.51618194580078,2060500,-0.006649814288351456,55.8072694732669,3.433042826461219
2015-02-25,157.75999450683594,158.77999877929688,155.74000549316406,158.0800018310547,124.07344055175781,3262800,0.004501477415142327,57.49060489939586,3.404967859294904
2015-02-26,158.47999572753906,159.39999389648438,156.0,158.97000122070312,124.77203369140625,3379800,0.005614689011475914,59.56972118049629,3.4046125762370094
2015-02-27,159.10000610351562,159.24000549316406,157.1999969482422,157.72000122070312,123.79090881347656,2472000,-0.007894418721444424,55.46663773091754,3.3071408597145
2015-03-02,159.2899932861328,159.89999389648438,157.6199951171875,159.6300048828125,125.29000854492188,3483500,0.012037195367586366,60.00014316932218,3.233773568256098
2015-03-03,159.39999389648438,159.39999389648438,157.50999450683594,158.55999755859375,124.45021057128906,2334900,-0.0067253976312585196,56.52842456484223,3.137789698355551
2015-03-04,158.0500030517578,159.74000549316406,156.80999755859375,159.19000244140625,124.94468688964844,3098600,0.00396541365796216,58.06694781165208,3.122948143799462
2015-03-05,160.0,161.47999572753906,158.86000061035156,159.60000610351562,125.2664566040039,2470900,0.002571986900673673,59.08179261826162,3.0870229276128933
2015-03-06,158.5,159.9199981689453,154.0,154.8800048828125,121.56182861328125,4091400,-0.030020110564049365,45.444972155156336,3.289378301993781
2015-03-09,154.85000610351562,155.74000549316406,152.77999877929688,155.00999450683594,121.66387176513672,2135000,0.0008390820351939794,45.81595584752206,3.2658517599847383
2015-03-10,152.8699951171875,155.6300048828125,152.2899932861328,153.5800018310547,120.54151916503906,3509600,-0.009267841886467782,42.40070031665727,3.2711488911772344
2015-03-11,154.1199951171875,154.27000427246094,152.4199981689453,152.6999969482422,119.85082244873047,2487100,-0.005746427796496465,40.4046102595268,3.169638692058548
2015-03-12,154.25999450683594,154.77000427246094,152.9499969482422,154.25,121.0673828125,1889400,0.010099450168855056,45.29005736850068,3.0910935943557054
2015-03-13,153.27999877929688,154.75,152.5800018310547,154.25999450683594,121.07521057128906,2737900,6.465412534324549e-05,45.321117246014396,3.025301063969249
2015-03-16,157.72999572753906,163.1999969482422,156.74000549316406,163.02999877929688,127.9586181640625,5201600,0.0552949885867055,64.43952638263124,3.4477797337861773
2015-03-17,162.25,163.75999450683594,161.74000549316406,163.07000732421875,127.99002838134766,2620800,0.00024544155920964885,64.50052306451693,3.3457946823494416
2015-03-18,162.97000122070312,167.60000610351562,161.8300018310547,166.5399932861328,130.71351623535156,3690100,0.0210556718645165,69.40145465321788,3.518952510214548
2015-03-19,167.6699981689453,169.22000122070312,166.97000122070312,169.11000061035156,132.7306365966797,3756600,0.015313756325616766,72.43660651216497,3.459027897668531
2015-03-20,170.39999389648438,172.36000061035156,168.50999450683594,170.10000610351562,133.50770568847656,9040600,0.005837410883061109,73.52606490645931,3.486954912371895
2015-03-23,168.89999389648438,169.2100067138672,165.6999969482422,166.5399932861328,130.71351623535156,3879900,-0.021151167208677806,63.76609100341524,3.4886016876042594
2015-03-24,166.05999755859375,168.25,165.39999389648438,166.00999450683594,130.29750061035156,2555600,-0.0031877273404753823,62.43720039688326,3.442987717312214
2015-03-25,166.0,166.7899932861328,160.57000732421875,160.6199951171875,126.06706237792969,4010100,-0.0330062956822149,50.83538494820358,3.641344734783775
2015-03-26,158.83999633789062,162.69000244140625,157.36000061035156,160.5500030517578,126.01212310791016,3146500,-0.0004358889908622532,50.70361884638005,3.761963098803126
2015-03-27,161.25999450683594,163.4499969482422,161.0,162.58999633789062,127.61324310302734,2438900,0.012626034133927272,54.412232444862745,3.700393870066072
2015-03-30,164.50999450683594,165.82000732421875,163.0500030517578,164.30999755859375,128.96322631835938,2388100,0.010523144823556591,57.327219688142854,3.6667950926562187
2015-03-31,163.32000732421875,164.08999633789062,159.72000122070312,159.85000610351562,125.46267700195312,3111000,-0.027518976488121735,48.64180547789131,3.717023665837025
2015-04-01,159.3699951171875,159.38999938964844,154.63999938964844,157.10000610351562,123.30428314208984,5135000,-0.01735317280000253,44.195615440173235,3.7908076897058085
2015-04-02,157.1199951171875,158.17999267578125,155.02999877929688,155.8800048828125,122.34675598144531,3015200,-0.007795871847979298,42.346349379340396,3.7450352759042778
2015-04-06,154.8000030517578,157.27000427246094,154.60000610351562,155.27999877929688,121.87582397460938,3185700,-0.003856585174157866,41.42821091571053,3.668246911121494
2015-04-07,155.6199951171875,159.47000122070312,155.27999877929688,157.27999877929688,123.4455795288086,2942600,0.01279771725153109,45.6577073740685,3.7055151632846908
2015-04-08,157.67999267578125,160.99000549316406,157.66000366210938,160.3300018310547,125.83939361572266,3031200,0.01920603268181218,51.41887861930956,3.7058359883262972
2015-04-09,161.22999572753906,161.8000030517578,159.07000732421875,161.49000549316406,126.7499008178711,2860600,0.007209419923175275,53.440763068751984,3.6361331125557803
2015-04-10,161.58999633789062,163.69000244140625,160.30999755859375,163.3800048828125,128.23326110839844,2407200,0.011635097890416446,56.609127482055804,3.617838239002689
2015-04-13,162.82000732421875,164.72000122070312,162.33999633789062,162.49000549316406,127.53478240966797,1767700,-0.005461827251867177,54.720818502816144,3.52942157070339
2015-04-14,162.5,163.47000122070312,160.55999755859375,162.57000732421875,127.59757995605469,2099400,0.0004922742616623874,54.866585424084576,3.485177434375246
2015-04-15,163.1199951171875,165.91000366210938,162.86000061035156,165.47000122070312,129.87367248535156,3659300,0.01768082301846943,59.9048830559282,3.4748073560549164
2015-04-16,166.39999389648438,167.63999938964844,165.07000732421875,166.8699951171875,130.97250366210938,3085600,0.008425177573211281,62.10427002796472,3.4101776924388285
2015-04-17,165.0,165.5,161.72000122070312,163.5800018310547,128.39024353027344,4249700,-0.019913002058736338,54.533696206874495,3.4365934843572603
2015-04-20,164.63999938964844,166.0500030517578,163.05999755859375,165.97000122070312,130.26611328125,2760900,0.014504979992502947,58.49214475413236,3.404694342129175
2015-04-21,167.08999633789062,168.8800048828125,167.07000732421875,168.4600067138672,132.22048950195312,3794800,0.014891520681770153,62.185986635438184,3.369359293556332
2015-04-22,173.0399932861328,173.60000610351562,167.00999450683594,169.10000610351562,132.72280883789062,5352200,0.0037919052187395928,63.095039545275576,3.5994058866365717
2015-04-23,167.94000244140625,169.5500030517578,166.5800018310547,169.1699981689453,132.7777557373047,3668100,0.00041391173903112047,63.199257117477835,3.5544484104984684
2015-04-24,168.14999389648438,169.25,166.05999755859375,167.91000366210938,131.78880310058594,2548300,-0.007476056287855868,59.91950221675818,3.52841655556331
2015-04-27,168.49000549316406,168.72000122070312,161.5500030517578,162.3800048828125,127.44842529296875,4386200,-0.03348888948920452,48.11720529708133,3.7885295279477385
2015-04-28,162.14999389648438,165.3000030517578,160.6300048828125,162.49000549316406,127.53478240966797,4262800,0.000677355350409738,48.335251206861116,3.8514915737332798
2015-04-29,161.27999877929688,163.4600067138672,159.52999877929688,160.97999572753906,126.3495864868164,3281800,-0.009336569538349195,45.50846190667164,3.8570998852216394
2015-04-30,159.83999633789062,161.7100067138672,156.47000122070312,157.91000366210938,123.94004821777344,4444300,-0.019254594494040243,40.342822346599974,3.955878857217527
2015-05-01,159.5,161.69000244140625,158.64999389648438,160.36000061035156,125.86296844482422,3259800,0.01539579653730207,45.64532581824929,3.9433159945089087
2015-05-04,161.5,163.9600067138672,161.4499969482422,162.11000061035156,127.23651885986328,3496200,0.010853944543745195,49.123891163375525,3.9187938594379594
2015-05-05,161.30999755859375,162.19000244140625,159.24000549316406,159.44000244140625,125.14088439941406,3086000,-0.016607529830987008,44.449882658519314,3.849594080066833
2015-05-06,160.0,160.38999938964844,156.64999389648438,158.9499969482422,124.75630950927734,3762700,-0.0030778672438840277,43.62948038508294,3.8417663238594923
2015-05-07,159.24000549316406,159.82000732421875,157.1999969482422,157.89999389648438,123.93215942382812,4374000,-0.006627996111614115,41.846976881564125,3.7544980418678544
2015-05-08,159.77999877929688,162.86000061035156,159.1300048828125,162.33999633789062,127.41706848144531,4664200,0.027731395215987855,50.96899572054618,3.840605804153521
2015-05-11,162.30999755859375,162.99000549316406,161.0,161.0500030517578,126.4045639038086,2723800,-0.007978121790843258,48.584447202823895,3.708420067654274
2015-05-12,159.0,159.25999450683594,155.7100067138672,158.24000549316406,124.81123352050781,4359700,-0.012685123826819762,45.0153814633507,3.697103476605308
2015-05-13,159.74000549316406,161.24000549316406,157.64999389648438,158.38999938964844,124.92961120605469,2727000,0.0009480042765299704,45.33667502045055,3.6894540566106206
2015-05-14,159.89999389648438,162.16000366210938,158.19000244140625,161.97999572753906,127.76113891601562,2717500,0.022411950018515262,52.48818968515216,3.709493139760085
2015-05-15,163.27000427246094,163.6300048828125,161.67999267578125,162.36000061035156,128.0608673095703,2384600,0.0023432583859700927,53.18636756160151,3.583815930279454
2015-05-18,161.6999969482422,163.89999389648438,161.27000427246094,163.44000244140625,128.91273498535156,2153900,0.006630025719767738,55.201292736414274,3.5156854798325954
2015-05-19,163.86000061035156,164.1199951171875,162.4600067138672,163.55999755859375,129.00735473632812,1746600,0.0007337137275612853,55.43075759188457,3.3831356886531467
2015-05-20,163.97000122070312,165.58999633789062,162.39999389648438,163.97999572753906,129.33871459960938,2027300,0.0025652416221500864,56.27541229601619,3.36934045670694
2015-05-21,163.52000427246094,164.72999572753906,162.82000732421875,163.83999633789062,129.22824096679688,2156600,-0.0008545070215384411,55.89508196006977,3.2651010243221807
2015-05-22,163.5800018310547,164.57000732421875,163.02999877929688,163.5800018310547,129.02316284179688,1636000,-0.001588205640573204,55.149950678862915,3.141880132936445
2015-05-26,160.64999389648438,162.4600067138672,158.0,159.00999450683594,125.41861724853516,4078300,-0.02833486507014059,44.037747695577075,3.236032031574355
2015-05-27,159.9600067138672,161.0,159.27999877929688,160.44000244140625,126.54650115966797,3336300,0.008952758633815887,47.595856516880424,3.1470301359736195
2015-05-28,159.60000610351562,159.60000610351562,155.8300018310547,157.35000610351562,124.1092758178711,4205300,-0.019447404597929572,41.46130305965191,3.1915282885798564
2015-05-29,156.7899932861328,157.97000122070312,155.5800018310547,156.25999450683594,123.24954223632812,4414300,-0.0069513353131278625,39.52599753287773,3.1342762243704696
2015-06-01,157.58999633789062,158.0,155.5,157.02999877929688,123.85686492919922,2849800,0.004915484974111998,41.59977158941415,3.088970779772579
2015-06-02,156.8800048828125,157.97000122070312,154.8000030517578,156.44000244140625,123.39151763916016,2497200,-0.003764213417095481,40.45502960680428,3.0947584504277748
2015-06-03,157.4499969482422,157.86000061035156,156.39999389648438,157.1300048828125,123.93574523925781,2160500,0.004400877381121045,42.4496164234999,2.9779904692448755
2015-06-04,156.60000610351562,158.47000122070312,156.3000030517578,158.08999633789062,124.6929702758789,3917700,0.006091230261419167,45.20014616908799,2.920276733509193
2015-06-05,158.5,159.39999389648438,156.02999877929688,157.25,124.0303955078125,3431100,-0.005327817378786333,43.25222580976501,2.9523994752005005
2015-06-08,157.3000030517578,158.47000122070312,155.6300048828125,156.47000122070312,123.41516876220703,2081700,-0.004972633194294947,41.46532112286214,2.9443706796783666
2015-06-09,156.5500030517578,157.11000061035156,153.91000366210938,154.8000030517578,122.09799194335938,2766000,-0.010730092454416995,37.85906653482123,2.962629698861497
2015-06-10,153.39999389648438,155.8800048828125,150.85000610351562,155.5500030517578,122.68954467773438,5972800,0.00483320265474721,40.367421579066054,3.1102989188925956
2015-06-11,157.91000366210938,158.97000122070312,156.44000244140625,157.9600067138672,124.59040832519531,3633400,0.015374486020839618,47.67631664813601,3.132420293896361
2015-06-12,157.22999572753906,157.74000549316406,155.00999450683594,156.1199951171875,123.13914489746094,2398100,-0.01171664834697604,43.31163395810105,3.103676771927201
2015-06-15,154.75,156.3699951171875,153.57000732421875,156.10000610351562,123.12336730957031,2585200,-0.00012813633525306356,43.265260621453685,3.0819847020015976
2015-06-16,155.80999755859375,156.80999755859375,155.08999633789062,156.22999572753906,123.22587585449219,1723300,0.000832221357952325,43.687127666728045,2.984700167623135
2015-06-17,156.86000061035156,156.97999572753906,154.8800048828125,155.64999389648438,122.76838684082031,3008600,-0.0037195139114025544,42.179703936515615,2.921506644559094
2015-06-18,156.3300018310547,160.77000427246094,156.30999755859375,160.1199951171875,126.29412841796875,3454500,0.028313992685900388,55.05178570703593,3.0785426253746273
2015-06-19,160.1300048828125,162.22999572753906,159.77000427246094,160.72000122070312,126.76738739013672,5182000,0.003740272576676925,56.45317263159455,3.034360398924877
2015-06-22,161.6199951171875,163.25999450683594,161.4499969482422,162.22000122070312,127.95047760009766,1926600,0.009289483624109699,59.825285519722286,2.9990484622968725
2015-06-23,163.4499969482422,163.5,161.0399932861328,161.69000244140625,127.5324478149414,2451800,-0.0032724704207610965,58.112935860940276,2.960545480266181
2015-06-24,161.52999877929688,161.83999633789062,159.27999877929688,159.88999938964844,126.11270904541016,2522600,-0.011194801543251325,52.60578382750614,2.9319349144324356
2015-06-25,160.82000732421875,160.83999633789062,158.02000427246094,158.75999450683594,125.2214126586914,2411400,-0.007092551675899289,49.43828794197067,2.9239389966465246
2015-06-26,159.41000366210938,159.7899932861328,157.22999572753906,158.02000427246094,124.63777923583984,3537900,-0.004671707131538378,47.424614399574416,2.897943179642755
2015-06-29,156.6300048828125,157.9600067138672,151.42999267578125,151.60000610351562,119.57398223876953,4784800,-0.041476486494537994,34.35121434039134,3.157376812388697
2015-06-30,153.24000549316406,154.22000122070312,151.50999450683594,153.52000427246094,121.08839416503906,3893300,0.01258553113725648,39.70451859723692,3.125421805351446
2015-07-01,154.94000244140625,155.75,153.42999267578125,154.99000549316406,122.247802734375,2299100,0.009529345471558452,43.50289986521541,3.067892199556254
2015-07-02,155.14999389648438,155.57000732421875,153.00999450683594,153.25999450683594,120.8833236694336,2119800,-0.011224341453223088,40.286374172570824,3.0316151008295793
2015-07-06,152.13999938964844,156.07000732421875,151.88999938964844,154.5,121.86135864257812,2773500,0.008058180769657588,43.510477222741386,3.113643160382489
2015-07-07,155.25,155.6999969482422,152.17999267578125,155.38999938964844,122.5633316040039,2253200,0.005743895108907067,45.77354403810039,3.1426689541023776
2015-07-08,154.11000061035156,154.85000610351562,151.92999267578125,152.30999755859375,120.13401794433594,2393500,-0.020019953266283856,39.82711536643515,3.1267649879332344
2015-07-09,152.44000244140625,153.89999389648438,151.0399932861328,151.30999755859375,119.34525299072266,4146300,-0.006587357668074665,38.096595694418056,3.1077103895345433
2015-07-10,153.99000549316406,154.52999877929688,152.49000549316406,154.10000610351562,121.54590606689453,3976600,0.0182714409912595,45.24501492117233,3.1157311631894418
2015-07-13,155.27999877929688,156.55999755859375,154.9199981689453,155.75999450683594,122.85515594482422,1803400,0.010714048386581456,49.01705292429637,3.0688926126100617
2015-07-14,156.33999633789062,160.30999755859375,155.75999450683594,159.32000732421875,125.66311645507812,3624800,0.022598579840900287,56.01554877655573,3.1746862154063296
2015-07-15,160.4600067138672,162.5500030517578,159.5800018310547,160.4499969482422,126.55440521240234,2618600,0.007067649079584686,57.98695467579133,3.1786368948443817
2015-07-16,161.72999572753906,163.75,161.07000732421875,163.0399932861328,128.5972442626953,2487500,0.0160130863836753,62.17191752749866,3.187305906052484
2015-07-17,163.0500030517578,163.5,160.60000610351562,163.27000427246094,128.77865600585938,3248500,0.001409702874414357,62.5288779535615,3.166783619654762
2015-07-20,163.55999755859375,165.39999389648438,162.88999938964844,164.33999633789062,129.6226348876953,2692400,0.006532334881624883,64.22045366420397,3.1198701115962746
2015-07-21,164.72000122070312,165.32000732421875,162.3699951171875,163.6999969482422,129.11781311035156,2690000,-0.003902153079024533,62.40573043474865,3.1077374041273442
2015-07-22,161.47000122070312,164.67999267578125,161.47000122070312,164.25,129.55160522460938,2106900,0.003354030203591477,63.36375412602452,3.115041264909543
2015-07-23,165.0,165.1199951171875,162.7899932861328,164.10000610351562,129.43331909179688,1716300,-0.0009134596644930437,62.89310796733663,3.058967019634196
2015-07-24,162.11000061035156,163.72999572753906,157.2100067138672,158.58999633789062,125.08732604980469,4410700,-0.034153736252123174,48.607549523116376,3.306182876351173
2015-07-27,159.3699951171875,165.94000244140625,159.16000366210938,165.5399932861328,130.56910705566406,5757200,0.04289054079207584,60.725350641836236,3.5950273925772054
2015-07-28,166.1199951171875,174.8000030517578,166.1199951171875,172.74000549316406,136.24813842773438,8553600,0.04257512795474348,68.90526301777174,3.9996689906520477
2015-07-29,172.9199981689453,173.67999267578125,169.1199951171875,171.47000122070312,135.24636840820312,5112300,-0.007379704124190744,66.28276366931867,4.039692459790741
2015-07-30,170.08999633789062,172.47999572753906,168.2100067138672,171.69000244140625,135.41990661621094,4044100,0.0012823040607574045,66.52047726113813,4.056142213639394
2015-07-31,177.5,181.80999755859375,176.0,176.58999633789062,139.28472900390625,7289400,0.02813987762853468,71.36278073742858,4.489274563892829
2015-08-03,176.8000030517578,177.0500030517578,174.02000427246094,175.58999633789062,138.49600219726562,2922600,-0.0056787878903065015,69.16423223677215,4.385040579278832
2015-08-04,175.7899932861328,176.22000122070312,173.6199951171875,174.8000030517578,137.87290954589844,2474200,-0.0045091447021549744,67.39770592026457,4.257538116724318
2015-08-05,175.52999877929688,177.52000427246094,175.3800048828125,176.44000244140625,139.16644287109375,2146700,0.009338332002662418,69.15878825327987,4.147714052722804
2015-08-06,176.94000244140625,176.9600067138672,168.25,169.66000366210938,133.8187255859375,3775400,-0.03918455754554128,55.75093728583552,4.473592099947402
2015-08-07,169.6699981689453,172.47000122070312,166.39999389648438,172.30999755859375,135.908935546875,4156000,0.015498979928336671,59.08945169998879,4.587621758823927
2015-08-10,172.89999389648438,174.69000244140625,170.4499969482422,170.60000610351562,134.56021118164062,2729600,-0.009973304245387815,56.1458128436268,4.562792025562508
2015-08-11,169.6699981689453,169.72999572753906,166.88999938964844,168.55999755859375,132.95111083984375,2924900,-0.012030292672516324,52.76833458721531,4.439735190728801
2015-08-12,167.69000244140625,171.19000244140625,164.6199951171875,170.6199951171875,134.57591247558594,4486400,0.012146971873730764,55.66829159830402,4.591897485978083
2015-08-13,170.5,170.99000549316406,168.02999877929688,168.5800018310547,133.58543395996094,1897000,-0.007387216935386474,53.511372831771205,4.4753338593987335
2015-08-14,168.08999633789062,169.6300048828125,166.66000366210938,167.72000122070312,132.9039306640625,2704500,-0.005114686528203598,52.01793687615868,4.367810099491904
2015-08-17,167.0500030517578,169.88999938964844,166.0,169.7899932861328,134.54421997070312,1988800,0.012266376639630438,55.25479864720613,4.333680763074513
2015-08-18,170.00999450683594,170.24000549316406,167.10000610351562,167.72000122070312,132.9039306640625,2273400,-0.012266376639630554,51.512467031297646,4.248417807829793
2015-08-19,166.82000732421875,167.72000122070312,164.4499969482422,166.57000732421875,131.99266052246094,3139800,-0.0068802224466901945,49.506402023505125,4.178531126732017
2015-08-20,164.3300018310547,165.5,161.02999877929688,161.14999389648438,127.69779205322266,3491800,-0.033079846156818415,41.335920109653294,4.199350419158525
2015-08-21,158.97000122070312,163.9199981689453,155.19000244140625,155.19000244140625,122.97496032714844,6208400,-0.037685712708857684,34.577864460791446,4.522967941185706
2015-08-24,145.3300018310547,154.4199981689453,140.0,147.63999938964844,116.99224090576172,8697500,-0.049873144518359856,28.272155496353548,5.2298986717399645
2015-08-25,152.5,153.8800048828125,144.8800048828125,145.19000244140625,115.05082702636719,6701100,-0.016733610690140843,26.578333827588253,5.499191623758539
2015-08-26,151.22999572753906,154.11000061035156,147.1300048828125,153.97999572753906,122.01615905761719,5251300,0.05877948239053148,40.3794217965976,5.743534948414736
2015-08-27,154.8800048828125,157.10000610351562,151.36000061035156,155.72000122070312,123.39494323730469,4910500,0.011236644749336758,42.67642452299735,5.7432828444682595
2015-08-28,156.3800048828125,158.0,153.7100067138672,155.88999938964844,123.52970123291016,4649300,0.0010914909629478225,42.90794209496072,5.6394764474442995
2015-08-31,155.3300018310547,156.35000610351562,151.3000030517578,151.77999877929688,120.2728271484375,4354500,-0.026718901240057907,38.826530606837544,5.597371204895265
2015-09-01,149.22999572753906,150.99000549316406,146.9499969482422,147.4600067138672,116.84959411621094,5523000,-0.028875134293172865,35.05244935088808,5.4861310148971665
2015-09-02,149.07000732421875,152.35000610351562,147.25,152.2899932861328,120.67694854736328,4339100,0.03222954105027724,41.8573864001248,5.458550664084199
2015-09-03,152.67999267578125,154.1199951171875,148.92999267578125,149.22999572753906,118.25218200683594,2868400,-0.02029764879273768,39.064822484160295,5.439368648178631
2015-09-04,147.49000549316406,148.9600067138672,145.75,147.02000427246094,116.50098419189453,3362800,-0.014919758721730325,37.13775627584148,5.280128510013528
2015-09-08,151.60000610351562,154.66000366210938,151.0,154.55999755859375,122.47576904296875,4508400,0.05001348571901048,46.78337059800959,5.448690715701736
2015-09-09,156.19000244140625,156.75999450683594,150.6199951171875,151.0800018310547,119.71818542480469,2987600,-0.022772680644431838,43.46822204461986,5.498069906697929
2015-09-10,150.83999633789062,154.32000732421875,150.55999755859375,153.13999938964844,121.35052490234375,3477900,0.013542731643563309,45.911553956577094,5.373922753764148
2015-09-11,152.0500030517578,153.4499969482422,150.92999267578125,153.2100067138672,121.406005859375,2422700,0.00045709137318077927,45.996987015622295,5.170071433671062
2015-09-14,153.88999938964844,153.88999938964844,150.0500030517578,151.0,119.65478515625,2896200,-0.014529542557620527,43.65319479480594,5.075066069686746
2015-09-15,152.02000427246094,152.7899932861328,150.24000549316406,152.13999938964844,120.5581283569336,2560200,0.007521223117339778,45.20427057661703,4.894703335635461
2015-09-16,151.97000122070312,152.8800048828125,148.47000122070312,151.17999267578125,119.79737091064453,4004200,-0.006330289833720378,44.103207966169315,4.860081930383598
2015-09-17,151.6999969482422,156.33999633789062,151.0,153.91000366210938,121.9606704711914,3519500,0.01789687978640762,47.98320399510573,4.894361530919814
2015-09-18,151.1199951171875,153.3699951171875,149.02999877929688,150.58999633789062,119.32987213134766,6487300,-0.021806926746855953,43.984665587958744,4.854764017132014
2015-09-21,151.97000122070312,152.8000030517578,146.32000732421875,147.08999633789062,116.55641174316406,4702600,-0.023516316046061442,40.183003475041204,4.970851996446803
2015-09-22,145.0,146.77999877929688,142.82000732421875,145.92999267578125,115.63719940185547,4518000,-0.007917678172629932,38.98046817550735,4.898647672063326
2015-09-23,146.0800018310547,147.0399932861328,144.02999877929688,145.72000122070312,115.47081756591797,2785400,-0.00143986233680491,38.75439390563696,4.763743874547084
2015-09-24,144.72000122070312,145.6300048828125,141.36000061035156,143.50999450683594,113.71954345703125,3519200,-0.015282564119164262,36.36379774451103,4.728476760112359
2015-09-25,146.05999755859375,146.75,136.75999450683594,138.52999877929688,109.7733383178711,5243700,-0.0353175929817169,31.62919427953547,5.1043002410446245
2015-09-28,137.99000549316406,138.19000244140625,130.08999633789062,132.24000549316406,104.78904724121094,7514700,-0.04646842380152813,26.870399991497152,5.3182792312211244
2015-09-29,132.0,138.0,131.42999267578125,133.82000732421875,106.04106140136719,6251500,0.011877135445894273,29.730404917769405,5.407688380720955
2015-09-30,136.66000366210938,139.25,135.86000061035156,138.32000732421875,109.60692596435547,6209500,0.033074174808720616,37.25669976743534,5.409281544653832
2015-10-01,138.5500030517578,140.63999938964844,136.60000610351562,140.22999572753906,111.12047576904297,4675900,0.01371441439303475,40.18515966257432,5.31147524047376
2015-10-02,138.25999450683594,142.5399932861328,135.63999938964844,142.47000122070312,112.89546203613281,4803500,0.01584729578934359,43.51474376955025,5.424940858760232
2015-10-05,144.0,144.91000366210938,142.22000122070312,143.8000030517578,113.94937133789062,4367100,0.009291962871704855,45.456164401113895,5.229588114663519
2015-10-06,142.1199951171875,143.3699951171875,138.05999755859375,141.22000122070312,111.90496826171875,4759700,-0.01810422522285873,42.410998184210484,5.2353316463728214
2015-10-07,142.64999389648438,148.30999755859375,140.24000549316406,148.0500030517578,117.317138671875,8002400,0.04723084126712438,51.646058154345845,5.437807390591169
2015-10-08,147.67999267578125,150.99000549316406,145.02999877929688,149.89999389648438,118.78309631347656,6638500,0.01241825516010521,53.80684742317868,5.475107342253741
2015-10-09,149.25,150.75,148.00999450683594,149.58999633789062,118.53746795654297,3080900,-0.002070013994767372,53.376447720326404,5.279742924461622
2015-10-12,152.77999877929688,155.1199951171875,151.6300048828125,153.02999877929688,121.26337432861328,5473000,0.022735731589288065,57.444677006314684,5.29761834266414
2015-10-13,151.5399932861328,152.97999572753906,147.44000244140625,147.5800018310547,116.94470977783203,4143900,-0.03626357037390515,50.0007843825954,5.3149308386261875
2015-10-14,148.3800048828125,150.92999267578125,147.1300048828125,147.80999755859375,117.126953125,3197400,0.0015571588780318682,50.29350301041081,5.206720621079228
2015-10-15,147.4499969482422,152.77999877929688,146.97000122070312,152.5399932861328,120.87507629394531,3269600,0.03149916897392929,55.99903593128199,5.2498118309016935
2015-10-16,153.19000244140625,154.1199951171875,150.5800018310547,152.61000061035156,120.93053436279297,4793100,0.0004586996113896475,56.079367678632686,5.127681934846774
2015-10-19,152.61000061035156,156.13999938964844,152.4600067138672,154.47000122070312,122.40443420410156,3271700,0.012114312014561994,58.2603957799668,5.024275559199237
2015-10-20,154.19000244140625,155.0,149.47000122070312,150.4499969482422,119.21894836425781,3385300,-0.026368891794328577,52.22428040894488,5.060398646349069
2015-10-21,152.3699951171875,152.75,147.3000030517578,150.08999633789062,118.93367004394531,3832600,-0.002395761664680869,51.707606760584646,5.0882270964842915
2015-10-22,152.10000610351562,152.94000244140625,148.57000732421875,152.30999755859375,120.6928482055664,4079800,0.014682930580748578,54.6848415811012,5.036924812248806
2015-10-23,153.61000061035156,156.1999969482422,151.86000061035156,155.75,123.41874694824219,3657300,0.0223341463951553,58.91187130075042,4.987144206937507
2015-10-26,156.0,159.91000366210938,154.64999389648438,158.5800018310547,125.6612777709961,4346600,0.018006995304880015,62.04830666369248,5.006634603986614
2015-10-27,158.5800018310547,162.1199951171875,157.8300018310547,161.97999572753906,128.3555145263672,3877200,0.02121385574817594,65.45967359869107,4.955445938425628
2015-10-28,162.72000122070312,162.8699951171875,158.72999572753906,162.6699981689453,128.9022674560547,4878900,0.004250629455753194,66.12512301726106,4.897199756370115
2015-10-29,164.99000549316406,165.0,158.94000244140625,160.5800018310547,127.24608612060547,4870200,-0.01293160304974244,62.21504449258856,4.980256742243232
2015-10-30,161.05999755859375,162.0,158.1300048828125,158.17999267578125,125.34428405761719,4589700,-0.015058673850550682,57.975623684039704,4.900952340453537
2015-11-02,159.00999450683594,162.75,158.3699951171875,162.30999755859375,128.6169891357422,3222500,0.025774687737861096,62.687478972983676,4.877313410722481
2015-11-03,160.97000122070312,163.14999389648438,160.5,162.4600067138672,128.73583984375,2411500,0.0009236402562856507,62.8503803012825,4.718219159705474
2015-11-04,162.85000610351562,163.99000549316406,160.77000427246094,161.8800048828125,128.27630615234375,3059500,-0.003575972484247961,61.72822214803168,4.611203592633878
2015-11-05,162.1999969482422,162.47999572753906,158.82000732421875,161.22000122070312,127.7532730102539,2202400,-0.004085730026907879,60.40624325556597,4.543259650540052
2015-11-06,160.8699951171875,160.8699951171875,156.83999633789062,160.4600067138672,127.15101623535156,3344000,-0.004725364938638856,58.84353931437102,4.506598159736968
2015-11-09,159.75,160.61000061035156,158.32000732421875,159.6300048828125,126.49330139160156,2722200,-0.005186130910074946,57.10606750347926,4.348269240193814
2015-11-10,160.25,161.1699981689453,158.0500030517578,158.3699951171875,125.49482727050781,2871300,-0.007924812585087381,54.47633996086513,4.260535374264792
2015-11-11,159.25999450683594,159.57000732421875,156.75999450683594,156.86000061035156,124.29833221435547,1920400,-0.009579959750403289,51.42054669791358,4.156926620201793
2015-11-12,155.94000244140625,157.6999969482422,150.82000732421875,150.97999572753906,120.24449157714844,4767200,-0.03315748115752127,42.6843038619391,4.351431120474768
2015-11-13,150.67999267578125,153.52000427246094,148.0,151.5500030517578,120.698486328125,3855000,0.0037684874006886247,43.83516087876986,4.434900631330923
2015-11-16,152.02000427246094,154.77999877929688,151.10000610351562,154.5,123.04792785644531,2443200,0.019278349598079097,49.48769834068033,4.380978634505946
2015-11-17,154.91000366210938,159.1300048828125,153.6999969482422,157.60000610351562,125.51686096191406,3644300,0.01986616299660796,54.652585377527,4.455909298796258
2015-11-18,158.11000061035156,161.1199951171875,156.35000610351562,160.9199981689453,128.16098022460938,2975800,0.020847031893223393,59.43622480453085,4.478343564144517
2015-11-19,159.88999938964844,161.52000427246094,158.8300018310547,159.49000549316406,127.0221176147461,2041000,-0.008925905992719644,56.6636368721474,4.350604912520355
2015-11-20,160.74000549316406,161.33999633789062,159.5500030517578,159.91000366210938,127.35661315917969,2728000,0.0026299033430016183,57.29376531040414,4.171989621963656
2015-11-23,159.6300048828125,163.1300048828125,159.6300048828125,162.47000122070312,129.3954620361328,4168400,0.01588218309402762,61.014737809740346,4.123990363251965
2015-11-24,161.00999450683594,163.33999633789062,161.0,162.77999877929688,129.642333984375,3687000,0.0019060695140040707,61.45269393174772,3.9965622185832985
2015-11-25,163.0500030517578,164.58999633789062,162.7100067138672,163.9499969482422,130.5741729736328,2134200,0.007162058882259788,63.13608646987054,3.8453784618290228
2015-11-27,164.75999450683594,165.0,163.13999938964844,163.52000427246094,130.2317352294922,1052400,-0.0026259983394062857,62.06344962829894,3.703565758152061
2015-11-30,163.49000549316406,164.0,160.36000061035156,161.10000610351562,128.30435180664062,2982600,-0.014910252198074743,56.268960908533806,3.699025303258945
2015-12-01,162.7100067138672,163.42999267578125,160.52000427246094,161.97999572753906,129.00521850585938,2429000,0.005447667039145752,57.811462671255335,3.6426655246918997
2015-12-02,161.6199951171875,162.38999938964844,160.10000610351562,160.52000427246094,127.84243774414062,2871600,-0.009054306529095979,54.38413822329228,3.5460460790805364
2015-12-03,160.27000427246094,160.52000427246094,153.7100067138672,154.64999389648438,123.16740417480469,4468600,-0.037254110958474626,43.2756198457234,3.7791854704743377
2015-12-04,154.9600067138672,161.9499969482422,154.9499969482422,161.42999267578125,128.56715393066406,3920900,0.04290692692067777,54.767858152010135,4.030672440566014
2015-12-07,162.91000366210938,162.97000122070312,157.5399932861328,158.3000030517578,126.07433319091797,3566700,-0.01957968754891336,49.75617139741651,4.130624975852035
2015-12-08,156.61000061035156,160.6699981689453,156.0399932861328,159.35000610351562,126.91059875488281,2249200,0.006611212798310851,51.3640505620533,4.166294969206354
2015-12-09,158.35000610351562,159.80999755859375,156.1199951171875,157.88999938964844,125.7478256225586,2995600,-0.0092043742012953,49.015295313472116,4.132274074363489
2015-12-10,158.97000122070312,160.85000610351562,157.0,159.6699981689453,127.1654281616211,2814000,0.011210305223427483,51.902924022722146,4.112112076445785
2015-12-11,157.82000732421875,158.77999877929688,154.7899932861328,155.14999389648438,123.56561279296875,3005700,-0.028716530116007187,44.94203646650147,4.103390177639947
2015-12-14,155.97999572753906,158.33999633789062,153.42999267578125,158.11000061035156,125.92304992675781,2780600,0.018898712856317383,49.69964215471351,4.161005426530621
2015-12-15,161.64999389648438,164.4499969482422,161.55999755859375,162.6199951171875,129.51490783691406,5365600,0.028124987423552433,55.94588031971884,4.316647634484907
2015-12-16,164.30999755859375,165.22999572753906,162.10000610351562,164.5800018310547,131.07591247558594,3923600,0.011980646965532124,58.36562341785626,4.231886348023374
2015-12-17,164.5800018310547,164.99000549316406,159.80999755859375,161.42999267578125,128.56715393066406,3699400,-0.019325273400924485,53.298760057560855,4.2996093184910125
2015-12-18,160.5,161.82000732421875,158.6199951171875,158.8000030517578,126.47254943847656,6227000,-0.01642608237713929,49.43966536007688,4.221066667672458
2015-12-21,159.8800048828125,160.3800048828125,157.3800048828125,159.27999877929688,126.8548583984375,3818900,0.0030183015210719756,50.14914199391544,4.133847619981569
2015-12-22,160.5,163.3699951171875,160.0399932861328,162.3000030517578,129.2600555419922,3125500,0.01878272387240651,54.47706292442397,4.130715385546501
2015-12-23,163.02999877929688,163.5,161.64999389648438,162.72000122070312,129.5945281982422,2202100,0.0025842528075900205,55.06134341956617,3.9678075796871526
2015-12-24,163.6999969482422,164.36000061035156,162.22000122070312,163.5500030517578,130.2555694580078,943000,0.005087877139402516,56.25631911031928,3.8372498518272447
2015-12-28,162.91000366210938,163.1300048828125,160.60000610351562,161.72999572753906,128.80606079101562,1513000,-0.011190571079653615,52.93249320591436,3.7438747752179324
2015-12-29,162.9199981689453,164.9600067138672,162.0500030517578,164.44000244140625,130.96441650390625,2171100,0.01661778816790878,57.005942174688215,3.7071702188686606
2015-12-30,164.6300048828125,164.75,162.91000366210938,163.2899932861328,130.0485076904297,1493000,-0.007018139624081734,54.837092717232046,3.5738006559416577
2015-12-31,162.14999389648438,164.11000061035156,162.0500030517578,162.3300018310547,129.2839813232422,1775900,-0.005896126512697874,53.023650113534806,3.46567186327395
2016-01-04,159.0,159.22000122070312,156.08999633789062,158.33999633789062,126.106201171875,5083200,-0.0248869720426772,46.18670029646085,3.4416956503838465
2016-01-05,159.0,160.2100067138672,157.25,158.1699981689453,125.9708251953125,2678900,-0.001074084310881158,45.91508725231718,3.4072892977755136
2016-01-06,155.00999450683594,157.92999267578125,154.89999389648438,156.72000122070312,124.81602478027344,3826900,-0.00920948269123206,43.56172507779565,3.3803399750270393
2016-01-07,153.05999755859375,156.4499969482422,152.88999938964844,152.97999572753906,121.83733367919922,4162500,-0.02415402682149664,38.13256557837188,3.3931726595675187
2016-01-08,153.1199951171875,154.86000061035156,150.4600067138672,150.7100067138672,120.02945709228516,4179600,-0.014949636132029109,35.2601964258979,3.465088462204437
2016-01-11,151.3300018310547,151.58999633789062,144.1699981689453,147.69000244140625,117.624267578125,4747400,-0.020241817294138518,31.825526338665313,3.7475820126859283
2016-01-12,148.42999267578125,151.24000549316406,146.9199981689453,150.7899932861328,120.09317016601562,4410600,0.020772488442902276,38.452979546771104,3.7884695349382724
2016-01-13,151.13999938964844,152.8300018310547,145.27999877929688,145.4600067138672,115.84821319580078,3982100,-0.035987032244727594,32.58719763738186,4.057150500425382
2016-01-14,146.02000427246094,155.3000030517578,144.57000732421875,153.16000366210938,121.98072814941406,5649000,0.05158223893602825,45.5173620936323,4.533782302362074
2016-01-15,147.69000244140625,152.3000030517578,147.69000244140625,151.3000030517578,120.49938201904297,6213000,-0.012218441822019822,43.354169660589214,4.539226467218465
2016-01-19,153.4499969482422,154.6199951171875,148.22999572753906,151.3000030517578,120.49938201904297,4382200,0.0,43.354169660589214,4.67142453310632
2016-01-20,149.0,156.83999633789062,148.0500030517578,155.02000427246094,123.46205139160156,7338600,0.02428920822278249,48.97845893006409,4.965608015465356
2016-01-21,154.75,155.02000427246094,150.24000549316406,152.77999877929688,121.6780776977539,4674000,-0.014554982854620918,46.015704096930186,4.9523502128818935
2016-01-22,156.4499969482422,156.9600067138672,154.24000549316406,156.0800018310547,124.30630493164062,4577300,0.021369870921975297,50.743048839360654,4.89718290728821
2016-01-25,156.17999267578125,158.0,153.0,153.42999267578125,122.1957778930664,4765100,-0.01712422538765826,47.17084539124226,4.904526985339053
2016-01-26,152.77999877929688,155.22999572753906,151.08999633789062,153.77999877929688,122.47450256347656,3645500,0.0022783706338266713,47.694537282643566,4.849917871361151
2016-01-27,154.88999938964844,154.88999938964844,148.8699951171875,150.47000122070312,119.83831024169922,3752300,-0.021759446431022504,43.32050427971037,4.933495471439707
2016-01-28,151.10000610351562,151.7100067138672,145.4199981689453,148.35000610351562,118.14991760253906,4246500,-0.014189113314541372,40.74328986243629,5.030389262402719
2016-01-29,149.39999389648438,153.0,145.25,152.72999572753906,121.63826751708984,7174400,0.029097313764855217,47.670169654586196,5.224647172231096
2016-02-01,151.30999755859375,153.72000122070312,149.33999633789062,152.75,121.65422058105469,4602200,0.00013114308717397368,47.70027947952041,5.1643155801297675
2016-02-02,150.47999572753906,151.49000549316406,148.47999572753906,150.11000061035156,119.5516128540039,3881400,-0.01743457823288893,44.09877267772667,5.010436593379427
2016-02-03,150.5,151.17999267578125,147.07000732421875,150.69000244140625,120.01351928710938,4530600,0.003856212307446062,45.07978837333848,4.94611864753536
2016-02-04,150.5,151.9600067138672,148.8000030517578,149.91000366210938,119.39234161376953,3685200,-0.00518933884900316,43.96245427464128,4.8185390057192174
2016-02-05,148.92999267578125,149.38999938964844,143.69000244140625,145.0399932861328,115.51373291015625,6451900,-0.03302563576433437,37.68213777723056,4.881500287328001
2016-02-08,143.5,144.57000732421875,140.16000366210938,143.0,113.88899230957031,4627300,-0.01416520022896806,35.400721857648406,4.847821956955242
2016-02-09,141.02000427246094,145.6300048828125,140.82000732421875,143.16000366210938,114.01647186279297,4211100,0.001118705661408143,35.72951420446768,4.845120214215135
2016-02-10,145.2100067138672,147.1300048828125,143.9600067138672,144.80999755859375,115.33053588867188,4273500,0.011459302813600133,39.16664815797064,4.782611714678562
2016-02-11,140.75999450683594,143.49000549316406,140.0399932861328,141.4600067138672,113.44595336914062,4374400,-0.01647568905368891,36.17839436349061,4.687426035560897
2016-02-12,143.1300048828125,144.97000122070312,141.13999938964844,144.72000122070312,116.06033325195312,3218000,0.022783628393581758,42.70862522032544,4.626181449524738
2016-02-16,146.88999938964844,148.05999755859375,145.67999267578125,147.14999389648438,118.0091323852539,3371300,0.016651844431535858,47.05723553390533,4.5343110844080154
2016-02-17,148.3000030517578,151.52000427246094,147.39999389648438,151.07000732421875,121.1528091430664,3811100,0.026290619741163614,53.225034543977564,4.522575319520055
2016-02-18,150.7899932861328,152.36000061035156,149.0800018310547,149.3000030517578,119.73336029052734,2892100,-0.011785361403997302,50.37155039924986,4.433819852361256
2016-02-19,148.97999572753906,151.75999450683594,148.25999450683594,150.1199951171875,120.39093017578125,2796800,0.005476926367767444,51.664357875975284,4.367118434335452
2016-02-22,148.72000122070312,149.77000427246094,146.94000244140625,148.55999755859375,119.13988494873047,4603300,-0.010445892752499793,49.04660940165192,4.257324391243968
2016-02-23,148.14999389648438,149.72000122070312,146.86000061035156,147.25999450683594,118.09732055664062,3315200,-0.008789271492900272,46.91333018225853,4.157515549751653
2016-02-24,145.5,147.27000427246094,143.91000366210938,147.11000061035156,117.97701263427734,3316100,-0.0010192377218839655,46.661115795970396,4.100550196937361
2016-02-25,147.36000061035156,148.38999938964844,145.25999450683594,146.75,117.68834686279297,3446800,-0.0024497950523510613,46.02178910324436,4.031225531642728
2016-02-26,148.50999450683594,149.5,146.9499969482422,147.60000610351562,118.3699951171875,3411500,0.005775268463734671,47.839234587902006,3.9397094222396762
2016-02-29,146.9600067138672,147.6699981689453,142.22000122070312,142.27999877929688,114.10354614257812,5193800,-0.03670893507895696,38.99030977368122,4.047587102668428
2016-03-01,144.3000030517578,148.4499969482422,142.27999877929688,148.38999938964844,119.00353240966797,4477700,0.042046841149399515,50.34940478397147,4.199187893116776
2016-03-02,148.0,148.6300048828125,146.2100067138672,147.49000549316406,118.28176879882812,3689900,-0.006083527577647206,48.905019187966595,4.072102912818814
2016-03-03,147.22000122070312,147.2899932861328,145.32000732421875,145.83999633789062,116.95854949951172,2988900,-0.01125005496356888,46.28359432743793,3.921951702039904
2016-03-04,147.02999877929688,147.3000030517578,144.5399932861328,145.97999572753906,117.07079315185547,3471400,0.0009592272462808726,46.54534281184024,3.8389558494388396
2016-03-07,144.97999572753906,147.8699951171875,144.75999450683594,147.30999755859375,118.137451171875,3278800,0.009069965514151613,49.08442066199701,3.7868876180754625
2016-03-08,146.88999938964844,147.0,144.32000732421875,144.6300048828125,115.9881820678711,3064100,-0.018360479813912287,44.49792962627144,3.7078236936258757
2016-03-09,144.0,144.0800018310547,139.91000366210938,140.89999389648438,112.99683380126953,6075400,-0.026128508329129115,39.03139813692303,3.7408361561486925
2016-03-10,142.05999755859375,143.47999572753906,139.02000427246094,141.02999877929688,113.1010971069336,4572900,0.0009222845395875007,39.3112507916339,3.792204391786509
2016-03-11,142.9499969482422,144.99000549316406,142.1699981689453,144.57000732421875,115.94004821777344,4861700,0.02479114839549035,46.51072840935638,3.8041902719351293
2016-03-14,143.86000061035156,145.30999755859375,143.19000244140625,144.6199951171875,115.98017883300781,3013800,0.0003460725797419904,46.6071509304067,3.6838906180245843
2016-03-15,144.83999633789062,145.3000030517578,142.8000030517578,143.2100067138672,114.84937286376953,3034200,-0.009797835737509544,44.18984702062163,3.5993270024513997
2016-03-16,143.0,147.0,141.92999267578125,143.97999572753906,115.4668960571289,6104700,0.0053624060168429395,45.841781927654225,3.7043755968633536
2016-03-17,143.72000122070312,145.8000030517578,141.83999633789062,144.1300048828125,115.58716583251953,4899700,0.001041053208667164,46.17593397733062,3.7226349623636277
2016-03-18,144.97000122070312,146.39999389648438,142.50999450683594,145.50999450683594,116.69388580322266,6802600,0.009529217623479774,49.27726656509829,3.7345895643125426
2016-03-21,145.3000030517578,147.9499969482422,145.02000427246094,147.00999450683594,117.89685821533203,3176800,0.010256013823225016,52.48228127290625,3.6771183579888786
2016-03-22,147.0500030517578,150.99000549316406,146.8300018310547,150.6199951171875,120.79192352294922,4213900,0.024259265700348722,59.168890445652856,3.7116101654260567
2016-03-23,150.30999755859375,151.91000366210938,148.13999938964844,148.75999450683594,119.3002700805664,3107600,-0.012425832033224527,54.88353649748951,3.7157811730714054
2016-03-24,148.75999450683594,150.9499969482422,147.60000610351562,149.24000549316406,119.68522644042969,3025800,0.003221590417920417,55.77376498959565,3.689653292475345
2016-03-28,149.32000732421875,150.36000061035156,147.32000732421875,148.3699951171875,118.9875259399414,2111000,-0.005846519813565701,53.705402583532624,3.643249006308021
2016-03-29,148.4600067138672,149.69000244140625,146.8000030517578,149.49000549316406,119.88573455810547,2735700,0.007520413541397948,55.96924241880451,3.589445462260908
2016-03-30,149.61000061035156,150.8800048828125,148.3000030517578,149.47999572753906,119.877685546875,2324500,-6.714127809793696e-05,55.94284205504674,3.5173423457461785
2016-03-31,149.3300018310547,150.9600067138672,149.1300048828125,149.92999267578125,120.2385482788086,2799600,0.0030057359959970932,56.9238699235724,3.3968180232682146
2016-04-01,150.02000427246094,154.44000244140625,149.10000610351562,154.16000366210938,123.63090515136719,3972200,0.027822883603810626,64.84811158761966,3.5356164743126723
2016-04-04,154.0,155.9600067138672,153.6999969482422,154.66000366210938,124.03189086914062,2314200,0.003238161521236349,65.65243197776746,3.44450170940641
2016-04-05,153.67999267578125,155.16000366210938,152.6199951171875,152.9499969482422,122.66049194335938,2604600,-0.011118406151759496,60.549599873535655,3.3798950548003717
2016-04-06,154.24000549316406,159.85000610351562,153.52000427246094,159.66000366210938,128.0416717529297,4067000,0.04293546069045232,70.30326002934363,3.6313317762627335
2016-04-07,159.0500030517578,159.97999572753906,156.57000732421875,157.3800048828125,126.21318054199219,3363900,-0.014383385156919474,64.47046067606038,3.615521535338275
2016-04-08,158.24000549316406,159.0,155.4199981689453,156.4600067138672,125.47541046142578,2522100,-0.005862579552855099,62.227125541710514,3.612984413603733
2016-04-11,156.39999389648438,157.75,155.27999877929688,156.38999938964844,125.41925048828125,2732800,-0.00044767771358614916,62.050128256949876,3.5313427569679754
2016-04-12,156.13999938964844,159.1999969482422,156.11000061035156,158.60000610351562,127.1916275024414,2763400,0.01403269813532679,65.39542245077071,3.4998180127481646
2016-04-13,159.02000427246094,160.88999938964844,158.22999572753906,160.05999755859375,128.3624725341797,3860600,0.009163251335637992,67.43748896510996,3.4398312734168224
2016-04-14,159.80999755859375,160.77000427246094,159.3699951171875,160.1199951171875,128.41061401367188,2406800,0.00037497294364843413,67.52235337255198,3.2941296935494377
2016-04-15,160.14999389648438,160.38999938964844,158.4600067138672,160.1300048828125,128.41860961914062,2824300,6.226398505774433e-05,67.53748572527209,3.196691335137424
2016-04-18,159.49000549316406,162.10000610351562,159.39999389648438,161.6999969482422,129.6776885986328,2081100,0.009756737901531427,69.91467068372559,3.161214254558412
2016-04-19,160.8000030517578,162.5,160.33999633789062,162.10000610351562,129.9984893798828,2693000,0.0024707768494415987,70.50727237583392,3.0896992122406237
2016-04-20,163.02000427246094,163.83999633789062,161.8000030517578,162.75999450683594,130.52784729003906,2374300,0.004063762960893383,71.50469696522103,3.014720217518637
2016-04-21,162.44000244140625,164.5399932861328,162.02999877929688,164.35000610351562,131.80294799804688,2348400,0.009721395832297334,73.80294727821428,2.9786683810413015
2016-04-22,164.52000427246094,164.6999969482422,162.17999267578125,163.19000244140625,130.87266540527344,2757200,-0.007083158350037162,69.40481068538367,2.9459066589998466
2016-04-25,163.14999389648438,163.75,162.24000549316406,163.4600067138672,131.0891876220703,1596300,0.0016530824133502448,69.85508924042308,2.843341505273853
2016-04-26,163.38999938964844,163.91000366210938,162.02000427246094,162.85000610351562,130.5999298095703,2156600,-0.0037392336935005593,67.43982559085306,2.7752456398720375
2016-04-27,162.72000122070312,162.89999389648438,160.5,161.0,129.11631774902344,2729500,-0.011424993334124587,60.59771611367591,2.748441943915776
2016-04-28,160.22000122070312,163.67999267578125,159.36000061035156,160.55999755859375,128.76348876953125,3354100,-0.0027363848640567607,59.06303579782831,2.8606955240239125
2016-04-29,159.38999938964844,161.9199981689453,156.3800048828125,158.3000030517578,126.95101165771484,5386600,-0.014176024133047808,51.804894391826174,3.0520739356031195
2016-05-02,158.6199951171875,159.4199981689453,157.2100067138672,158.99000549316406,127.5043716430664,2433700,0.0043493743421865174,53.676568721904275,2.9919251869941914
2016-05-03,158.3699951171875,158.4600067138672,156.0,156.35000610351562,125.38721466064453,2862900,-0.016743984860563384,46.27235502609343,2.9539310103422625
2016-05-04,155.27999877929688,155.86000061035156,153.52999877929688,154.17999267578125,123.64697265625,3048400,-0.013976156047226549,41.23707817378886,2.90936464039315
2016-05-05,154.1300048828125,156.2100067138672,153.36000061035156,154.25,123.70307159423828,2325400,0.00045359958693478913,41.45823342221987,2.905124744901898
2016-05-06,153.49000549316406,154.4499969482422,151.36000061035156,153.19000244140625,122.85297393798828,3004800,-0.006895803532810955,39.05930524632402,2.9183298586868074
2016-05-09,153.6999969482422,156.0800018310547,153.02000427246094,155.41000366210938,124.63331604003906,2990100,0.014387648007969966,46.094252599095576,2.928448980108732
2016-05-10,155.9499969482422,157.5,154.9499969482422,157.24000549316406,126.10095977783203,2585000,0.011706899624035446,51.10518061245864,2.9014171280836663
2016-05-11,157.72999572753906,158.25,154.08999633789062,154.17999267578125,123.64697265625,2741800,-0.01965234368612926,43.777444591559345,2.9913161662283594
2016-05-12,154.67999267578125,155.0,151.97000122070312,152.89999389648438,122.62043762207031,2981600,-0.008336799242347499,41.121264432237076,2.9940792100189677
2016-05-13,151.22000122070312,154.0800018310547,151.22000122070312,152.35000610351562,122.98369598388672,2451200,0.0029580823528211697,42.45191650261901,2.984502167185582
2016-05-16,152.35000610351562,153.86000061035156,151.6999969482422,153.27000427246094,123.72632598876953,2415100,0.006020284396416114,45.179574982634925,2.925609416822996
2016-05-17,152.4499969482422,152.91000366210938,149.44000244140625,150.11000061035156,121.17543029785156,4486500,-0.02083274523646317,38.439803414875996,2.9644945456715766
2016-05-18,149.91000366210938,151.42999267578125,149.2100067138672,150.8300018310547,121.75664520263672,3234500,0.004785008423117108,40.613599320110815,2.911315361117468
2016-05-19,149.4499969482422,150.22999572753906,147.1199951171875,148.6699981689453,120.01302337646484,3023600,-0.014424076162533842,36.45475048006509,2.925507164634189
2016-05-20,148.9199981689453,151.7100067138672,148.64999389648438,150.17999267578125,121.23194885253906,3075800,0.010105378261066254,41.00296929723407,2.9351147112590907
2016-05-23,150.0399932861328,150.75,149.14999389648438,149.3000030517578,120.52159118652344,1543400,-0.005876726440522184,39.24028313735037,2.8397498107059858
2016-05-24,150.7100067138672,152.94000244140625,150.38999938964844,152.72000122070312,123.28237915039062,2581000,0.02264857272857677,48.50560139535819,2.8969104949161606
2016-05-25,153.5399932861328,155.83999633789062,153.14999389648438,155.57000732421875,125.58300018310547,3053100,0.018489406433367918,54.704272025123956,2.9128451107926847
2016-05-26,154.9199981689453,156.27999877929688,154.5500030517578,155.5500030517578,125.56688690185547,1808600,-0.00012831605428247558,54.65464831181076,2.8283558691317117
2016-05-27,156.1999969482422,156.8800048828125,155.11000061035156,156.74000549316406,126.5274887084961,1364000,0.0076210066456460345,57.15016927053793,2.7527593265123707
2016-05-31,157.4199981689453,158.42999267578125,156.86000061035156,157.9499969482422,127.50421905517578,3204400,0.007689868075474727,59.5856252117328,2.6768470305198577
2016-06-01,157.61000061035156,158.83999633789062,156.6699981689453,158.0500030517578,127.5849380493164,1716400,0.000632868897690718,59.78903013398245,2.6406435404073902
2016-06-02,158.22999572753906,159.8699951171875,157.9499969482422,159.8699951171875,129.0541534423828,2386300,0.011449786822249779,63.39982765711636,2.589168871017242
2016-06-03,159.86000061035156,159.99000549316406,156.82000732421875,159.19000244140625,128.50523376464844,2149300,-0.004262477207944702,61.18907336268613,2.6306566780121043
2016-06-06,159.5800018310547,160.75,158.88999938964844,160.19000244140625,129.31246948242188,1897600,0.006262086315239671,63.220204498999415,2.5756098160363514
2016-06-07,159.1300048828125,159.63999938964844,158.27999877929688,158.88999938964844,128.2630615234375,1896700,-0.008148396404626982,58.90441303513863,2.488780587058866
2016-06-08,158.47999572753906,158.94000244140625,157.5399932861328,158.0,127.54460144042969,2476000,-0.00561720445597732,56.081687807668374,2.4110111990741925
2016-06-09,157.75999450683594,158.97999572753906,156.0,156.77999877929688,126.55976867675781,2383200,-0.0077514424040871005,52.376567350841526,2.4516529511073974
2016-06-10,155.25999450683594,156.32000732421875,153.63999938964844,154.77999877929688,124.9453125,2626100,-0.012838534671118057,46.905709600033354,2.467964021354749
2016-06-13,155.05999755859375,156.1199951171875,152.99000549316406,153.0800018310547,123.57295989990234,2340300,-0.011044391517925875,42.81207736375825,2.5152515644025124
2016-06-14,152.74000549316406,153.47999572753906,151.63999938964844,152.99000549316406,123.50030517578125,2115200,-0.0005881229293913264,42.600106276237995,2.4670190482230923
2016-06-15,153.1300048828125,154.0800018310547,151.82000732421875,151.89999389648438,122.62046813964844,2443700,-0.007149666988425493,40.01624203148145,2.452231580981153
2016-06-16,151.67999267578125,152.89999389648438,150.6999969482422,152.3000030517578,122.94332885742188,2321700,0.0026295480665900306,41.42035925171958,2.4342148214997983
2016-06-17,152.61000061035156,152.75999450683594,149.5500030517578,149.6199951171875,120.7798843383789,4681500,-0.017753756945101673,35.434679920826966,2.4896274381839647
2016-06-20,151.7899932861328,152.69000244140625,150.3699951171875,150.64999389648438,121.61133575439453,3250500,0.0068604355946269464,39.07841328968807,2.531083144329307
2016-06-21,151.13999938964844,151.47000122070312,148.5,149.4199981689453,120.6184310913086,2622200,-0.008198085949452833,36.43411262373863,2.5624344354988655
2016-06-22,149.0800018310547,152.17999267578125,149.0,149.80999755859375,120.93328857421875,4470100,0.002606958556672836,37.869825638898305,2.606545738376179
2016-06-23,151.2100067138672,152.39999389648438,150.6300048828125,152.27000427246094,122.9190902709961,3000400,0.01628727679163869,46.13342787349742,2.6053636383414966
2016-06-24,147.1999969482422,149.3000030517578,146.02999877929688,146.4499969482422,118.220947265625,4919200,-0.03897102815057377,34.456812605505064,2.652837969350028
2016-06-27,146.16000366210938,147.07000732421875,143.82000732421875,144.5800018310547,116.7114028930664,4176700,-0.012851062414875188,31.682090990663525,2.6954924001107403
2016-06-28,145.88999938964844,148.4199981689453,145.60000610351562,148.4199981689453,119.81124114990234,4348000,0.02621326823122128,42.00925023422297,2.777242681380732
2016-06-29,149.11000061035156,150.75,148.6300048828125,150.10000610351562,121.1673812866211,3771100,0.011255392198124315,45.86471679380348,2.745296906357443
2016-06-30,150.8300018310547,152.42999267578125,149.8300018310547,152.14999389648438,122.82223510742188,3480700,0.013565160857907824,50.21443762810264,2.7349179019552374
2016-07-01,152.42999267578125,154.9499969482422,152.25,154.27999877929688,124.54169464111328,2758100,0.013902489582854735,54.32131356875559,2.73956684122685
2016-07-05,154.2899932861328,154.94000244140625,153.3800048828125,154.27000427246094,124.53358459472656,2349100,-6.512124699379227e-05,54.29856193664486,2.6553118924673424
2016-07-06,153.44000244140625,156.82000732421875,152.9499969482422,156.0500030517578,125.9704818725586,3834000,0.01147217334491583,57.68053056562059,2.742076069860858
2016-07-07,155.86000061035156,156.75999450683594,155.25,156.58999633789062,126.4063949584961,2437100,0.003454464805984034,58.67952682669483,2.6540702439305064
2016-07-08,157.6199951171875,161.11000061035156,156.1999969482422,161.10000610351562,130.04705810546875,3741500,0.028394296922297255,65.91617212586448,2.8152083452289967
2016-07-11,161.36000061035156,162.32000732421875,160.0,160.17999267578125,129.3043670654297,2464700,-0.0057273104992564,63.47397851301131,2.779836843728265
2016-07-12,160.6199951171875,162.27999877929688,160.50999450683594,161.9600067138672,130.74130249023438,2407200,0.011051520699207146,66.09161294250752,2.731277505141648
2016-07-13,162.63999938964844,162.66000366210938,160.30999755859375,160.52000427246094,129.57887268066406,2691800,-0.008930829391557068,62.20773828109493,2.704043833596932
2016-07-14,162.0,162.99000549316406,160.74000549316406,162.74000549316406,131.3709716796875,2444800,0.013735414775606832,65.56721015402366,2.6873265041045173
2016-07-15,163.4499969482422,164.57000732421875,161.55999755859375,163.27999877929688,131.80685424804688,3179700,0.0033124596677464035,66.35070524472678,2.7103753084988376
2016-07-18,163.82000732421875,164.0,162.7899932861328,162.92999267578125,131.5243377685547,1815600,-0.002145713052242674,65.31335590558757,2.6032061231680053
2016-07-19,163.1999969482422,164.7100067138672,161.94000244140625,162.49000549316406,131.16912841796875,2249500,-0.0027043654509604806,63.9593858381869,2.615120276688929
2016-07-20,162.4499969482422,163.64999389648438,161.82000732421875,163.25,131.7826690673828,2161400,0.0046665721147266396,65.29755427883588,2.5590392978015504
2016-07-21,163.38999938964844,164.25999450683594,162.7100067138672,164.19000244140625,132.54147338867188,1971800,0.005741483912237483,66.93281484675434,2.4869641903134934
2016-07-22,164.77999877929688,166.3300018310547,164.0,165.6699981689453,133.7361602783203,2500400,0.008973302710785652,69.37934380108193,2.4757525932235787
2016-07-25,165.6999969482422,166.9499969482422,164.07000732421875,166.55999755859375,134.45462036132812,2704900,0.005357841160664284,70.77949236395128,2.5046266668521397
2016-07-26,165.88999938964844,168.0500030517578,165.77000427246094,167.6699981689453,135.35069274902344,2883600,0.006642387223735205,72.47027079568828,2.4885818177410495
2016-07-27,167.4499969482422,171.08999633789062,167.44000244140625,170.67999267578125,137.78045654296875,4200200,0.017792389472396954,76.44954518150071,2.5715398233655726
2016-07-28,168.92999267578125,171.8000030517578,166.50999450683594,171.27999877929688,138.26483154296875,5192500,0.0035093915239908717,77.15835808133403,2.765716160619594
2016-07-29,171.57000732421875,172.25999450683594,170.52999877929688,172.02999877929688,138.87020874023438,3121600,0.004368831595845048,78.04764608056867,2.69173612968527
2016-08-01,172.91000366210938,174.97999572753906,172.27999877929688,174.16000366210938,140.5896759033203,3571900,0.012305800983632148,80.38370892189602,2.7101833310107644
2016-08-02,175.0500030517578,176.5,173.1699981689453,174.14999389648438,140.5816192626953,6589000,-5.730770363635524e-05,80.3405686264002,2.754456081013902
2016-08-03,173.74000549316406,174.38999938964844,172.27999877929688,173.42999267578125,140.00038146972656,3911800,-0.004143092734915476,77.12473696200624,2.7084235473951637
2016-08-04,173.3000030517578,173.6699981689453,172.0399932861328,172.6699981689453,139.38690185546875,2122200,-0.004391614342171377,73.76844295908158,2.631393642782116
2016-08-05,173.35000610351562,174.52000427246094,172.50999450683594,173.66000366210938,140.18601989746094,2228300,0.005716721156721998,75.27765888387867,2.5870090801280363
2016-08-08,173.30999755859375,174.16000366210938,171.8300018310547,172.33999633789062,139.1204833984375,2706500,-0.007629909477041952,69.53304754011205,2.56865141947994
2016-08-09,172.66000366210938,173.3000030517578,171.67999267578125,172.0800018310547,138.91062927246094,2094200,-0.0015095732546771634,68.42554011506017,2.5008913449439847
2016-08-10,171.88999938964844,172.1999969482422,170.7100067138672,171.22999572753906,138.22442626953125,2476600,-0.004952129956521895,64.79147238794168,2.428684122760486
2016-08-11,172.24000549316406,172.77999877929688,171.0500030517578,172.42999267578125,139.193115234375,2142800,0.006983645638325828,67.4218473283602,2.3787778088160985
2016-08-12,171.24000549316406,173.14999389648438,170.67999267578125,173.02000427246094,139.66941833496094,1863200,0.0034160455882616876,68.66158709673041,2.385293766808029
2016-08-15,171.47999572753906,174.72000122070312,171.47999572753906,174.5800018310547,141.74795532226562,2784300,0.014772185227295273,73.41587502930311,2.446344604404888
2016-08-16,174.5399932861328,174.91000366210938,172.07000732421875,172.16000366210938,139.78311157226562,2622800,-0.013958499671359845,63.5942905875504,2.474462585368155
2016-08-17,172.00999450683594,174.5,171.67999267578125,174.30999755859375,141.52874755859375,2580900,0.01241084110856735,67.72536708220557,2.4991443524289116
2016-08-18,174.42999267578125,176.63999938964844,173.57000732421875,174.75,141.88600158691406,3422400,0.002521070047460988,68.51283953005152,2.5399191890718242
2016-08-19,174.10000610351562,174.9600067138672,172.25999450683594,173.6199951171875,140.96852111816406,2696400,-0.006487318482143148,64.1818170206898,2.5513544046403545
2016-08-22,173.74000549316406,175.17999267578125,173.22000122070312,174.35000610351562,141.56124877929688,2603700,0.004195866021077818,65.69075931252164,2.509114193957338
2016-08-23,174.44000244140625,175.99000549316406,173.66000366210938,174.39999389648438,141.60186767578125,2375700,0.000286893980201255,65.79709759707582,2.496320453750006
2016-08-24,174.0,174.8699951171875,170.27999877929688,170.83999633789062,138.71133422851562,3055000,-0.02062432941004051,53.16820890038328,2.6458687311886213
2016-08-25,169.9199981689453,171.4600067138672,168.75999450683594,170.22999572753906,138.21607971191406,2623800,-0.003576785971120867,51.34963526239802,2.649736122320238
2016-08-26,170.8000030517578,172.99000549316406,169.77000427246094,171.97000122070312,139.62884521484375,2925300,0.010169541005032486,55.97556442293445,2.690469343633301
2016-08-29,172.3699951171875,172.5,171.1199951171875,171.50999450683594,139.25534057617188,2512200,-0.0026785660931492325,54.50012634369692,2.596864739288958
2016-08-30,171.16000366210938,171.94000244140625,170.1199951171875,170.75999450683594,138.64639282226562,1803100,-0.00438247520866132,52.089438919171066,2.5413749239268
2016-08-31,170.72999572753906,171.38999938964844,169.82000732421875,170.05999755859375,138.07803344726562,2936400,-0.004107770187540845,49.872116387297524,2.4719904340341494
2016-09-01,170.5500030517578,170.55999755859375,168.6199951171875,170.1300048828125,138.1348876953125,1876100,0.00041166972648944855,50.10093753100427,2.433991291703585
2016-09-02,170.5500030517578,171.0500030517578,168.91000366210938,169.77000427246094,137.8425750732422,2083800,-0.0021183811783148615,48.86586709994556,2.4129918701282174
2016-09-06,169.85000610351562,171.77000427246094,169.38999938964844,170.83999633789062,138.71133422851562,1919700,0.006282767907265222,52.60535119285479,2.4106356567485228
2016-09-07,169.77999877929688,171.44000244140625,169.1999969482422,170.6300048828125,138.54083251953125,2013000,-0.0012299397510802505,51.804626236652425,2.3984477879210613
2016-09-08,170.07000732421875,171.36000061035156,169.72999572753906,170.97000122070312,138.81689453125,2611200,0.0019906573782323815,53.05070392729949,2.343559008984736
2016-09-09,169.69000244140625,169.75999450683594,166.52999877929688,166.5500030517578,135.22813415527344,3131400,-0.02619252436546615,38.95169405927311,2.406875917452902
2016-09-12,166.0800018310547,172.5800018310547,165.92999267578125,172.0399932861328,139.68563842773438,4451500,0.03243122320225711,54.96224258677543,2.709956863011512
2016-09-13,171.24000549316406,171.5,167.80999755859375,169.3000030517578,137.46092224121094,3162600,-0.016054783195736916,48.17186965424171,2.779960118611136
2016-09-14,169.64999389648438,171.77000427246094,169.5,170.13999938964844,138.1429901123047,2799000,0.004949634116294757,50.20314482477746,2.7578201973319922
2016-09-15,170.0399932861328,173.38999938964844,169.47000122070312,172.63999938964844,140.1728057861328,2923900,0.014586679549953128,55.76003353674545,2.8408329095900866
2016-09-16,172.58999633789062,173.38999938964844,171.0500030517578,172.9600067138672,140.43267822265625,4028300,0.0018522268852851557,56.43038384963706,2.805058868754411
2016-09-19,173.25,173.5,171.17999267578125,171.3800048828125,139.14979553222656,2226800,-0.009177196817714606,52.22346511875281,2.7704123298590067
2016-09-20,172.94000244140625,174.25999450683594,172.4600067138672,173.3800048828125,140.77366638183594,2607700,0.011602379128493146,56.63085252995073,2.77823927944218
2016-09-21,174.24000549316406,174.25,171.61000061035156,173.85000610351562,141.15525817871094,2516400,0.0027070087291814595,57.620219726893154,2.76836500159977
2016-09-22,174.60000610351562,175.72999572753906,173.75,175.6199951171875,142.5924072265625,2338300,0.010129854884085902,61.20936453614926,2.712052910595433
2016-09-23,176.27000427246094,176.85000610351562,174.61000061035156,174.8000030517578,141.92660522460938,2238700,-0.004680201941820153,58.72791837884816,2.6783352379217638
2016-09-26,174.22000122070312,174.4499969482422,172.8300018310547,173.52999877929688,140.8954620361328,1798500,-0.007291847962029183,55.00849743877819,2.6027395150121735
2016-09-27,170.24000549316406,171.97999572753906,169.5,171.6300048828125,139.35279846191406,4798900,-0.011009375424230975,49.915184759800404,2.593972101621237
2016-09-28,172.22000122070312,172.22000122070312,169.0500030517578,169.7100067138672,137.79383850097656,3300700,-0.011250191744725233,45.3458161049299,2.635116820715814
2016-09-29,170.38999938964844,170.38999938964844,165.3300018310547,165.4499969482422,134.33494567871094,3804000,-0.025422368456696383,37.20740346405313,2.8083225877070954
2016-09-30,166.3800048828125,167.72000122070312,165.27000427246094,166.80999755859375,135.43922424316406,3999600,0.008186734351942178,40.856898674514106,2.7827278991738877
2016-10-03,166.0500030517578,167.5800018310547,164.44000244140625,167.33999633789062,135.86953735351562,2514600,0.0031721310336717498,42.26506405707374,2.8082472913506416
2016-10-04,167.33999633789062,168.69000244140625,167.13999938964844,167.5500030517578,136.04006958007812,2797600,0.0012543304434475728,42.845833864220445,2.7183727028082965
2016-10-05,167.5500030517578,168.38999938964844,166.9199981689453,167.24000549316406,135.7883758544922,1953400,-0.0018518576826125322,42.171561080923894,2.629203311229356
2016-10-06,166.3300018310547,167.7899932861328,165.7899932861328,166.89999389648438,135.51229858398438,1904100,-0.0020352132656803914,41.40191614084974,2.584260217570116
2016-10-07,167.94000244140625,168.14999389648438,166.3000030517578,167.5,135.9994659423828,1679800,0.0035885581757369644,43.366088132265034,2.531812405224148
2016-10-10,168.1999969482422,168.58999633789062,167.6699981689453,168.30999755859375,136.65713500976562,1628200,0.004824165932948694,45.99770252713433,2.428825543271753
2016-10-11,167.82000732421875,167.82000732421875,163.50999450683594,164.32000732421875,133.41754150390625,2761900,-0.023991504398771606,36.90154404739614,2.5631960628511146
2016-10-12,164.32000732421875,165.58999633789062,163.61000061035156,163.8800048828125,133.06028747558594,2250600,-0.0026813055609561727,36.05479216139956,2.521538896043111
2016-10-13,162.85000610351562,165.08999633789062,162.50999450683594,164.2899932861328,133.39315795898438,2430900,0.002498527696058986,37.493976229009526,2.5257148199725092
2016-10-14,165.0500030517578,165.25,161.83999633789062,161.89999389648438,131.45262145996094,2817500,-0.014654348886849513,32.852014482281874,2.588878308696571
2016-10-17,162.1999969482422,163.4499969482422,161.13999938964844,162.6199951171875,132.0372314453125,2348400,0.004437445603295946,35.44499396432788,2.5689582551177983
2016-10-18,163.74000549316406,163.86000061035156,162.75,162.8000030517578,132.18338012695312,2001800,0.0011062626467775907,36.109222640153995,2.4740330578353884
2016-10-19,163.4199981689453,163.61000061035156,161.02000427246094,161.0800018310547,130.7867889404297,2502700,-0.01062176992902976,32.651789711362696,2.482316149267905
2016-10-20,161.0,163.35000610351562,161.0,161.5,131.12786865234375,2922600,0.0026045117738568106,34.306155635156,2.472865431714171
2016-10-21,160.69000244140625,161.22000122070312,158.35000610351562,158.50999450683594,128.7001495361328,3541000,-0.01868766721310895,28.870130062880506,2.5012318378194087
2016-10-24,159.36000061035156,159.6999969482422,158.24000549316406,158.75999450683594,128.9031524658203,2920200,0.0015760898259647173,29.870813677191222,2.42685752476646
2016-10-25,158.83999633789062,159.27000427246094,157.8000030517578,157.89999389648438,128.20484924316406,2414300,-0.005431996943381228,28.39117859582582,2.3585106459047935
2016-10-26,158.67999267578125,160.0500030517578,158.02999877929688,158.99000549316406,129.08987426757812,2716800,0.006879492146831399,32.92597822125177,2.343617682288268
2016-10-27,159.7100067138672,161.60000610351562,159.63999938964844,160.57000732421875,130.3727264404297,3366900,0.009888613025075765,38.960062899533746,2.362645034292789
2016-10-28,151.69000244140625,151.75999450683594,142.63999938964844,145.17999267578125,117.87703704833984,18311600,-0.10075545232038957,20.044470842819678,2.845312897356697
2016-10-31,146.5500030517578,146.67999267578125,140.94000244140625,141.16000366210938,114.613037109375,8693700,-0.02808046256026085,17.635836092885953,3.0520755642865756
2016-11-01,141.1699981689453,142.41000366210938,139.30999755859375,140.75999450683594,114.28825378417969,5589300,-0.0028377606948481707,17.411631714327925,3.0554991742315076
2016-11-02,140.30999755859375,140.61000061035156,138.63999938964844,138.6999969482422,112.61565399169922,4622500,-0.014743069917659193,16.264849168677898,2.9779636061223376
2016-11-03,139.6999969482422,139.77000427246094,135.0,135.22000122070312,109.7901382446289,5791200,-0.025410019640574787,14.52451152513322,3.105966510860809
2016-11-04,133.7100067138672,137.61000061035156,133.63999938964844,135.39999389648438,109.93627166748047,5051500,0.0013301400087121233,15.030896739913786,3.1676832758495457
2016-11-07,137.85000610351562,140.22999572753906,137.16000366210938,139.2100067138672,113.0297622680664,5146000,0.027750317508605227,25.14124166209821,3.2864203155070557
2016-11-08,139.5500030517578,140.0,137.35000610351562,138.4499969482422,112.4126968383789,3668500,-0.005474274660898245,24.514631539747114,3.2409612855768644
2016-11-09,146.75,152.85000610351562,142.75,146.4199981689453,118.88383483886719,11793400,0.055969946239512805,41.09508327030403,4.0380361334123345
2016-11-10,150.39999389648438,152.22999572753906,148.75999450683594,151.57000732421875,123.06536102294922,8933400,0.0345687661499916,48.905068976923594,4.164604806639579
2016-11-11,150.0500030517578,150.83999633789062,146.8000030517578,149.0399932861328,121.0110855102539,5159400,-0.016833447477508007,45.699406424561346,4.155703983746238
2016-11-14,148.47000122070312,149.14999389648438,146.00999450683594,146.4199981689453,119.68689727783203,5060000,-0.01100301362400047,43.71045150893411,4.083153655596395
2016-11-15,146.8699951171875,148.4600067138672,145.00999450683594,147.05999755859375,120.21002197265625,4515100,0.0043612525382470835,44.73377828042529,4.037929266413171
2016-11-16,147.57000732421875,148.5,146.44000244140625,147.22999572753906,120.34901428222656,4108200,0.0011555776677631615,45.01977648369758,3.8966484301403552
2016-11-17,147.72999572753906,148.4499969482422,146.50999450683594,147.36000061035156,120.45526885986328,3957300,0.0008824974634687979,45.25301768875148,3.7568880023736333
2016-11-18,147.0500030517578,148.35000610351562,144.89999389648438,145.22999572753906,118.71414184570312,3764600,-0.014560037322955483,42.10120236739631,3.7349683027063203
2016-11-21,145.99000549316406,146.1699981689453,145.11000061035156,145.5500030517578,118.9757308959961,2860500,0.002201096352052048,42.74639565457938,3.5438989638411367
2016-11-22,146.82000732421875,146.9499969482422,142.82000732421875,144.3300018310547,117.97848510742188,3586200,-0.008417252018585333,40.87631900218517,3.5857625824255868
2016-11-23,142.94000244140625,145.1699981689453,142.83999633789062,145.02999877929688,118.55067443847656,3216900,0.004838223315237253,42.43249789564359,3.4960653858990938
2016-11-25,145.22000122070312,146.0,144.75999450683594,145.42999267578125,118.87767028808594,2004000,0.002754482045803928,43.350162315685004,3.3349182507037343
2016-11-28,145.25,145.9199981689453,144.5,145.07000732421875,118.58338928222656,2411700,-0.0024785634920185353,42.69061853424058,3.198138244863847
2016-11-29,145.36000061035156,146.7899932861328,145.30999755859375,146.0,119.34357452392578,2939100,0.006390093970653906,45.017731376129376,3.0925559389388626
2016-11-30,145.6999969482422,146.32000732421875,144.07000732421875,144.07000732421875,117.76594543457031,4296900,-0.013307372651425066,41.272152112435855,3.032373371871801
2016-12-01,144.24000549316406,144.24000549316406,142.13999938964844,142.38999938964844,116.3926773071289,3894000,-0.011729517845867194,38.286009099050816,2.9657757098463597
2016-12-02,142.2899932861328,144.91000366210938,141.5,144.00999450683594,117.7168960571289,3517300,0.011312932265023636,42.59884740784317,2.9975062778651465
2016-12-05,145.4499969482422,146.3699951171875,143.72000122070312,145.2899932861328,118.76322937011719,3855500,0.008849286080797927,45.82071589837581,2.972683964909377
2016-12-06,145.8000030517578,145.99000549316406,144.27999877929688,145.11000061035156,118.61607360839844,2399000,-0.0012398366557058787,45.43446939662669,2.8824927326920777
2016-12-07,143.52000427246094,143.8800048828125,139.66000366210938,141.19000244140625,115.4117660522461,7031300,-0.027385697541150167,37.93566541655994,2.978029053264295
2016-12-08,140.8300018310547,141.10000610351562,138.8300018310547,140.58999633789062,114.92130279541016,4387600,-0.0042587371459718295,36.93092540363418,2.9274558546354834
2016-12-09,141.5,144.5800018310547,141.0,143.4499969482422,117.25914764404297,4637300,0.02013885198033994,44.47932099051932,3.003352257387525
2016-12-12,142.9199981689453,146.0399932861328,142.7899932861328,145.75999450683594,119.14740753173828,3310100,0.015975022717340744,49.71428377574478,3.0209699532884158
2016-12-13,146.80999755859375,149.97000122070312,146.5500030517578,148.3699951171875,121.2808609008789,4308700,0.017747575039440574,54.88965010836368,3.1059011504726137
2016-12-14,148.16000366210938,149.5500030517578,147.4199981689453,148.69000244140625,121.5424575805664,3196700,0.0021546265204414696,55.49449490128914,3.036194274211177
2016-12-15,149.17999267578125,150.47000122070312,148.77999877929688,150.38999938964844,122.93205261230469,2950500,0.011368138100931261,58.66498606795902,2.946466024574441
2016-12-16,150.9199981689453,151.2100067138672,148.80999755859375,149.3699951171875,122.0982666015625,6356800,-0.006805600478867877,56.083334227274456,2.907433391052941
2016-12-19,149.75,150.35000610351562,147.2100067138672,147.74000549316406,120.7658920288086,3013800,-0.010972289591147778,52.135079562556776,2.9240452480954766
2016-12-20,146.82000732421875,147.99000549316406,146.47000122070312,147.22000122070312,120.34081268310547,2615600,-0.0035260718828623652,50.90381877935868,2.8237566069787237
2016-12-21,147.07000732421875,147.6300048828125,145.6999969482422,146.1699981689453,119.4825210571289,2491800,-0.007157729625377883,48.41741770561492,2.7599174160924087
2016-12-22,146.30999755859375,146.61000061035156,145.1199951171875,146.36000061035156,119.63787078857422,1820500,0.001299343415277392,48.903902052647716,2.6692094215975266
2016-12-23,146.35000610351562,147.72999572753906,146.24000549316406,147.5500030517578,120.61060333251953,2169700,0.00809776514068521,51.95913436246363,2.5849794796530605
2016-12-27,147.77000427246094,150.11000061035156,147.77000427246094,148.36000061035156,121.27271270751953,1941000,0.005474631649216908,53.976377630070495,2.583195056720253
2016-12-28,148.6300048828125,149.14999389648438,147.36000061035156,147.6699981689453,120.70867156982422,1804000,-0.004661864059533344,51.974207169170974,2.5265377873925785
2016-12-29,147.3699951171875,148.69000244140625,147.3699951171875,147.77999877929688,120.79856872558594,1655500,0.000744467617647721,52.27804051537856,2.4403570400230192
2016-12-30,147.6300048828125,148.75,145.6199951171875,146.2100067138672,119.51521301269531,3193100,-0.010680768317923695,47.644048007170404,2.489617600222268
2017-01-03,147.86000061035156,151.0,147.1199951171875,150.72999572753906,123.20996856689453,3640900,0.030446292703939434,58.930935223108676,2.653930149215878
2017-01-04,152.08999633789062,153.72000122070312,151.77000427246094,152.8699951171875,124.95927429199219,3945900,0.01409791703363349,62.99814279657196,2.6779355309264625
2017-01-05,152.72000122070312,153.39999389648438,151.50999450683594,152.97999572753906,125.04915618896484,3441700,0.000719030959653611,63.19980422957933,2.6216543779780324
2017-01-06,159.8800048828125,161.0,156.6699981689453,156.77999877929688,128.15538024902344,9899300,0.024536526412581708,69.40546956880434,3.0072507990125255
2017-01-09,157.00999450683594,158.9499969482422,156.6300048828125,158.83999633789062,129.83926391601562,4247700,0.013053818104063072,72.1474662210506,2.958160889470894
2017-01-10,158.49000549316406,159.1300048828125,157.24000549316406,158.75999450683594,129.7738800048828,3324400,-0.0005037026363745854,71.8780875931893,2.881863639483576
2017-01-11,159.16000366210938,159.16000366210938,154.5,156.6199951171875,128.0245819091797,4821300,-0.01357125974538683,64.89669234251019,3.0088736410997043
2017-01-12,155.44000244140625,156.14999389648438,154.55999755859375,155.36000061035156,126.99459838867188,3234800,-0.00807773846517748,61.13170633154851,2.907525262299056
2017-01-13,155.27999877929688,157.2100067138672,154.88999938964844,156.1199951171875,127.6158447265625,2637500,0.004879984993274224,62.54323379931675,2.86555969529332
2017-01-17,155.13999938964844,156.1199951171875,153.52999877929688,154.8000030517578,126.53690338134766,3404900,-0.00849054621619033,58.565339825158546,2.8458765983359844
2017-01-18,155.69000244140625,155.94000244140625,154.50999450683594,155.77000427246094,127.32978820800781,2432600,0.006246486294035776,60.55100391090445,2.7447431223527223
2017-01-19,155.1300048828125,155.69000244140625,153.25,153.8000030517578,125.71945190429688,2571900,-0.012727625986675704,54.80634796264909,2.7229759308565455
2017-01-20,154.7100067138672,155.35000610351562,153.82000732421875,154.6699981689453,126.43058776855469,3067400,0.005640592011440404,56.75742709128917,2.639192153778065
2017-01-23,154.2100067138672,154.5500030517578,152.39999389648438,152.72000122070312,124.83663177490234,2458200,-0.01268750757429389,51.400974926752625,2.6042505110277347
2017-01-24,152.82000732421875,153.0,150.3800048828125,151.85000610351562,124.12550354003906,3027700,-0.0057127576285500295,49.17139355977461,2.6053751257534326
2017-01-25,152.52999877929688,154.82000732421875,151.77000427246094,154.10000610351562,125.96470642089844,3479500,0.014708580868879637,54.6502876582563,2.6371342633251738
2017-01-26,155.0,155.8000030517578,152.89999389648438,152.97999572753906,125.04915618896484,3366900,-0.007294850431625725,51.66479091901067,2.6559110413214784
2017-01-27,153.22999572753906,157.5,152.75999450683594,157.16000366210938,128.4659881591797,4885200,0.026957276202545552,60.36663379794973,2.8047749307388057
2017-01-30,157.10000610351562,157.17999267578125,153.77000427246094,154.42999267578125,126.23444366455078,3758400,-0.0175233436494029,53.58190631246261,2.8480044644946276
2017-01-31,153.6999969482422,156.9600067138672,153.14999389648438,156.67999267578125,128.0736541748047,3351300,0.0144646796029697,57.7924322626395,2.916719346843784
2017-02-01,158.58999633789062,159.75,157.0500030517578,159.6699981689453,130.51771545410156,3924800,0.018903446487802244,62.641950281146485,2.9276684880848527
2017-02-02,159.72999572753906,159.94000244140625,156.91000366210938,159.5800018310547,130.44415283203125,4445400,-0.0005637806358600753,62.40952203704845,2.9349777945999973
2017-02-03,166.10000610351562,167.85000610351562,164.86000061035156,167.52999877929688,136.94264221191406,7366600,0.04861698065559713,72.21675506301737,3.3160511144472076
2017-02-06,166.17999267578125,166.88999938964844,165.1300048828125,166.5800018310547,136.1660919189453,4389200,-0.0056867634658062435,69.87087038989394,3.2049042139035455
2017-02-07,167.0,167.72000122070312,165.60000610351562,166.82000732421875,136.36228942871094,3584300,0.0014398320108199043,70.13483288392274,3.1274107069952564
2017-02-08,166.5,168.35000610351562,166.32000732421875,168.1199951171875,137.4249267578125,3493400,0.007762544065060085,71.58678494167341,3.049024140731086
2017-02-09,165.75,167.7899932861328,165.5,167.47000122070312,136.89366149902344,4281400,-0.003873349789178265,69.76074829172472,2.9948076511169233
2017-02-10,167.8000030517578,168.30999755859375,167.02999877929688,167.88999938964844,137.23690795898438,2931200,0.0025042565666650134,70.2880833359394,2.8723213031297767
2017-02-13,167.72000122070312,168.25999450683594,166.67999267578125,167.66000366210938,137.99415588378906,3602800,0.005502648029371321,71.47012339532276,2.7800127694101278
2017-02-14,167.07000732421875,168.07000732421875,165.57000732421875,168.0500030517578,138.31515502929688,3116700,0.0023234779085645114,71.97902663076214,2.7600118573094043
2017-02-15,167.32000732421875,172.0,167.0,171.7899932861328,141.3933563232422,4058800,0.022010953873656695,76.33783368195859,2.9200110103587327
2017-02-16,171.55999755859375,172.1699981689453,170.3000030517578,172.11000061035156,141.65675354003906,2660600,0.0018611354219522874,76.67222621508618,2.845009875132216
2017-02-17,171.35000610351562,173.36000061035156,168.88999938964844,173.2899932861328,142.62796020507812,4154900,0.0068326603330877405,77.91173289037336,2.9610806855301384
2017-02-21,172.85000610351562,173.5,171.86000061035156,173.13999938964844,142.5045166015625,3941200,-0.0008658684735640648,77.3491677206753,2.8667177358243023
2017-02-22,172.3300018310547,174.6999969482422,171.88999938964844,172.61000061035156,142.0682830810547,2579800,-0.003065885866098606,75.28051455818337,2.8626662945935486
2017-02-23,172.75,174.00999450683594,171.88999938964844,174.00999450683594,143.22055053710938,2190800,0.008077944777543488,77.02813545344225,2.8096183533502597
2017-02-24,173.2899932861328,174.72000122070312,172.47999572753906,174.55999755859375,143.67324829101562,2677300,0.0031558585893000277,77.69531634211792,2.768931720479817
2017-02-27,174.2100067138672,176.27000427246094,173.7100067138672,176.1300048828125,144.96546936035156,2850700,0.008953959561059684,79.52348614733705,2.754007851773669
2017-02-28,175.4600067138672,178.25,175.4199981689453,176.52999877929688,145.294677734375,3370400,0.002268368692569388,79.97382276160278,2.7594359931508845
2017-03-01,178.0,179.67999267578125,175.75999450683594,178.24000549316406,146.70208740234375,3532300,0.009639973692184682,81.81512814728359,2.842333291421915
2017-03-02,177.72000122070312,178.86000061035156,176.82000732421875,178.07000732421875,146.56222534179688,3493000,-0.0009538294642258071,81.01791781079447,2.785023291044122
2017-03-03,178.4600067138672,180.52999877929688,177.5500030517578,180.1999969482422,148.31532287597656,2893800,0.011890482674318935,83.22443494220019,2.7989498936509034
2017-03-06,179.5500030517578,180.33999633789062,178.16000366210938,179.4600067138672,147.70623779296875,3280100,-0.0041151458101450974,79.75561857434272,2.754738663803071
2017-03-07,177.39999389648438,178.58999633789062,176.27999877929688,177.3800048828125,145.99427795410156,3328900,-0.011657992657371991,70.82069337095149,2.7229714420024047
2017-03-08,177.25,178.75999450683594,177.13999938964844,177.77999877929688,146.323486328125,2320800,0.002252401690422195,71.48230932986849,2.6441874188013403
2017-03-09,178.0500030517578,179.1199951171875,177.07000732421875,178.9199981689453,147.26173400878906,2505300,0.006391676487069265,73.3377980849677,2.6017445883847268
2017-03-10,179.47000122070312,181.92999267578125,179.11000061035156,181.44000244140625,149.3359375,4589000,0.013986875188293184,76.91392283589097,2.6309052968455275
2017-03-13,181.92999267578125,182.0,180.32000732421875,181.0500030517578,149.014892578125,2531000,-0.002152131071365787,75.231953348894,2.5629829667695074
2017-03-14,180.4199981689453,181.55999755859375,179.6300048828125,180.1199951171875,148.24948120117188,2746300,-0.005149712754011739,71.23246081614536,2.5177693745560603
2017-03-15,180.30999755859375,184.2100067138672,180.30999755859375,182.60000610351562,150.29063415527344,4197300,0.013674442095620043,75.04280072025792,2.6300723904220336
2017-03-16,181.60000610351562,181.83999633789062,178.02000427246094,180.11000061035156,148.2412109375,6014400,-0.013730229773906666,65.64164498399336,2.71506665292258
2017-03-17,167.3699951171875,171.58999633789062,165.9499969482422,168.61000061035156,138.77603149414062,23936800,-0.06597940130587861,40.442275319616186,3.129705054318177
2017-03-20,169.6300048828125,169.7100067138672,167.75999450683594,169.24000549316406,139.2946014404297,5831500,0.0037297757190559344,41.76139547704669,3.045441279511968
2017-03-21,170.0500030517578,170.2100067138672,166.49000549316406,166.85000610351562,137.32748413085938,4922700,-0.014222656626176937,38.29633314647515,3.093624132454194
2017-03-22,167.92999267578125,167.97999572753906,166.58999633789062,167.4499969482422,137.82127380371094,5070400,0.0035892599092485606,39.64999376509803,2.9719366508252114
2017-03-23,167.47999572753906,168.02000427246094,165.57000732421875,166.0399932861328,136.6608123779297,4432200,-0.008455694549786666,37.564313796493366,2.934655243497853
2017-03-24,166.69000244140625,166.92999267578125,165.0800018310547,165.74000549316406,136.4138946533203,3175600,-0.0018084266725923476,37.11692736916092,2.857179215014189
2017-03-27,164.77000427246094,166.61000061035156,163.0,164.91000366210938,135.730712890625,4734000,-0.005020736614889117,35.84488035913925,2.9109521718240012
2017-03-28,164.11000061035156,166.25999450683594,163.72999572753906,164.7100067138672,135.56610107421875,6526400,-0.0012135183911785084,35.52892722708357,2.883741215214921
2017-03-29,164.47000122070312,165.22000122070312,162.94000244140625,163.05999755859375,134.20806884765625,4070800,-0.010068003903517732,32.94864703812253,2.840616755506489
2017-03-30,164.07000732421875,164.8000030517578,163.2100067138672,164.3800048828125,135.29452514648438,2262300,0.008062721537248636,36.8970486011145,2.7620016653391732
2017-03-31,164.32000732421875,165.47999572753906,163.85000610351562,164.07000732421875,135.0393524169922,2811800,-0.0018878344628992833,36.35555757979044,2.6811436623880494
2017-04-03,164.6300048828125,165.02000427246094,163.52000427246094,163.88999938964844,134.89120483398438,3047800,-0.0010976719300818073,36.024998872002456,2.59677625793176
2017-04-04,163.77999877929688,164.49000549316406,163.1199951171875,164.36000061035156,135.27806091308594,2239400,0.0028638071945622833,37.62000611277115,2.5091501235063887
2017-04-05,163.27000427246094,164.75999450683594,161.67999267578125,162.24000549316406,133.53314208984375,3542300,-0.012982668225668561,33.55617799167777,2.549925245474124
2017-04-06,162.1999969482422,163.4499969482422,161.61000061035156,162.25,133.54136657714844,3024200,6.158945942337731e-05,33.59259055882504,2.4992160377895885
2017-04-07,162.91000366210938,164.24000549316406,162.25,163.3800048828125,134.47146606445312,2204400,0.006940736471496563,37.74747471433268,2.4628438560306223
2017-04-10,163.85000610351562,164.24000549316406,162.6199951171875,162.7899932861328,133.98580932617188,1772000,-0.003618134523501688,36.46455923186844,2.4026414645981897
2017-04-11,162.88999938964844,163.39999389648438,161.55999755859375,163.11000061035156,134.24920654296875,1990300,0.0019639292849524077,37.701235491176384,2.3624525269762207
2017-04-12,164.0800018310547,164.10000610351562,162.16000366210938,163.0500030517578,134.1998291015625,2248600,-0.0003678720010638294,37.553666737811106,2.33227752086408
2017-04-13,163.27999877929688,163.6300048828125,161.3300018310547,161.61000061035156,133.01463317871094,2568800,-0.008870805006333773,34.10318295392699,2.3299722016422035
2017-04-17,161.33999633789062,162.52000427246094,161.25999450683594,162.11000061035156,133.42616271972656,2364900,0.0030890905191822125,36.292037530192545,2.2535463133552605
2017-04-18,161.92999267578125,161.92999267578125,160.27999877929688,161.25,132.71832275390625,2532100,-0.005319228264599747,34.188495435184265,2.2104354264359114
2017-04-19,162.10000610351562,162.63999938964844,161.1300048828125,161.25999450683594,132.7265625,2344100,6.20825380643959e-05,34.23628022264904,2.1604039321787707
2017-04-20,161.0500030517578,162.77000427246094,161.00999450683594,162.0399932861328,133.36854553222656,2070200,0.004825224203254461,38.01273851922991,2.1318043488535015
2017-04-21,162.14999389648438,162.72999572753906,160.25,160.41000366210938,132.0269775390625,2906900,-0.010110038065038709,33.662451726844026,2.156675161616756
2017-04-24,162.5,163.60000610351562,161.89999389648438,163.13999938964844,134.27394104003906,3498400,0.016875772258619668,45.01299846746833,2.230484253030291
2017-04-25,163.52000427246094,165.3000030517578,163.39999389648438,164.6999969482422,135.5579071044922,3529400,0.009516858473639603,50.25119980128582,2.2254499251073687
2017-04-26,165.61000061035156,165.61000061035156,164.33999633789062,164.61000061035156,135.48379516601562,4175500,-0.0005468674355477711,49.95538237978136,2.157203807061195
2017-04-27,160.1300048828125,163.42999267578125,160.0,162.72000122070312,133.92820739746094,5699200,-0.01154814961062441,44.08866352953505,2.248117297684056
2017-04-28,162.38999938964844,163.47999572753906,161.52999877929688,163.32000732421875,134.4220428466797,2942200,0.0036805332302886078,46.24685175791626,2.226822987009637
2017-05-01,163.67999267578125,164.44000244140625,162.4499969482422,162.60000610351562,133.8294677734375,2522000,-0.0044180630018344266,44.049612554671306,2.2099074517349533
2017-05-02,163.91000366210938,163.94000244140625,162.41000366210938,163.49000549316406,134.56195068359375,3737800,0.005458331961297285,47.37776532696702,2.161342546560805
2017-05-03,163.82000732421875,164.0800018310547,163.0,163.80999755859375,134.8253631591797,2855100,0.0019556419029606357,48.56271983763377,2.0841039240246535
2017-05-04,164.1699981689453,164.82000732421875,163.52000427246094,164.2899932861328,135.22042846679688,2543400,0.0029259155425751227,50.36786682325965,2.0280967188627366
2017-05-05,164.80999755859375,164.80999755859375,162.4199981689453,163.80999755859375,134.8253631591797,2970400,-0.002925915542575109,48.533603040341006,2.0539469096331437
2017-05-08,163.72999572753906,163.80999755859375,162.47000122070312,163.02999877929688,134.1833953857422,2291900,-0.004772848256559395,45.62590853946047,2.0029504402229636
2017-05-09,163.1699981689453,164.0800018310547,162.8300018310547,163.22000122070312,134.33975219726562,2305500,0.0011645687204400478,46.46713893831822,1.9491682659213232
2017-05-10,163.25,163.47999572753906,159.6999969482422,160.50999450683594,132.1092529296875,5201000,-0.016742801280072734,37.543737814920725,2.079941874019577
2017-05-11,159.86000061035156,160.52000427246094,158.2899932861328,160.0800018310547,131.7553253173828,3510200,-0.0026826474922259013,36.35085932005466,2.0906610963273304
2017-05-12,160.49000549316406,160.6199951171875,159.4600067138672,160.22000122070312,131.87059020996094,2706000,0.0008744580341625199,37.05232380878772,2.0241844753982576
2017-05-15,158.8800048828125,160.14999389648438,158.7100067138672,159.97000122070312,132.61668395996094,3318700,0.005641827050979315,41.54318210429333,1.982456097342467
2017-05-16,159.77000427246094,160.49000549316406,159.4600067138672,159.99000549316406,132.63327026367188,2281200,0.00012506168968882153,41.64285671963999,1.9144234317677817
2017-05-17,158.77000427246094,159.2899932861328,156.92999267578125,157.05999755859375,130.2042694091797,3073200,-0.01848343284774005,32.817734442712506,1.9462503730951946
2017-05-18,157.3699951171875,158.7899932861328,156.2899932861328,157.9600067138672,130.95040893554688,2163300,0.005714173388178614,37.21907515342219,1.9858039178741094
2017-05-19,157.58999633789062,158.5800018310547,156.35000610351562,156.50999450683594,129.74835205078125,2577300,-0.009221872778193214,33.42040402527144,2.0032461899930345
2017-05-22,153.58999633789062,154.60000610351562,152.4499969482422,153.02000427246094,126.8551025390625,6911700,-0.022551310788927022,26.42864352322887,2.013729258941635
2017-05-23,152.64999389648438,154.57000732421875,152.16000366210938,154.07000732421875,127.72552490234375,3582000,0.006838114618215335,31.09879029811769,2.0420345734536163
2017-05-24,154.77000427246094,154.99000549316406,153.7899932861328,154.60000610351562,128.16493225097656,2667500,0.003434342846632027,33.397244846299984,1.9818901187091615
2017-05-25,155.19000244140625,156.0399932861328,154.6199951171875,155.42999267578125,128.85299682617188,2965800,0.005354227399132035,36.94439317274129,1.9431827661311634
2017-05-26,155.60000610351562,156.1300048828125,154.7899932861328,155.00999450683594,128.50482177734375,2731600,-0.002705767892643697,35.9024025842796,1.9000991111703436
2017-05-30,155.00999450683594,155.3699951171875,153.55999755859375,153.85000610351562,127.54318237304688,2716700,-0.007511434654011199,33.12363314536785,1.8936632859863012
2017-05-31,153.6699981689453,155.3699951171875,153.6699981689453,155.24000549316406,128.69546508789062,3891300,0.008993885142574369,39.19644025593763,1.879829976147436
2017-06-01,155.39999389648438,156.77000427246094,155.24000549316406,156.24000549316406,129.5244903564453,3005300,0.006421100302301408,43.19322151904709,1.854842033515253
2017-06-02,157.27000427246094,159.6199951171875,157.0,159.14999389648438,131.93690490722656,3320800,0.0184538372029248,52.89622048525906,1.9637811471229802
2017-06-05,160.2899932861328,161.1199951171875,158.27000427246094,160.22000122070312,132.82394409179688,4611100,0.006700707501793069,55.880322734698595,2.0270818398089503
2017-06-06,160.1300048828125,160.9199981689453,159.24000549316406,159.52999877929688,132.25193786621094,3002500,-0.004315799002272389,53.52548394464728,2.0022897566641147
2017-06-07,159.82000732421875,162.0500030517578,159.75,161.66000366210938,134.01773071289062,3571500,0.013263386266783816,59.236315931184144,2.039269364935316
2017-06-08,161.97999572753906,163.1699981689453,161.41000366210938,162.64999389648438,134.83843994140625,3555100,0.006105210646635453,61.59826024606244,2.0193211607853607
2017-06-09,162.75,166.13999938964844,162.6300048828125,164.05999755859375,136.00735473632812,4086800,0.008631642620319967,64.73261207639945,2.125797828360402
2017-06-12,165.0,167.22999572753906,163.27999877929688,164.8800048828125,136.68711853027344,4344500,0.004985544399192125,66.44767222995574,2.256097765494815
2017-06-13,164.47000122070312,165.08999633789062,163.77000427246094,164.42999267578125,136.3140411376953,2568200,-0.002733157802532685,64.59113124991964,2.1892330726330202
2017-06-14,164.36000061035156,165.8800048828125,163.97000122070312,165.10000610351562,136.86953735351562,2594800,0.0040668402142583346,66.10947437840325,2.169288114738474
2017-06-15,164.24000549316406,164.89999389648438,162.5500030517578,164.11000061035156,136.0487823486328,3585000,-0.006014674867566771,61.886932627812726,2.182195452594766
2017-06-16,163.83999633789062,164.10000610351562,161.1300048828125,162.4199981689453,134.64776611328125,5887200,-0.010351286361762795,55.384005040174046,2.2384672931739344
2017-06-19,163.10000610351562,165.22000122070312,162.69000244140625,165.08999633789062,136.86122131347656,3043900,0.016305200501655983,62.150745796549764,2.27857699021564
2017-06-20,165.42999267578125,168.6999969482422,164.7899932861328,166.2899932861328,137.85606384277344,3857900,0.007242695905129682,64.73924953851392,2.395107466779478
2017-06-21,167.1999969482422,171.75999450683594,166.36000061035156,171.35000610351562,142.05084228515625,5490800,0.029974912574571865,73.09468251236045,2.6147427349168813
2017-06-22,172.44000244140625,175.4499969482422,172.10000610351562,173.82000732421875,144.09848022460938,5745800,0.014311918497795565,76.07497343979576,2.720831885617573
2017-06-23,173.24000549316406,174.1300048828125,170.9600067138672,172.5,143.00418090820312,14368500,-0.007623089325356602,71.51575983040539,2.752915191569554
2017-06-26,173.38999938964844,174.72000122070312,172.41000366210938,173.6699981689453,143.97413635253906,3037600,0.006759807828697322,73.05708091127048,2.721278217785568
2017-06-27,173.02000427246094,173.9199981689453,170.77000427246094,170.85000610351562,141.63632202148438,2941500,-0.01637101496416714,64.0596965902089,2.7519007662640544
2017-06-28,171.4199981689453,174.5399932861328,170.8300018310547,174.07000732421875,144.30572509765625,2890500,0.018671480141884432,68.78666739327714,2.8203358154650595
2017-06-29,174.49000549316406,174.72000122070312,171.02000427246094,172.58999633789062,143.07879638671875,2491800,-0.008538637773776376,64.58226468627814,2.8831687535205686
2017-06-30,173.61000061035156,174.25,172.00999450683594,172.22999572753906,142.7803497314453,2695500,-0.002088068671320052,63.5645014640226,2.837228520637961
2017-07-03,172.6300048828125,174.3300018310547,172.6300048828125,172.8000030517578,143.25291442871094,1395100,0.0033042669258437113,64.51800168059468,2.7845697765577944
2017-07-05,172.6699981689453,174.3800048828125,171.9199981689453,174.25999450683594,144.4631805419922,2830000,0.008412968706193413,66.90659296294353,2.761386700651322
2017-07-06,173.10000610351562,173.61000061035156,171.30999755859375,171.72000122070312,142.35751342773438,2566400,-0.014683075447011806,59.412713791632875,2.7284307257303575
2017-07-07,171.63999938964844,172.02999877929688,170.58999633789062,171.42999267578125,142.1171112060547,2612900,-0.0016901491949730034,58.60564479276444,2.6364001339929213
2017-07-10,171.58999633789062,172.5500030517578,171.0,172.1999969482422,142.75546264648438,2070600,0.004481670525574778,60.15349029882699,2.558800342404699
2017-07-11,174.17999267578125,174.44000244140625,172.07000732421875,173.32000732421875,143.68399047851562,2198000,0.006483262513428016,62.35832097315423,2.5453142548891847
2017-07-12,173.7100067138672,174.24000549316406,172.6699981689453,173.27000427246094,143.6425323486328,1976900,-0.0002885785117406053,62.19284883743056,2.4756494741270108
2017-07-13,173.27999877929688,176.1999969482422,173.08999633789062,175.0399932861328,145.10987854003906,2999900,0.01016343945128346,65.66555512948955,2.5209602695716216
2017-07-14,175.42999267578125,177.67999267578125,174.41000366210938,177.1300048828125,146.84249877929688,2720600,0.011869337021662275,69.2564566756649,2.5744623227216397
2017-07-17,176.83999633789062,178.89999389648438,176.67999267578125,177.39999389648438,147.0663299560547,2692400,0.0015231336941714036,69.69737244749228,2.5491436725774603
2017-07-18,176.66000366210938,177.6300048828125,176.13999938964844,177.47999572753906,147.1326446533203,1820100,0.0004508152924514991,69.8354023392911,2.4734909454765033
2017-07-19,178.10000610351562,179.1999969482422,176.52000427246094,179.17999267578125,148.5419464111328,2440700,0.009532861280366567,72.68315510278683,2.488241069069699
2017-07-20,179.0500030517578,180.72999572753906,178.8800048828125,179.32000732421875,148.65805053710938,3039300,0.0007813198726458129,72.91005858142577,2.442651767330904
2017-07-21,179.25999450683594,180.5500030517578,179.16000366210938,180.2100067138672,149.39585876464844,2674700,0.004950847558383028,74.36715392605959,2.3674623117821563
2017-07-24,180.19000244140625,181.4600067138672,178.66000366210938,181.05999755859375,150.10052490234375,2503100,0.004705682448505236,75.7108962208772,2.398358078923274
2017-07-25,182.0500030517578,182.60000610351562,180.33999633789062,180.88999938964844,149.9595947265625,3343200,-0.0009393463304505672,74.86560420662329,2.3884760565448255
2017-07-26,176.00999450683594,178.86000061035156,175.1999969482422,175.88999938964844,145.8145294189453,5446100,-0.028030421631758964,55.30691051397108,2.479299456942293
2017-07-27,175.0,175.47999572753906,170.52999877929688,172.14999389648438,142.71401977539062,5523200,-0.021492701532902742,45.69128985251761,2.655777849178
2017-07-28,171.97999572753906,175.05999755859375,171.7100067138672,174.5399932861328,144.69537353515625,2463500,0.013787894165769097,51.4949085453828,2.7053644917171833
2017-07-31,174.50999450683594,176.7899932861328,174.25,174.50999450683594,144.67051696777344,2424800,-0.00017180025884006418,51.4206697484624,2.693552262746871
2017-08-01,174.80999755859375,175.11000061035156,173.66000366210938,174.1300048828125,144.35548400878906,2069600,-0.0021799636204307806,50.42837402088694,2.6047268831393935
2017-08-02,173.57000732421875,174.58999633789062,173.2100067138672,174.4600067138672,144.62904357910156,2209200,0.0018932477410317477,51.30709238927972,2.5172456503453966
2017-08-03,173.52000427246094,174.7100067138672,173.25999450683594,174.17999267578125,144.3969268798828,1725900,-0.0016061999463430712,50.48927779646273,2.441014690108672
2017-08-04,174.27000427246094,174.82000732421875,172.89999389648438,173.85000610351562,144.12338256835938,1915600,-0.0018961881332232146,49.48816098895003,2.4038003142247937
2017-08-07,173.8699951171875,174.64999389648438,173.25999450683594,174.5800018310547,144.72854614257812,1193800,0.004190136187326549,51.76672944116537,2.33138596246934
2017-08-08,173.9600067138672,174.89999389648438,172.97999572753906,173.69000244140625,143.99070739746094,2325200,-0.005111126759445873,48.87203527152738,2.3020011200747663
2017-08-09,173.10000610351562,174.17999267578125,172.64999389648438,173.5500030517578,143.87464904785156,1972200,-0.0008063377777079584,48.41345260946283,2.2468580957334883
2017-08-10,172.07000732421875,172.6699981689453,168.58999633789062,169.11000061035156,140.19383239746094,3443800,-0.025916445580011244,36.66334654114402,2.377796933970717
2017-08-11,169.82000732421875,170.6300048828125,168.75999450683594,169.42999267578125,140.45913696289062,1571600,0.0018906241759070917,37.834490945903184,2.341526465542563
2017-08-14,170.27999877929688,172.0800018310547,169.97000122070312,171.6699981689453,142.3160858154297,1915800,0.013133933927386073,45.43909800363006,2.3635609433804823
2017-08-15,171.10000610351562,171.4499969482422,169.75999450683594,170.0399932861328,141.91552734375,1956300,-0.002818537546913664,44.18353529176679,2.3154496218108944
2017-08-16,170.25999450683594,172.63999938964844,170.13999938964844,171.38999938964844,143.04220581054688,1618800,0.007907729511026466,48.49456048909762,2.335775084789804
2017-08-17,170.69000244140625,171.0,167.8000030517578,167.80999755859375,140.05435180664062,2630600,-0.021109157782416187,39.730814757681536,2.3975052178935456
2017-08-18,167.3699951171875,168.42999267578125,166.52000427246094,167.2899932861328,139.62034606933594,1741900,-0.003103649268137525,38.63852451036262,2.3626825882811717
2017-08-21,167.4600067138672,168.63999938964844,167.00999450683594,168.16000366210938,140.34640502929688,1533300,0.0051867629627094895,41.53435052451317,2.310348466461981
2017-08-22,168.86000061035156,170.94000244140625,168.8300018310547,170.07000732421875,141.94053649902344,1933500,0.01129452469542214,47.40344256269204,2.343894917378759
2017-08-23,169.66000366210938,169.94000244140625,168.75999450683594,169.0,141.0475311279297,1279400,-0.006311279078166682,44.6966220246491,2.2607601328924414
2017-08-24,169.27999877929688,170.69000244140625,168.57000732421875,169.9499969482422,141.8404083251953,1922400,0.005605606764296305,47.559813225742566,2.250705488913517
2017-08-25,170.82000732421875,171.57000732421875,169.39999389648438,169.74000549316406,141.66514587402344,1510800,-0.0012363953432481852,46.980802301903445,2.244941770257864
2017-08-28,170.86000061035156,172.63999938964844,170.25999450683594,171.77999877929688,143.36769104003906,2359500,0.011946451033573764,52.97057974566155,2.291731207845472
2017-08-29,170.66000366210938,172.35000610351562,170.35000610351562,172.22999572753906,143.74330139160156,1483000,0.002616483351379532,54.199906940165526,2.2708932644279383
2017-08-30,172.19000244140625,175.0800018310547,171.5399932861328,173.64999389648438,144.92840576171875,2310900,0.008210787540037909,57.93595636922707,2.361544355891791
2017-08-31,173.74000549316406,178.63999938964844,173.74000549316406,177.77000427246094,148.36697387695312,3977500,0.023448890850047036,66.4798827509638,2.549291579982668
2017-09-01,178.13999938964844,179.72999572753906,177.3000030517578,178.7100067138672,149.1514892578125,2431900,0.005273737910972429,68.07322839715043,2.540770229682567
2017-09-05,178.0,178.5,175.36000061035156,176.74000549316406,147.50735473632812,1959900,-0.011084458721854594,61.47779525645516,2.583572312537272
2017-09-06,177.58999633789062,179.0800018310547,176.36000061035156,178.3800048828125,148.87608337402344,2242300,0.009236267564563375,64.55650146235871,2.5933172345491187
2017-09-07,178.5,182.77000427246094,177.27999877929688,180.7100067138672,150.8207244873047,2985300,0.012977571697832757,68.4183776061203,2.8002235387359002
2017-09-08,180.92999267578125,182.66000366210938,179.52000427246094,180.63999938964844,150.76223754882812,1993900,-0.0003878663357831763,68.1777703830188,2.8244932423725104
2017-09-11,182.5399932861328,186.7100067138672,182.5399932861328,186.49000549316406,155.6447296142578,3791200,0.03187202573873238,75.82186465631206,3.056315676790099
2017-09-12,187.0,191.0399932861328,186.77999877929688,191.0,159.4087677001953,3894300,0.023895733414827387,79.84199492242594,3.1630065422314315
2017-09-13,189.89999389648438,190.94000244140625,187.7100067138672,189.6999969482422,158.32371520996094,3031400,-0.006830001757057809,75.92302228079633,3.1677914840391197
2017-09-14,188.3699951171875,191.10000610351562,187.80999755859375,189.44000244140625,158.10678100585938,2318400,-0.0013711335707673603,75.12904027281695,3.176521274102174
2017-09-15,189.66000366210938,189.66000366210938,186.30999755859375,187.47000122070312,156.4625701904297,5349000,-0.010453820645613046,69.22042658770022,3.1889130476317065
2017-09-18,187.7899932861328,188.55999755859375,186.1199951171875,186.47000122070312,155.62796020507812,2443800,-0.005348524826523631,66.36716379872266,3.1354194329013167
2017-09-19,186.80999755859375,187.44000244140625,185.80999755859375,186.32000732421875,155.50279235839844,2066100,-0.0008045996893653669,65.92825632233391,3.0278898221806867
2017-09-20,186.0800018310547,188.5500030517578,185.4199981689453,188.1699981689453,157.04681396484375,2685400,0.009880250275276892,68.67987636311335,3.035183755082959
2017-09-21,188.32000732421875,188.9600067138672,186.5,186.63999938964844,155.76983642578125,2082200,-0.008164428785018224,64.07124634143496,2.9940996807104034
2017-09-22,185.47999572753906,186.82000732421875,184.0,185.75999450683594,155.03541564941406,2275600,-0.004725931356492102,61.51462109949806,2.981664512389571
2017-09-25,185.50999450683594,188.02999877929688,185.50999450683594,186.2899932861328,155.47776794433594,2545400,0.002849171098278572,62.4856002749109,2.9486887809660973
2017-09-26,186.50999450683594,187.5500030517578,185.39999389648438,185.60000610351562,154.9019012451172,2307900,-0.003710728615091504,60.35090304847102,2.8916402362737648
2017-09-27,185.0500030517578,186.8800048828125,183.89999389648438,184.8800048828125,154.30099487304688,2436700,-0.0038868143611943567,58.119649849004055,2.897952432706219
2017-09-28,184.2899932861328,187.82000732421875,184.1300048828125,185.4600067138672,154.7850341796875,2576900,0.0031320710536214026,59.42108931329693,2.9545274333276494
2017-09-29,185.6999969482422,186.5399932861328,183.1699981689453,186.4499969482422,155.61129760742188,3017300,0.005323937783877879,61.613943477649535,2.984203696460496
2017-10-02,187.02999877929688,187.72999572753906,185.55999755859375,187.1699981689453,156.2122039794922,2682700,0.003854148984006689,63.1726102107168,2.92604615878084
2017-10-03,188.0500030517578,188.22000122070312,185.6300048828125,187.22999572753906,156.2622833251953,1514200,0.0003205339838388479,63.30633360636357,2.902042600145825
2017-10-04,186.5500030517578,188.72000122070312,186.02000427246094,188.58999633789062,157.3973388671875,1660300,0.0072375302166468175,66.29371389585756,2.887610767866994
2017-10-05,189.0500030517578,190.0,184.30999755859375,186.85000610351562,155.9451446533203,4506600,-0.009269120451428558,59.607329502015176,3.0877816016912267
2017-10-06,186.4600067138672,188.24000549316406,185.16000366210938,185.82000732421875,155.08547973632812,2032500,-0.005527861494418538,56.00615681648836,3.087225903788617
2017-10-09,185.9499969482422,186.83999633789062,184.39999389648438,185.4600067138672,154.7850341796875,1519600,-0.0019391690225233013,54.76096392779159,3.040995656475591
2017-10-10,185.4600067138672,186.5800018310547,184.4600067138672,185.7899932861328,155.06048583984375,2036400,0.0017779939674678654,55.732699695499164,2.9752099036692985
2017-10-11,185.27999877929688,185.5,182.67999267578125,184.14999389648438,153.69171142578125,3273200,-0.008866549896240536,49.98676073794952,2.9641240051371165
2017-10-12,183.38999938964844,184.38999938964844,182.0399932861328,182.75999450683594,152.53160095214844,2223800,-0.00757692818855149,45.68743947502394,2.9202584407355814
2017-10-13,182.63999938964844,183.35000610351562,182.00999450683594,183.00999450683594,152.740234375,2331500,0.0013668699905514975,46.5773363088132,2.80738366616016
2017-10-16,182.9600067138672,184.1999969482422,181.1999969482422,181.89999389648438,151.81387329101562,2211500,-0.006083411239934805,43.19328657524294,2.8211419757201486
2017-10-17,182.02999877929688,187.05999755859375,181.1300048828125,186.19000244140625,155.39430236816406,3753700,0.0233105202743991,56.383512484178716,3.0432027400102273
2017-10-18,187.85000610351562,188.83999633789062,185.8300018310547,186.27999877929688,155.46942138671875,2580200,0.0004832922871119161,56.61114290103617,3.040830723354921
2017-10-19,185.99000549316406,186.97999572753906,183.25,184.1199951171875,153.6666717529297,2563600,-0.011663277823114932,49.88290230134046,3.09005679508236
2017-10-20,184.08999633789062,184.82000732421875,181.2899932861328,182.9600067138672,152.6985626220703,3179200,-0.00631998833159929,46.67474863750496,3.121482312439759
2017-10-23,183.25,183.6199951171875,180.3699951171875,180.52999877929688,150.67044067382812,2571200,-0.013370859525758748,40.76052611004322,3.13066214726549
2017-10-24,181.25999450683594,181.5399932861328,177.22999572753906,180.3699951171875,150.53692626953125,3449800,-0.0008865282041154412,40.39762338423541,3.2149003909317946
2017-10-25,179.10000610351562,180.0399932861328,176.55999755859375,177.5,148.14161682128906,4052500,-0.016039724696826872,34.468493780000884,3.2338357721180278
2017-10-26,170.8699951171875,177.44000244140625,169.67999267578125,176.52000427246094,147.32371520996094,5998500,-0.005536376771252648,32.703460274701456,3.557133914511383
2017-10-27,175.35000610351562,176.42999267578125,173.2899932861328,175.27999877929688,146.28878784179688,3478600,-0.007049642937607979,30.5702983799372,3.527338591306887
2017-10-30,175.5,176.8000030517578,173.5800018310547,174.58999633789062,145.71295166015625,2550800,-0.003944065053046633,29.420417881496263,3.5053859219780468
2017-10-31,174.14999389648438,176.19000244140625,174.14999389648438,175.22000122070312,146.23870849609375,2906600,0.0036016743593900633,31.937691185353117,3.4007161093311775
2017-11-01,175.3000030517578,177.30999755859375,174.72000122070312,175.4199981689453,146.4056396484375,2734900,0.001140846706985104,32.757723267468094,3.3428075542282807
2017-11-02,174.77000427246094,175.3800048828125,171.25999450683594,172.41000366210938,143.8935089111328,4029300,-0.017307618429372833,27.406353600961268,3.3983220414960154
2017-11-03,172.10000610351562,174.02999877929688,171.60000610351562,173.44000244140625,144.75311279296875,2433100,0.005956116291862499,31.528307407354333,3.329155658230675
2017-11-06,172.86000061035156,173.3300018310547,170.69000244140625,170.8000030517578,142.54981994628906,2692000,-0.015338068570261328,27.25631741400707,3.279930210474801
2017-11-07,170.61000061035156,174.75,170.61000061035156,173.47999572753906,144.7865447998047,3097100,0.01556900071449643,36.64181534127353,3.341363723272918
2017-11-08,174.0,174.64999389648438,173.17999267578125,173.5800018310547,144.87001037597656,2003400,0.0005763071954740131,36.96862758156447,3.207694973089361
2017-11-09,172.75,174.22999572753906,171.30999755859375,174.0,145.2205047607422,2005100,0.002416449604716104,38.40542779615789,3.1871452013647863
2017-11-10,173.14999389648438,173.47999572753906,171.19000244140625,172.35000610351562,143.8433837890625,1927400,-0.00952821466065439,35.026974228552376,3.1230629217053596
2017-11-13,171.5800018310547,172.94000244140625,171.10000610351562,171.5,143.13401794433594,2119800,-0.004943715325332336,33.39723283278293,3.0314153085757356
2017-11-14,170.88999938964844,171.49000549316406,168.30999755859375,170.1300048828125,141.9906005859375,2604700,-0.00802051744133404,30.90141102393089,3.0420290675753483
2017-11-15,170.19000244140625,170.52000427246094,168.3300018310547,169.3800048828125,141.36465454101562,3150600,-0.004418108023653173,29.597422454668973,2.981170022848984
2017-11-16,168.91000366210938,171.14999389648438,168.75,170.77000427246094,143.4990234375,3131000,0.014985475532958299,39.04314703746299,2.9396574423943695
2017-11-17,170.6699981689453,171.08999633789062,169.5399932861328,170.0,142.85202026367188,2039700,-0.0045189587333227905,37.4048369848204,2.840396414491758
2017-11-20,169.89999389648438,170.22000122070312,168.14999389648438,168.7899932861328,141.83523559570312,2012300,-0.007143199918624552,34.92461705059857,2.7853686223294
2017-11-21,169.35000610351562,170.49000549316406,168.88999938964844,169.83999633789062,142.71754455566406,2629600,0.006201392845921396,38.721662418491704,2.7078431640938176
2017-11-22,169.86000061035156,170.72999572753906,169.3300018310547,169.9600067138672,142.8184051513672,1533000,0.0007064651579004962,39.15869428223719,2.6144253592645716
2017-11-24,169.5,170.75999450683594,169.49000549316406,170.1199951171875,142.9528045654297,999800,0.0009406085665857268,39.7750664034269,2.518394191722236
2017-11-27,170.55999755859375,171.25999450683594,169.55999755859375,169.7100067138672,142.6083221435547,2150100,-0.0024126714510988028,38.69305495666624,2.459937245759375
2017-11-28,170.57000732421875,170.66000366210938,169.42999267578125,170.25999450683594,143.07046508789062,2658700,0.0032354054142514884,41.0114251792874,2.3720853700857143
2017-11-29,171.0,174.0,170.58999633789062,172.22999572753906,144.7258758544922,3244500,0.011504170055673665,48.52103017566114,2.4697939503055966
2017-11-30,172.6300048828125,176.05999755859375,172.6300048828125,175.66000366210938,147.608154296875,3819400,0.019719714753942883,58.441346113548775,2.566951656073389
2017-12-01,174.16000366210938,177.86000061035156,174.0500030517578,177.1999969482422,148.9021759033203,3389900,0.00872839621452731,61.98343016589502,2.6557406491105575
2017-12-04,178.4600067138672,180.74000549316406,178.16000366210938,178.69000244140625,150.1542510986328,4417100,0.008373553605071743,65.08435361025593,2.718902641668509
2017-12-05,179.00999450683594,180.72999572753906,177.94000244140625,178.6699981689453,150.13743591308594,3589400,-0.00011199234805182249,65.00766363299178,2.7239805448445304
2017-12-06,179.4499969482422,179.47999572753906,174.67999267578125,176.22000122070312,148.0786895751953,2519700,-0.013807295237795069,56.26600309046387,2.872267866766908
2017-12-07,175.67999267578125,176.94000244140625,173.42999267578125,173.9600067138672,146.17958068847656,3102100,-0.012907948200058762,49.635405600208976,2.9178208595424855
2017-12-08,174.42999267578125,175.97000122070312,173.42999267578125,175.41000366210938,147.39805603027344,3336300,0.008300920683355603,53.427569217975815,2.8908342656410135
2017-12-11,176.08999633789062,177.69000244140625,175.00999450683594,176.8300018310547,148.59130859375,1874000,0.008062850699973229,56.853712154782244,2.8757752419931064
2017-12-12,176.8300018310547,176.99000549316406,174.1300048828125,176.25999450683594,148.1123046875,2193700,-0.003228840505874908,55.101325331478016,2.874648482590139
2017-12-13,176.8699951171875,178.22000122070312,175.97000122070312,177.3800048828125,149.053466796875,3166900,0.006334277676270726,57.85032950475641,2.8300307338337007
2017-12-14,177.44000244140625,177.97000122070312,174.5500030517578,174.9199981689453,146.98629760742188,2723600,-0.013965710262448347,50.53210777707369,2.872171264913102
2017-12-15,176.38999938964844,177.41000366210938,174.13999938964844,177.0399932861328,148.76776123046875,5796800,0.012047071648653183,55.72965294275449,2.900587908309376
2017-12-18,177.86000061035156,178.6300048828125,176.02999877929688,176.13999938964844,148.0114288330078,2799200,-0.005096947900473597,53.1751634082784,2.8791177793955365
2017-12-19,176.1199951171875,177.27999877929688,175.41000366210938,176.8699951171875,148.62489318847656,2705000,0.004136143718796878,54.97779055299435,2.8070375892378197
2017-12-20,177.60000610351562,179.1699981689453,177.0399932861328,177.11000061035156,148.82655334472656,3246100,0.001355920029952271,55.58312183272569,2.7708208365606763
2017-12-21,177.57000732421875,178.22999572753906,176.4600067138672,176.67999267578125,148.4652099609375,2106400,-0.002430901937620064,54.177495362840205,2.6993328492114763
2017-12-22,176.6199951171875,177.49000549316406,175.77000427246094,176.4199981689453,148.2467498779297,1477900,-0.001472540052660654,53.29990847570862,2.629380590032308
2017-12-26,176.17999267578125,176.9199981689453,175.5,176.08999633789062,147.9694366455078,1339200,-0.0018723710995879478,52.145209448077196,2.542996131383237
2017-12-27,176.44000244140625,177.27999877929688,176.08999633789062,176.2100067138672,148.0702667236328,1403900,0.0006811929675408359,52.54774421242403,2.4463537249563094
2017-12-28,176.77000427246094,177.0,175.05999755859375,175.25,147.2635955810547,1637700,-0.005462788061906545,48.996853807367614,2.410185776131305
2017-12-29,175.25,176.05999755859375,173.75999450683594,173.89999389648438,146.12918090820312,1948600,-0.007733116947803893,44.448062395102866,2.4023155815331982
2018-01-02,175.35000610351562,177.82000732421875,174.4199981689453,177.0,148.73416137695312,2301100,0.01766952937438931,54.82061144402038,2.510722570547568
2018-01-03,176.91000366210938,181.44000244140625,175.75999450683594,180.33999633789062,151.540771484375,3084000,0.018694146833816108,62.8655933485586,2.7371000965491925
2018-01-04,180.6300048828125,180.86000061035156,178.75,179.5800018310547,150.9021453857422,2021100,-0.004223124511480303,60.23715128305728,2.6923072761065048
2018-01-05,180.83999633789062,180.8800048828125,179.02999877929688,180.64999389648438,151.80123901367188,2211400,0.005940444132875154,62.60750302917098,2.632142906635728
2018-01-08,180.47999572753906,181.25,178.42999267578125,180.60000610351562,151.75921630859375,2356200,-0.000276865478423096,62.42020884455585,2.6455617936059435
2018-01-09,180.52999877929688,184.52999877929688,180.1199951171875,183.3800048828125,154.09530639648438,3031700,0.015276122100137146,68.12832790585254,2.7715933556419032
2018-01-10,182.66000366210938,183.6999969482422,180.3699951171875,182.86000061035156,153.6583251953125,2542700,-0.002839813734010096,66.10561221527666,2.8114796753142453
2018-01-11,182.86000061035156,182.86000061035156,181.10000610351562,181.9600067138672,152.90206909179688,2101300,-0.004933824797418231,62.639472783203345,2.736373591851509
2018-01-12,182.33999633789062,185.61000061035156,181.75,185.0399932861328,155.4901580810547,3111400,0.016784792369104747,68.68991292282051,2.816632664601513
2018-01-16,185.6199951171875,187.4499969482422,184.1699981689453,185.5399932861328,155.91036987304688,3374600,0.00269885250236841,69.55210679858494,2.8497302442226102
2018-01-17,187.6999969482422,189.3000030517578,185.89999389648438,188.00999450683594,157.98590087890625,4018200,0.01322450406628179,73.44218766539078,2.9147502100370666
2018-01-18,187.4499969482422,188.55999755859375,185.5,187.58999633789062,157.63299560546875,3084900,-0.0022362756123895998,71.76331605155775,2.9251250206482586
2018-01-19,188.36000061035156,189.72000122070312,187.60000610351562,189.27999877929688,159.0531005859375,3652300,0.008968593926037828,74.30844216041282,2.8683307250885615
2018-01-22,189.72999572753906,192.57000732421875,189.42999267578125,192.3300018310547,161.61602783203125,3579800,0.01598521088236978,78.13828049571546,2.8984505693623697
2018-01-23,193.0,196.02999877929688,191.60000610351562,191.99000549316406,161.33030700683594,3486700,-0.0017694636471860294,76.76442733125775,3.0078464341065754
2018-01-24,192.75,192.94000244140625,189.50999450683594,190.6300048828125,160.1875,2765700,-0.007108855526203183,71.36003111440701,3.0380008269968424
2018-01-25,191.39999389648438,191.8000030517578,188.89999389648438,190.0800018310547,159.72537231445312,2470300,-0.0028890866669100345,69.23727116096988,3.028144279016599
2018-01-26,191.0500030517578,196.8000030517578,190.99000549316406,196.00999450683594,164.70834350585938,3920300,0.0307203772522042,77.13535028072911,3.2918483462799224
2018-01-29,196.2100067138672,201.22999572753906,195.64999389648438,198.0,166.38059997558594,4565700,0.010101640195587624,79.07679089183193,3.4552878809066914
2018-01-30,196.17999267578125,196.47000122070312,190.5500030517578,191.27000427246094,160.72528076171875,3990800,-0.03458135803359787,60.39891068393561,3.6313386157665932
2018-01-31,191.63999938964844,192.27000427246094,184.64999389648438,186.0500030517578,156.33895874023438,4677700,-0.027670114327778612,50.446320606847124,3.916243741495877
2018-02-01,185.0,186.8300018310547,182.3300018310547,185.55999755859375,155.9271697998047,4078100,-0.002637424565101149,49.619674225267396,3.9579406171033145
2018-02-02,183.4600067138672,192.60000610351562,183.00999450683594,187.00999450683594,157.1455841064453,7029400,0.007783625006537906,52.11974182446997,4.36023140135877
2018-02-05,186.82000732421875,188.60000610351562,174.6199951171875,174.75,146.84344482421875,6922800,-0.06780564491903322,35.89849757326748,5.047358514570867
2018-02-06,177.99000549316406,180.27999877929688,172.0399932861328,176.64999389648438,148.44004821777344,7527700,0.010814142956200756,39.06377491555801,5.275404727327524
2018-02-07,176.25,180.99000549316406,176.0,177.47000122070312,149.1290740966797,5715700,0.004631039033759536,40.430836966106746,5.25501906774442
2018-02-08,177.92999267578125,180.4199981689453,173.0,173.1199951171875,145.47372436523438,6026800,-0.02481671830777859,35.837498452185,5.4096604321159125
2018-02-09,174.1300048828125,175.4600067138672,168.25,173.4600067138672,145.75942993164062,6093900,0.0019620407487633876,36.44526678931412,5.538256595098146
2018-02-12,174.3000030517578,176.6699981689453,173.0,174.8699951171875,146.9442596435547,4324800,0.008095806274097811,39.024747636664344,5.404809564658658
2018-02-13,173.8699951171875,176.6999969482422,172.4600067138672,175.94000244140625,147.8434295654297,3834700,0.0061004766711792256,40.98240391349191,5.321608183924111
2018-02-14,174.0800018310547,180.30999755859375,174.05999755859375,179.52000427246094,151.99203491210938,5958700,0.02767431213681096,49.10190586584408,5.387921885072388
2018-02-15,180.0,185.0,179.89999389648438,183.60000610351562,155.44642639160156,4493400,0.022473029864896885,54.69151603110294,5.394498588105722
2018-02-16,183.8000030517578,186.1199951171875,182.67999267578125,183.5500030517578,155.40406799316406,4365800,-0.0002725322910199057,54.61231638194344,5.254891720484331
2018-02-20,182.88999938964844,184.30999755859375,182.13999938964844,182.97999572753906,154.92147827148438,4078400,-0.003110218391714544,53.65893090611844,5.034542181088686
2018-02-21,183.19000244140625,185.5,182.39999389648438,182.42999267578125,154.45579528808594,4054600,-0.0030104560024173193,52.70281891947967,4.896361032690611
2018-02-22,182.50999450683594,185.16000366210938,182.00999450683594,182.4499969482422,154.47274780273438,3868200,0.00010975039402870913,52.73583512649998,4.771621612875099
2018-02-23,183.6300048828125,186.7899932861328,182.77000427246094,186.6699981689453,158.04562377929688,4163400,0.022866058288181456,59.200104791058315,4.740791236090494
2018-02-26,187.4600067138672,190.3699951171875,187.02999877929688,188.5,159.59500122070312,4943600,0.009755614411732477,61.64962518865604,4.666448786958471
2018-02-27,188.8300018310547,190.10000610351562,185.5500030517578,185.7899932861328,157.30059814453125,5016100,-0.01448075122419926,56.26271347908003,4.658131234444137
2018-02-28,185.8800048828125,187.38999938964844,183.69000244140625,183.77000427246094,155.59033203125,4544000,-0.010932136290050637,52.57491917908402,4.589693071143998
2018-03-01,184.2100067138672,185.57000732421875,180.3800048828125,183.2899932861328,155.18389892578125,11757800,-0.002615618006250642,51.70753810116925,4.6325723118770155
2018-03-02,181.05999755859375,185.8000030517578,181.0500030517578,185.0800018310547,156.69947814941406,19115500,0.009718960771388327,54.708252474589024,4.640960003885801
2018-03-05,185.0500030517578,190.69000244140625,185.0,190.1300048828125,160.97509765625,15187800,0.02691986097501584,61.90057040083384,4.715891606565833
2018-03-06,188.1999969482422,191.63999938964844,186.92999267578125,190.35000610351562,161.16136169433594,18446500,0.0011564295405709253,62.18231743844726,4.7154712570873585
2018-03-07,189.72999572753906,190.22000122070312,186.41000366210938,187.52999877929688,158.77374267578125,7009900,-0.014925922867197582,56.42243753665897,4.650794564337815
2018-03-08,187.89999389648438,188.39999389648438,185.50999450683594,187.16000366210938,158.46054077148438,9192600,-0.0019745785522101117,55.69365775761155,4.525023480431431
2018-03-09,188.0,191.3800048828125,186.32000732421875,191.10000610351562,161.7963409423828,5674100,0.020832781473897805,61.410703269374444,4.563235914585882
2018-03-12,189.5,190.38999938964844,188.32000732421875,189.3000030517578,160.27236938476562,6972400,-0.009463713070399055,57.744806743433784,4.385147068217583
2018-03-13,189.60000610351562,190.8300018310547,188.6300048828125,189.75,160.6533660888672,4712900,0.002374361672997604,58.41318275698639,4.229064916790769
2018-03-14,191.17999267578125,192.6199951171875,189.8000030517578,190.57000732421875,161.34759521484375,3613300,0.004311975956987946,59.66513472997772,4.1319885025333924
2018-03-15,190.0500030517578,190.8800048828125,187.91000366210938,189.75,160.6533660888672,3320500,-0.004311975956987957,57.791517937612014,4.048989410974087
2018-03-16,189.75,190.25,187.22999572753906,188.24000549316406,159.37490844726562,16878400,-0.0079896968124867,54.403430376086085,3.9754904725088624
2018-03-19,187.2899932861328,187.92999267578125,180.6699981689453,182.5500030517578,154.55743408203125,3970400,-0.030693572573726926,43.94789346745079,4.210097903532225
2018-03-20,183.05999755859375,184.02000427246094,181.1699981689453,182.02999877929688,154.11715698242188,2582200,-0.0028526960814476165,43.132041367700204,4.112948489245325
2018-03-21,181.42999267578125,184.0399932861328,181.39999389648438,181.58999633789062,153.74461364746094,2531100,-0.002420199923116879,42.41453872451631,4.007737839274119
2018-03-22,179.9199981689453,180.75,176.0,176.0800018310547,149.0795440673828,3553000,-0.030812856587729982,34.643029498609124,4.060756565040253
2018-03-23,176.57000732421875,179.17999267578125,169.35000610351562,169.42999267578125,143.4492645263672,4529600,-0.038498600921965484,27.97971364982436,4.472844422699208
2018-03-26,172.77999877929688,175.8699951171875,170.11000061035156,175.19000244140625,148.32603454589844,4217100,0.03343137160295029,38.935645191521054,4.613355709749712
2018-03-27,176.16000366210938,176.36000061035156,169.82000732421875,171.14999389648438,144.905517578125,3963100,-0.02333085985330955,34.92283916547369,4.750972679491362
2018-03-28,171.35000610351562,172.5,168.02000427246094,170.4600067138672,144.32135009765625,4545900,-0.004039515965568363,34.27318009622904,4.7316171829233395
2018-03-29,170.99000549316406,172.24000549316406,169.63999938964844,170.47999572753906,144.3382568359375,3769800,0.00011713961977684605,34.31126685227889,4.579359248679931
2018-04-02,169.9199981689453,170.5800018310547,163.30999755859375,166.0500030517578,140.58755493164062,4759800,-0.02632908932060059,30.13878457245339,4.771548178950003
2018-04-03,166.97000122070312,169.22000122070312,165.0800018310547,168.22000122070312,142.4248046875,3374000,0.012983712570470003,34.350231017465205,4.726437551142749
2018-04-04,166.1699981689453,174.27000427246094,165.8800048828125,173.52000427246094,146.91207885742188,3796700,0.031020130803315473,43.33503953332665,4.988120539607441
2018-04-05,174.0,174.42999267578125,170.99000549316406,172.0,145.62515258789062,2766600,-0.008798432699786514,41.57755964892721,4.8775395855367085
2018-04-06,170.86000061035156,171.72000122070312,166.1999969482422,168.13999938964844,142.35707092285156,3747800,-0.02269738684446802,37.426540224846946,4.923429920317011
2018-04-09,169.1999969482422,172.9499969482422,167.99000549316406,169.6199951171875,143.61012268066406,3856800,0.00876366104605742,39.903975442939476,4.926041458514233
2018-04-10,170.88999938964844,173.8800048828125,170.11000061035156,173.1300048828125,146.58187866210938,2872300,0.020482024714026912,45.42286486341885,4.878467766165002
2018-04-11,171.8000030517578,174.07000732421875,171.60000610351562,172.41000366210938,145.97230529785156,2575900,-0.004167257074654131,44.51972310528971,4.7064344414891535
2018-04-12,172.67999267578125,174.11000061035156,170.9600067138672,171.02000427246094,144.79542541503906,3471400,-0.00809502695923044,42.75233440104549,4.595260116845956
2018-04-13,172.11000061035156,172.42999267578125,170.7899932861328,171.47999572753906,145.1849365234375,2656400,0.002686467042502246,43.55107849731064,4.384170064903276
2018-04-16,172.75,173.1300048828125,171.07000732421875,171.3800048828125,145.1002197265625,2656400,-0.0005836798572446953,43.40921646133857,4.218157743024024
2018-04-17,173.0,175.6300048828125,171.5800018310547,174.8800048828125,148.0635528564453,3283900,0.020216918585465846,49.5942617876646,4.22043218995088
2018-04-18,174.61000061035156,176.16000366210938,174.44000244140625,175.11000061035156,148.25827026367188,2205600,0.0013142294631060935,49.98110966417668,4.041829977861754
2018-04-19,174.47000122070312,175.39999389648438,171.7899932861328,172.92999267578125,146.4125518798828,2269400,-0.012527487512358288,46.349876297740394,4.010985023039598
2018-04-20,173.10000610351562,173.47000122070312,170.57000732421875,171.55999755859375,145.25262451171875,2958600,-0.00795387024018482,44.17766978187029,3.931628513999939
2018-04-23,171.6199951171875,176.97000122070312,171.25,174.66000366210938,147.87728881835938,3568700,0.01790833574409345,49.89934957937249,4.059369421621595
2018-04-24,175.5500030517578,175.75999450683594,170.52999877929688,171.94000244140625,145.57437133789062,4389400,-0.015695701002273917,45.4932727710093,4.142985586329986
2018-04-25,173.66000366210938,175.44000244140625,170.33999633789062,174.8300018310547,148.0211944580078,4693800,0.01666837007039905,50.4949489826382,4.211344194700389
2018-04-26,175.4199981689453,176.67999267578125,171.7899932861328,175.3699951171875,148.47840881347656,3682400,0.0030840831679103714,51.39252348750106,4.259819565768106
2018-04-27,174.9199981689453,177.9199981689453,174.86000061035156,177.4600067138672,150.24795532226562,2424800,0.011847412342260591,54.807693366689456,4.174117993827081
2018-04-30,177.91000366210938,178.74000549316406,174.35000610351562,174.47999572753906,147.7248992919922,3608700,-0.016935209313392104,49.470586570872555,4.189538093528606
2018-05-01,172.14999389648438,173.99000549316406,167.97999572753906,169.27999877929688,143.3222198486328,4799400,-0.030256374431611662,41.8180859516662,4.319571784392634
2018-05-02,169.3000030517578,171.07000732421875,168.3000030517578,169.42999267578125,143.4492645263672,4085700,0.0008860343023483558,42.09643242904731,4.208888390683227
2018-05-03,169.27999877929688,170.33999633789062,166.0500030517578,166.38999938964844,140.87542724609375,4152900,-0.01810541021787299,38.11779146908869,4.2146815975010545
2018-05-04,165.9600067138672,169.5,165.22000122070312,167.97999572753906,142.22158813476562,3430000,0.009510315981938924,41.24553338405175,4.21934711048647
2018-05-07,168.5800018310547,169.92999267578125,167.5,168.05999755859375,142.28933715820312,3175800,0.0004762490203021899,41.40604581301834,4.091536079436097
2018-05-08,168.80999755859375,170.5,167.5,168.49000549316406,142.6533966064453,3937700,0.002555317986394062,42.3179772981833,4.013569216619233
2018-05-09,168.6999969482422,170.52999877929688,167.08999633789062,169.63999938964844,143.62701416015625,2861400,0.006801871667288702,44.79259169443363,3.972600161246877
2018-05-10,170.25999450683594,171.49000549316406,169.36000061035156,170.77000427246094,144.58377075195312,2947100,0.006639308148061476,47.190205774557356,3.8409862127872785
2018-05-11,170.3800048828125,174.35000610351562,170.02999877929688,173.88999938964844,147.225341796875,3740500,0.01810528246116471,53.22966331827257,3.875202006460955
2018-05-14,174.10000610351562,177.8000030517578,173.0399932861328,175.9600067138672,148.97796630859375,3370600,0.011834067463740492,56.76273870231614,3.9384025606869586
2018-05-15,174.80999755859375,175.30999755859375,171.10000610351562,172.33999633789062,145.91302490234375,4491700,-0.020787693537221208,49.69311059250894,3.957801767429185
2018-05-16,171.35000610351562,174.5800018310547,170.6199951171875,173.8000030517578,148.28492736816406,2494200,0.016124883540880597,54.423861559639455,3.9579592636033283
2018-05-17,173.30999755859375,175.42999267578125,172.52999877929688,174.64999389648438,149.01010131835938,2268400,0.004878489839806266,55.7926219573806,3.8823903088091174
2018-05-18,176.50999450683594,177.33999633789062,174.69000244140625,176.3000030517578,150.4179229736328,3377200,0.009403475392885007,58.40434999129323,3.79721974685177
2018-05-21,177.1199951171875,177.94000244140625,175.89999389648438,176.47000122070312,150.56295776367188,2557200,0.0009637476035660123,58.675215076641074,3.671704660999634
2018-05-22,176.7100067138672,179.57000732421875,176.50999450683594,178.36000061035156,152.17544555664062,2742700,0.010652781571482459,61.66416710093258,3.630869049750776
2018-05-23,177.1199951171875,179.99000549316406,176.66000366210938,179.94000244140625,153.5235137939453,2242000,0.00881963732268131,64.00793818671441,3.6093785341296267
2018-05-24,180.0,180.25999450683594,176.99000549316406,177.9600067138672,151.834228515625,2386100,-0.011064415784685706,59.12940148599914,3.5851364255255014
2018-05-25,177.9600067138672,179.0800018310547,177.60000610351562,178.24000549316406,152.07310485839844,1812000,0.001572034404802455,59.59833345967488,3.4347692328121844
2018-05-29,176.99000549316406,178.3800048828125,175.77000427246094,177.44000244140625,151.39051818847656,2382000,-0.004498646752058138,57.56582244990805,3.3758571883507114
2018-05-30,178.2899932861328,181.77999877929688,178.00999450683594,180.24000549316406,153.779541015625,3419200,0.01565731342856343,62.399124417314496,3.444724270460705
2018-05-31,180.30999755859375,180.9499969482422,178.3800048828125,179.6199951171875,153.25047302246094,5247200,-0.0034463634995760485,60.74890213646884,3.3822433986727747
2018-06-01,180.75,184.77000427246094,180.36000061035156,183.57000732421875,156.62060546875,2892800,0.021752693742842905,66.77632644292932,3.5085123812871077
2018-06-04,183.17999267578125,185.97000122070312,182.8300018310547,185.44000244140625,158.21612548828125,2298800,0.0101356260037409,69.18862474971098,3.4821900247414885
2018-06-05,182.8000030517578,184.7100067138672,179.7899932861328,181.72999572753906,155.05076599121094,3980800,-0.0202093953453429,59.89695857896792,3.5848916963838375
2018-06-06,182.00999450683594,184.14999389648438,180.8699951171875,183.5500030517578,156.60353088378906,2213100,0.009964744633757445,62.55361929465418,3.563113630877626
2018-06-07,183.47000122070312,184.0500030517578,182.50999450683594,183.3000030517578,156.3902130126953,2729600,-0.0013630809451120158,61.94648928170302,3.41860612473793
2018-06-08,183.88999938964844,185.64999389648438,183.60000610351562,184.3000030517578,157.24342346191406,2865000,0.005440823016151391,63.473529842595475,3.342276461879975
2018-06-11,184.13999938964844,184.82000732421875,182.92999267578125,184.61000061035156,157.5079345703125,2409400,0.0016807626967625196,63.956428605548375,3.2385434752055127
2018-06-12,184.27000427246094,185.1199951171875,183.41000366210938,185.07000732421875,157.900390625,2045300,0.002488559913453305,64.70206901995448,3.1293611880535566
2018-06-13,185.36000061035156,186.57000732421875,183.4499969482422,183.67999267578125,156.71441650390625,2243900,-0.007539249341143186,60.620827070393425,3.1286932729052
2018-06-14,184.08999633789062,186.07000732421875,182.6999969482422,185.7899932861328,158.5146942138672,2289600,0.011422151200878177,64.30185258094,3.1459302088388688
2018-06-15,186.47000122070312,186.74000549316406,184.02000427246094,185.00999450683594,157.8491973876953,6474500,-0.004207166654982788,61.99484519843898,3.1155067096863154
2018-06-18,184.1300048828125,184.5,182.3800048828125,183.9499969482422,156.94482421875,2370700,-0.005745824856825555,58.90211014808837,3.044398738793543
2018-06-19,182.8300018310547,186.33999633789062,182.8300018310547,186.19000244140625,158.85597229003906,2538500,0.01210365156791993,63.09231532069357,3.077655579368
2018-06-20,186.25,187.50999450683594,184.74000549316406,186.50999450683594,159.12896728515625,2415200,0.00171703139495932,63.662241919259024,3.055679396103991
2018-06-21,186.50999450683594,186.50999450683594,184.4199981689453,185.99000549316406,158.6853485107422,2206400,-0.002791687098270673,61.9871309742863,2.9867020348030366
2018-06-22,186.30999755859375,188.08999633789062,184.8300018310547,185.14999389648438,157.96865844726562,11153100,-0.004526652254579851,59.27363394542958,3.00622292566253
2018-06-25,185.00999450683594,186.69000244140625,184.07000732421875,185.36000061035156,158.14781188964844,2678200,0.0011334648990124832,59.7479785526783,2.978635225057171
2018-06-26,185.33999633789062,185.9499969482422,183.97999572753906,184.58999633789062,157.4908447265625,2070600,-0.0041627861354651425,57.120648547146565,2.906589939031882
2018-06-27,184.9199981689453,187.36000061035156,183.47000122070312,183.52999877929688,156.5864715576172,2354800,-0.0057589365518736545,53.62485157379897,2.9768334712187787
2018-06-28,183.16000366210938,184.5800018310547,181.6999969482422,183.33999633789062,156.42440795898438,2286300,-0.001035514250269488,52.998897599987984,2.9699171434754734
2018-06-29,183.58999633789062,186.0500030517578,183.58999633789062,184.58999633789062,157.4908447265625,2606200,0.006794450802143081,56.589790822370425,2.9513521127891673
2018-07-02,184.08999633789062,185.4600067138672,182.6999969482422,185.2899932861328,158.0880889892578,2069800,0.0037850750600644163,58.50194854496029,2.9376848022774413
2018-07-03,186.4499969482422,187.39999389648438,185.57000732421875,185.7100067138672,158.4464111328125,1348000,0.0022640331241944793,59.650309416862505,2.8785645028541644
2018-07-05,186.13999938964844,188.1699981689453,185.61000061035156,187.36000061035156,159.85423278808594,1801000,0.008845918865402072,63.87955104576547,2.8558097211212776
2018-07-06,188.57000732421875,191.49000549316406,188.00999450683594,191.00999450683594,162.9683380126953,2751600,0.019293581712237832,71.09635927640392,2.946823661242079
2018-07-09,191.5,194.38999938964844,191.1699981689453,194.1699981689453,165.66444396972656,3065500,0.016408384038974495,75.6351849318743,2.977765177068538
2018-07-10,194.1699981689453,196.14999389648438,192.5399932861328,195.69000244140625,166.96131896972656,2757000,0.007797841995467366,77.46806983103967,3.022924850874468
2018-07-11,194.60000610351562,195.19000244140625,192.52000427246094,193.14999389648438,164.79420471191406,2431400,-0.013064711378248977,68.23122558621718,2.9977158021652426
2018-07-12,194.19000244140625,194.25999450683594,192.55999755859375,194.0800018310547,165.58766174316406,2251900,0.004803281519559393,69.65773665348998,2.9050215983135956
2018-07-13,194.99000549316406,196.75,193.3800048828125,195.91000366210938,167.14901733398438,2232000,0.009385001108118145,72.2941264680899,2.9382339925188745
2018-07-16,195.7100067138672,196.57000732421875,194.11000061035156,194.8800048828125,166.2702178955078,1824800,-0.005271450358232321,68.67714316263732,2.904074901186611
2018-07-17,192.3699951171875,194.89999389648438,192.11000061035156,193.9199981689453,165.45114135742188,2567300,-0.004938350696013071,65.3932011054043,2.895926214397054
2018-07-18,193.25,194.0,192.0500030517578,192.8000030517578,164.49560546875,2215800,-0.0057920774745294015,61.68736116409696,2.8283598382431347
2018-07-19,191.86000061035156,192.85000610351562,190.2899932861328,191.75999450683594,163.6082763671875,2539200,-0.005408843442352112,58.37885434723765,2.8091921938959685
2018-07-20,191.47999572753906,191.47999572753906,189.49000549316406,190.49000549316406,162.52471923828125,2252200,-0.006644903340166363,54.532551872813116,2.750677768215899
2018-07-23,190.11000061035156,190.97000122070312,189.16000366210938,189.97000122070312,162.08106994628906,1767000,-0.0027334667650035093,52.99305267626099,2.6834863246714598
2018-07-24,191.25,193.1999969482422,190.5,191.39999389648438,163.3010711669922,2440400,0.007498917633455725,56.61982352028464,2.7225227105905745
2018-07-25,191.6199951171875,193.4600067138672,190.77000427246094,193.0399932861328,164.70033264160156,2009300,0.008532097404571707,60.394159812239025,2.720199834220266
2018-07-26,195.02999877929688,195.58999633789062,192.67999267578125,194.0500030517578,165.5620574951172,2835800,0.0052184374291322794,62.55488188567146,2.7337572504980594
2018-07-27,196.0,196.22000122070312,189.57000732421875,192.44000244140625,164.1884765625,4100200,-0.008331079015214675,57.19823945099932,3.013488439497082
2018-07-30,191.5,192.2100067138672,189.94000244140625,190.6300048828125,162.64414978027344,2984700,-0.009450331155630473,51.824952939080234,2.960382427565929
2018-07-31,191.0,197.49000549316406,190.8699951171875,196.5500030517578,167.69505310058594,4429300,0.030582485766627462,63.802138681812856,3.2389265834791883
2018-08-01,196.3300018310547,196.97999572753906,194.6999969482422,195.83999633789062,167.08926391601562,2632800,-0.0036189858063839825,61.817058223956366,3.1704317403233087
2018-08-02,194.63999938964844,197.4199981689453,192.72999572753906,196.3800048828125,167.55003356933594,2500400,0.002753830455497001,62.76597878168989,3.278972504686376
2018-08-03,196.27000427246094,198.41000366210938,196.10000610351562,197.99000549316406,168.9236297607422,2176200,0.008164703343510283,65.5171845949265,3.209760008536903
2018-08-06,197.44000244140625,199.8300018310547,196.52000427246094,197.61000061035156,168.5994415283203,1913800,-0.0019209847248458519,64.3094246707826,3.2169198335409632
2018-08-07,197.69000244140625,200.89999389648438,197.63999938964844,200.39999389648438,170.97982788085938,2349800,0.01401985077905822,68.85006791302482,3.2221393658689523
2018-08-08,198.5,198.5,195.07000732421875,196.1999969482422,167.39642333984375,3145900,-0.021180792058795094,57.07771030205343,3.236986030862688
2018-08-09,195.42999267578125,196.32000732421875,193.8300018310547,193.97000122070312,165.49380493164062,2766500,-0.011431030197075896,51.994298057251285,3.183630278169929
2018-08-10,193.3000030517578,195.17999267578125,192.25999450683594,194.4199981689453,165.8777618408203,1769100,0.002317380967523922,52.9058290092987,3.1647994132253134
2018-08-13,194.69000244140625,196.32000732421875,193.72000122070312,195.61000061035156,166.89303588867188,1802900,0.0061019608991946285,55.32163128015665,3.124457033960336
2018-08-14,195.94000244140625,196.9600067138672,194.88999938964844,195.75999450683594,167.02099609375,1240200,0.0007664260802829108,55.630557327836065,3.0491391975502227
2018-08-15,194.8300018310547,195.47999572753906,192.88999938964844,195.25999450683594,166.59439086914062,1900200,-0.002557468712794211,54.28297051763082,3.0163432790031086
2018-08-16,194.4600067138672,197.1300048828125,192.72999572753906,196.44000244140625,168.741943359375,2361700,0.012808524643851026,59.58981629231095,3.1151765558795605
2018-08-17,196.24000549316406,198.50999450683594,195.27999877929688,197.4199981689453,169.58375549316406,2183800,0.004976351922828076,61.47749907228144,3.123377925283811
2018-08-20,197.88999938964844,198.5,196.8699951171875,197.55999755859375,169.70401000976562,1747900,0.0007088644735471389,61.752360454430324,3.016708422250146
2018-08-21,197.92999267578125,198.39999389648438,196.72999572753906,197.30999755859375,169.48927307128906,1666900,-0.0012661628509520698,60.91651811379367,2.9205148327283723
2018-08-22,197.14999389648438,198.75,195.8300018310547,197.83999633789062,169.9445343017578,1709300,0.0026824758970523184,62.08813218718168,2.9204779281724393
2018-08-23,197.3699951171875,197.75,195.6199951171875,196.60000610351562,168.87937927246094,1351200,-0.006287387020391665,57.727859740305504,2.8640155677895867
2018-08-24,196.8800048828125,197.5,195.60000610351562,196.63999938964844,168.91371154785156,1358500,0.00020327399489117575,57.83065576676167,2.795156876982072
2018-08-27,197.52000427246094,198.66000366210938,196.7899932861328,198.60000610351562,170.59735107421875,2034400,0.009918105847930429,62.6299461030267,2.739788833801991
2018-08-28,199.02000427246094,199.8300018310547,198.0,198.6199951171875,170.61453247070312,1644200,0.00010070807804467328,62.67662870683836,2.6748040478914694
2018-08-29,197.7899932861328,200.0,196.9199981689453,199.75,171.585205078125,1775100,0.005673149943178404,65.31294646721447,2.703746746688842
2018-08-30,199.5800018310547,200.69000244140625,198.6999969482422,200.35000610351562,172.10061645507812,1992500,0.0029993193262201788,66.65959323932785,2.6527652285799292
2018-08-31,199.8300018310547,200.47000122070312,198.38999938964844,199.80999755859375,171.63674926757812,2981400,-0.0026989644731113486,64.24228732330484,2.6118535573281263
2018-09-04,199.25,199.75,195.3300018310547,196.72999572753906,168.99102783203125,2293500,-0.01553469693411657,52.539484025014964,2.741006743872211
2018-09-05,197.1300048828125,198.6699981689453,196.85000610351562,197.75,169.8672332763672,1809000,0.005171527436218994,55.43489589267454,2.6837921508389284
2018-09-06,197.5500030517578,198.58999633789062,195.1199951171875,196.14999389648438,168.49278259277344,1797300,-0.00812423560095082,50.25560506170257,2.739949941543514
2018-09-07,195.42999267578125,197.5500030517578,194.75,196.3000030517578,168.62167358398438,2604100,0.0007646720283262775,50.72058126193547,2.744239449415964
2018-09-10,197.36000061035156,203.69000244140625,196.38999938964844,202.5,173.94749450683594,4310800,0.03109591034321218,65.19678331397228,3.076079445146855
2018-09-11,201.0,203.0,199.27000427246094,199.47000122070312,171.34469604492188,3386000,-0.015076204052911152,56.4666696335286,3.122787751032013
2018-09-12,199.67999267578125,201.5,198.13999938964844,199.5,171.37046813964844,2133500,0.0001503995006258989,56.52874078632795,3.139731526697695
2018-09-13,200.24000549316406,203.08999633789062,199.41000366210938,202.92999267578125,174.3168487548828,2780200,0.01704691969757211,63.02037746570693,3.178321608775092
2018-09-14,203.63999938964844,204.4199981689453,200.0,200.5800018310547,172.29818725585938,2504200,-0.011647990495805645,56.76579861440613,3.2670127916443934
2018-09-17,200.2899932861328,201.4499969482422,199.50999450683594,200.80999755859375,172.4957733154297,1950100,0.0011461110332183766,57.213411128328374,3.1722263380559546
2018-09-18,200.4199981689453,203.8699951171875,199.1999969482422,202.33999633789062,173.81002807617188,1982300,0.007590176457097892,60.16747928446242,3.2792100402623374
2018-09-19,202.69000244140625,204.39999389648438,201.57000732421875,203.1999969482422,174.54879760742188,2204600,0.004241434890156492,61.765499850211164,3.2471226496911436
2018-09-20,203.60000610351562,205.25,203.02000427246094,205.10000610351562,176.18087768554688,2225000,0.00930683642473348,65.09689261519163,3.1744707266802807
2018-09-21,205.66000366210938,206.6199951171875,204.1699981689453,205.10000610351562,176.18087768554688,7314000,0.0,65.09689261519163,3.1227225996489882
2018-09-24,204.52999877929688,207.6699981689453,204.11000061035156,207.2100067138672,177.99337768554688,2642000,0.010235164162254567,68.61856636199363,3.1539565252879
2018-09-25,208.27999877929688,208.89999389648438,206.25999450683594,206.4600067138672,177.34909057617188,2556200,-0.003626292227650936,66.06672362452531,3.1172453013136523
2018-09-26,206.2899932861328,208.8800048828125,206.2899932861328,206.8300018310547,177.66697692871094,2162600,0.0017908284530900817,66.72425603541208,3.079585750982655
2018-09-27,207.41000366210938,210.19000244140625,206.83999633789062,208.88999938964844,179.4364776611328,2571200,0.009910378588444691,70.18728729879504,3.09961538379472
2018-09-28,208.5399932861328,208.8000030517578,206.77000427246094,207.2899932861328,178.06204223632812,3238200,-0.007689218948630333,64.56653561130538,3.0232141977591596
2018-10-01,207.72999572753906,209.33999633789062,206.6199951171875,206.91000366210938,177.73561096191406,2518100,-0.0018349270326535744,63.27058077496254,3.001556127969443
2018-10-02,206.4199981689453,208.10000610351562,206.08999633789062,207.6699981689453,178.3885040283203,2172100,0.0036666643476535835,64.79270474097257,2.9307313878019827
2018-10-03,208.25,208.25,206.63999938964844,206.89999389648438,177.7270965576172,2258800,-0.0037145703817799,61.990049555327055,2.836393475126953
2018-10-04,206.08999633789062,207.14999389648438,200.80999755859375,203.47000122070312,174.78070068359375,3219800,-0.016717159247260447,51.33686220257429,3.0866508224672153
2018-10-05,204.4499969482422,206.08999633789062,201.8300018310547,204.02000427246094,175.253173828125,2481000,0.00269958690215279,52.73944062324451,3.17046108563641
2018-10-08,203.3699951171875,206.1300048828125,203.22999572753906,205.57000732421875,176.58460998535156,2878100,0.007568502157015585,56.540781842880136,3.1511430906104834
2018-10-09,205.75,208.0800018310547,204.49000549316406,206.0,176.9539794921875,2509100,0.0020895577016270947,57.560622630500184,3.1824897511304933
2018-10-10,205.0,206.35000610351562,200.77000427246094,201.1999969482422,172.83078002929688,4148000,-0.02357673022113303,44.89545746315994,3.3537406139822212
2018-10-11,201.5500030517578,202.9600067138672,192.3800048828125,193.85000610351562,166.51712036132812,4175000,-0.037214836549759954,32.942539136034355,3.8699021294873974
2018-10-12,195.6199951171875,198.08999633789062,194.14999389648438,197.38999938964844,169.55795288085938,3231400,0.018096644158835693,41.07903517150269,3.896336994122226
2018-10-15,196.1999969482422,198.41000366210938,195.0,195.58999633789062,168.0117645263672,2091100,-0.009160769392019676,38.519696553544065,3.8615988989784507
2018-10-16,197.22000122070312,202.67999267578125,196.22000122070312,202.33999633789062,173.81002807617188,2261500,0.03392890621492366,50.87902174653694,4.092198716043606
2018-10-17,201.41000366210938,203.30999755859375,198.94000244140625,202.77000427246094,174.17938232421875,2459700,0.0021227909568962765,51.54722296083481,4.112041316125313
2018-10-18,203.1699981689453,204.50999450683594,200.27999877929688,202.72000122070312,174.1364288330078,2433600,-0.00024663532376527353,51.459553906100105,4.120466631226295
2018-10-19,202.74000549316406,205.1199951171875,201.4499969482422,201.8000030517578,173.34617614746094,2692500,-0.004548452421174185,49.78204072368676,4.088290312491939
2018-10-22,201.16000366210938,201.8000030517578,197.47000122070312,198.02000427246094,170.09918212890625,2717500,-0.01890892210886641,43.50646071694512,4.105555420960706
2018-10-23,196.3000030517578,199.08999633789062,193.72000122070312,197.63999938964844,169.77268981933594,2553500,-0.0019212676125839568,42.92056176199728,4.195872542119763
2018-10-24,196.94000244140625,197.9600067138672,187.3699951171875,187.8800048828125,161.3888702392578,4288300,-0.05064362776683323,31.273837471178794,4.652596760302615
2018-10-25,188.66000366210938,190.5,181.30999755859375,188.10000610351562,161.57786560058594,4983700,0.0011703705795581031,31.723620212787182,4.9766971660957315
2018-10-26,185.39999389648438,187.3300018310547,183.27999877929688,185.97999572753906,159.7567901611328,4580400,-0.011334569136949045,29.7062308801586,4.910504729357308
2018-10-29,189.32000732421875,190.91000366210938,184.8000030517578,188.19000244140625,161.6551971435547,3829500,0.011813056973482077,34.39027789125396,4.996183006571184
2018-10-30,189.42999267578125,191.0,187.02999877929688,189.0800018310547,162.41969299316406,4040600,0.004718028400243347,36.23304555440161,4.922884307580609
2018-10-31,189.0800018310547,195.3300018310547,189.0399932861328,192.7899932861328,165.6065673828125,4541000,0.0194312166244882,43.373072925522045,5.020536038819271
2018-11-01,192.80999755859375,194.3800048828125,190.9600067138672,192.89999389648438,165.70108032226562,2827300,0.0005705448858282098,43.574857458440206,4.906211905256845
2018-11-02,194.2899932861328,195.35000610351562,185.8300018310547,187.05999755859375,160.6844940185547,3696300,-0.03074266631064898,36.201107069170604,5.235768502914281
2018-11-05,187.67999267578125,190.72000122070312,187.5500030517578,189.9199981689453,163.14122009277344,2713500,0.015173428803943123,41.42835400039305,5.123213871428216
2018-11-06,190.2100067138672,192.6999969482422,189.52000427246094,190.75,163.85421752929688,2139000,0.00436090834576598,42.89080665815127,4.984412357453432
2018-11-07,192.80999755859375,197.72999572753906,192.00999450683594,197.6199951171875,169.75555419921875,3077800,0.03538237078264237,53.28709605569468,5.1269540267452625
2018-11-08,197.5399932861328,198.27999877929688,195.27999877929688,196.02000427246094,168.38116455078125,2636600,-0.008129239689409314,50.9603504238056,4.975028739120601
2018-11-09,195.3699951171875,196.91000366210938,192.17999267578125,193.16000366210938,165.92445373535156,2344900,-0.014697659303472017,47.00907414552427,4.957527471063996
2018-11-12,193.64999389648438,194.72000122070312,190.47999572753906,191.55999755859375,164.55001831054688,2109100,-0.008318000122382443,44.91103752047694,4.906275901214
2018-11-13,192.91000366210938,194.82000732421875,191.02999877929688,191.5500030517578,164.5413818359375,2232200,-5.248678396037312e-05,44.89747781814265,4.8265425186217055
2018-11-14,192.02999877929688,193.39999389648438,189.66000366210938,190.36000061035156,163.5192108154297,2850300,-0.00623161910476143,43.23371516365899,4.7489316411755125
2018-11-15,188.33999633789062,192.6300048828125,187.1199951171875,192.4499969482422,166.4688720703125,2607100,0.017877856632550124,49.09585092483935,4.803294364350476
2018-11-16,192.36000061035156,195.24000549316406,191.69000244140625,194.17999267578125,167.9652557373047,3862300,0.008948809517761197,51.81440588323085,4.713773556308142
2018-11-19,194.9199981689453,196.77000427246094,192.8699951171875,194.91000366210938,168.5967559814453,2629900,0.0037526575385268338,52.95623792742606,4.655647527662806
2018-11-20,196.32000732421875,198.67999267578125,192.75999450683594,196.44000244140625,169.92018127441406,3288800,0.00781900040916978,55.34444035954621,4.745958287754413
2018-11-21,195.1699981689453,197.5500030517578,192.61000061035156,192.77000427246094,166.7456817626953,2173600,-0.018859016890298407,48.928092595305316,4.75981858444383
2018-11-23,191.25,194.47999572753906,190.77000427246094,192.57000732421875,166.5726776123047,1349200,-0.001038071627681655,48.5974238987526,4.68483093234628
2018-11-26,194.94000244140625,196.30999755859375,192.49000549316406,194.3000030517578,168.06910705566406,2194600,0.00894352998608448,51.641740825180406,4.623056727566523
2018-11-27,193.16000366210938,197.22999572753906,191.8699951171875,197.10000610351562,170.4910888671875,2329200,0.014307784305920297,56.16664141152824,4.675695576336882
2018-11-28,196.9600067138672,202.02000427246094,196.05999755859375,201.4199981689453,174.2279052734375,2617800,0.021681211947150735,62.06456355775427,4.7674320861604755
2018-11-29,199.77999877929688,204.0,199.52999877929688,202.3699951171875,175.04965209960938,1937800,0.0047054173680088785,63.23605037862544,4.746187024342094
2018-11-30,202.14999389648438,208.99000549316406,201.7899932861328,208.25,180.13583374023438,4537200,0.02864153822461595,69.5117641961697,4.921460251677033
2018-12-03,208.10000610351562,208.3000030517578,200.3800048828125,202.92999267578125,175.5340576171875,4035300,-0.025878113613509165,59.59893209367182,5.13564153148191
2018-12-04,204.60000610351562,205.74000549316406,197.2899932861328,197.75999450683594,171.06199645996094,3881100,-0.025807041381560297,51.859102997798836,5.372382294021149
2018-12-06,195.72000122070312,199.00999450683594,193.1999969482422,199.00999450683594,172.1432647705078,3437300,0.006301021634241918,53.43371974075336,5.403640527204906
2018-12-07,197.88999938964844,198.39999389648438,191.0500030517578,191.44000244140625,165.59523010253906,3152400,-0.03878062702039947,44.03941923363679,5.542665549885024
2018-12-10,193.02999877929688,194.7899932861328,188.19000244140625,194.08999633789062,167.88742065429688,2718300,0.013747201815053383,47.51786296452918,5.618188785230848
2018-12-11,195.91000366210938,198.41000366210938,194.33999633789062,196.17999267578125,169.69528198242188,3047500,0.010710730123827167,50.14976119842773,5.525461538015699
2018-12-12,198.08999633789062,199.44000244140625,196.3000030517578,196.41000366210938,169.89427185058594,2665600,0.0011719435341475356,50.44433992456148,5.363643554273506
2018-12-13,196.77000427246094,197.66000366210938,195.22000122070312,197.52999877929688,170.863037109375,2129800,0.005685969711287277,51.93352503539621,5.15481204621156
2018-12-14,195.0399932861328,196.14999389648438,191.66000366210938,192.07000732421875,166.1401824951172,2981300,-0.028030378139909023,44.856489073972746,5.10732477393752
2018-12-17,192.24000549316406,194.4499969482422,188.63999938964844,190.0800018310547,164.41880798339844,2919400,-0.010415024981675243,42.57900880672929,5.15751568712725
2018-12-18,191.44000244140625,191.94000244140625,184.41000366210938,187.10000610351562,161.8411102294922,3164300,-0.015801826990643808,39.3565479448965,5.3269787651393665
2018-12-19,187.02000427246094,191.75999450683594,182.52999877929688,185.49000549316406,160.44847106933594,3995400,-0.00864221438560985,37.6966325467383,5.605765691025058
2018-12-20,185.05999755859375,186.5399932861328,182.72000122070312,184.9600067138672,159.9900360107422,3806200,-0.002861300132371009,37.14130399174143,5.47821043205396
2018-12-21,183.85000610351562,187.61000061035156,179.2100067138672,180.2100067138672,155.8813018798828,7829800,-0.026016706117837036,32.51768564889993,5.686909250941847
2018-12-24,179.5,182.92999267578125,178.2899932861328,178.39999389648438,154.3156280517578,2205100,-0.010094794453728292,30.93722349340223,5.612129975135175
2018-12-26,179.0399932861328,188.02999877929688,178.8800048828125,187.86000061035156,162.49850463867188,2868200,0.05166876171365764,45.771904647524934,5.899121039969269
2018-12-27,185.36000061035156,190.41000366210938,183.6199951171875,190.3300018310547,164.63504028320312,3137900,0.013062347511977228,48.86062388128003,5.962755861751598
2018-12-28,191.6300048828125,194.58999633789062,190.05999755859375,190.72999572753906,164.9810333251953,2477500,0.0020993707332335404,49.36361312349698,5.860416070147688
2018-12-31,191.92999267578125,195.8000030517578,191.61000061035156,194.6699981689453,168.38916015625,2764800,0.020447212368841117,54.147684093273185,5.803958302581336
2019-01-02,192.52000427246094,193.1999969482422,188.9499969482422,191.89999389648438,165.99310302734375,3009100,-0.014331490652595301,50.5329554000783,5.692961280968383
2019-01-03,192.14999389648438,194.17999267578125,188.6699981689453,188.97999572753906,163.46730041503906,3973900,-0.015333266591736233,46.97310298844299,5.679892225673208
2019-01-04,191.4600067138672,196.52000427246094,190.83999633789062,195.44000244140625,169.05517578125,4193400,0.03361217267790603,54.593946398900975,5.812757677048112
2019-01-07,194.75999450683594,199.36000061035156,194.0,198.07000732421875,171.33013916015625,3032500,0.013367188027644387,57.28545044642491,5.780417886569787
2019-01-08,199.1999969482422,201.1199951171875,196.67999267578125,200.61000061035156,173.5272216796875,3290300,0.012742150789922259,59.765909758530555,5.684673926200963
2019-01-09,202.36000061035156,202.89999389648438,199.6300048828125,200.3699951171875,173.31961059570312,2869700,-0.0011971342359789502,59.41480251826544,5.512196432448886
2019-01-10,200.3699951171875,203.52000427246094,199.47000122070312,202.67999267578125,175.31776428222656,3131300,0.011462773124386837,61.74421503176929,5.4077540481138096
2019-01-11,200.63999938964844,200.99000549316406,198.0,200.55999755859375,173.4840087890625,3379700,-0.01051469648109734,58.42977491752199,5.2350577227602555
2019-01-14,199.49000549316406,200.0,196.66000366210938,196.77999877929688,170.21429443359375,3378600,-0.019027228067437656,52.969746911715546,5.099696195269567
2019-01-15,196.3000030517578,199.99000549316406,196.0399932861328,199.3800048828125,172.46328735351562,2859800,0.013126188175447268,56.01437586681896,5.017575910395402
2019-01-16,199.3000030517578,200.44000244140625,197.60000610351562,198.88999938964844,172.03945922851562,3302400,-0.00246052226307192,55.28797870582817,4.862034512359346
2019-01-17,198.3800048828125,202.52999877929688,197.97999572753906,201.9199981689453,174.660400390625,2440200,0.015119654761859043,58.84245996070703,4.839746550887808
2019-01-18,203.3300018310547,204.3300018310547,201.0399932861328,203.8800048828125,176.35580444335938,3095000,0.009660051094368788,61.002158447774825,4.729050979033098
2019-01-22,202.6199951171875,203.47999572753906,200.77999877929688,201.97999572753906,174.7122802734375,3173100,-0.009363062313819588,57.833947344844205,4.584118548262318
2019-01-23,201.99000549316406,203.9499969482422,200.1300048828125,201.55999755859375,174.34898376464844,1917500,-0.0020815637677112247,57.12765400356039,4.529538085202845
2019-01-24,201.61000061035156,202.39999389648438,199.74000549316406,200.97000122070312,173.83865356445312,2390800,-0.00293135373525529,56.09138345133463,4.395998822211236
2019-01-25,201.9499969482422,202.22999572753906,196.8800048828125,198.77000427246094,171.9356231689453,4383600,-0.011007467810506608,52.282789635387644,4.464141109533759
2019-01-28,194.97000122070312,194.97000122070312,190.00999450683594,191.9499969482422,166.0363311767578,4186200,-0.034913495930043136,42.62148213282782,4.499560081271861
2019-01-29,192.17999267578125,193.6699981689453,190.8000030517578,192.11000061035156,166.17474365234375,3182100,0.0008332803695127204,42.88814555138817,4.383162583837263
2019-01-30,188.88999938964844,189.75999450683594,179.64999389648438,184.86000061035156,159.9035186767578,8089100,-0.03846928220878508,34.96036079164246,4.792222442873999
2019-01-31,184.77999877929688,187.60000610351562,183.91000366210938,187.11000061035156,161.84976196289062,4397900,0.01209788456356051,38.74468051674709,4.71349244276916
2019-02-01,186.50999450683594,187.8300018310547,185.55999755859375,187.07000732421875,161.81521606445312,2488900,-0.00021346701629091098,38.70163548187625,4.538957573461429
2019-02-04,186.9600067138672,187.13999938964844,184.2899932861328,186.17999267578125,161.04531860351562,2930900,-0.004769235242975668,37.69648087475166,4.4183181827510145
2019-02-05,186.1999969482422,189.05999755859375,185.72000122070312,188.30999755859375,162.8877716064453,4933300,0.011375638532442228,41.60512809401088,4.341295193832415
2019-02-06,188.30999755859375,191.8699951171875,188.11000061035156,190.75999450683594,165.00701904296875,3322400,0.01292656673246055,45.815845796412525,4.299773716189809
2019-02-07,190.6699981689453,190.6699981689453,182.6699981689453,184.22999572753906,159.3585662841797,4188100,-0.034831215565053635,37.95929276864213,4.564075593604822
2019-02-08,183.41000366210938,186.0500030517578,183.41000366210938,186.0,160.8896026611328,2601000,0.009561634944196656,40.91676902413156,4.426641579036509
2019-02-11,186.7899932861328,187.11000061035156,185.50999450683594,185.7899932861328,160.70797729492188,2867300,-0.0011295196036349162,40.66909259023857,4.224739045070732
2019-02-12,187.3300018310547,188.9600067138672,186.42999267578125,188.42999267578125,162.99156188964844,2412400,0.014109519492948253,45.16355670274368,4.149401500975277
2019-02-13,189.22000122070312,190.1199951171875,188.39999389648438,188.97999572753906,163.46730041503906,2166000,0.0029145409550065597,46.07995250985064,3.9758729095272662
2019-02-14,187.58999633789062,187.8000030517578,185.75999450683594,186.67999267578125,162.7263946533203,2611500,-0.004542742836924738,44.823632725003606,3.837596883484024
2019-02-15,188.07000732421875,189.10000610351562,185.99000549316406,188.33999633789062,164.17337036132812,3314600,0.008852775761924543,47.815958273456076,3.7856257211174196
2019-02-19,187.7899932861328,188.47000122070312,186.85000610351562,186.97000122070312,162.97915649414062,2267500,-0.007300687437538777,45.617139972550376,3.630937820836711
2019-02-20,187.19000244140625,189.22000122070312,186.47999572753906,186.9199981689453,162.93557739257812,3046400,-0.00026742639893880324,45.53485107469273,3.5672997974315215
2019-02-21,186.38999938964844,187.39999389648438,184.75,185.5,161.69784545898438,2947600,-0.007625449778392506,43.15381801702162,3.5017779473638684
2019-02-22,185.88999938964844,188.86000061035156,185.80999755859375,187.5,163.441162109375,2774100,0.010723618612232887,47.33124549018814,3.4916509947201324
2019-02-25,188.66000366210938,190.47000122070312,187.88999938964844,189.80999755859375,165.45477294921875,3182600,0.0122448214433542,51.74244664804578,3.4543902965760607
2019-02-26,189.55999755859375,191.64999389648438,189.36000061035156,190.0800018310547,165.6901092529297,2431000,0.0014213497232115973,52.24584644579761,3.3712190815444
2019-02-27,188.74000549316406,192.19000244140625,188.66000366210938,191.4199981689453,166.85821533203125,1886200,0.007025209853272196,54.76800024239178,3.3825604885267198
2019-02-28,191.3800048828125,191.6300048828125,189.72999572753906,190.0800018310547,165.6901092529297,2776200,-0.007025209853272221,51.82054593386874,3.276663964722914
2019-03-01,191.38999938964844,192.05999755859375,190.47000122070312,191.16000366210938,166.6315155029297,2409400,0.005665648565112455,53.97053192582771,3.1840448049240675
2019-03-04,191.82000732421875,192.1199951171875,187.41000366210938,189.77999877929688,165.42861938476562,2274800,-0.007245081559431124,50.8481593639867,3.2930409942207857
2019-03-05,190.0,190.6699981689453,188.7899932861328,188.82000732421875,164.59178161621094,3445200,-0.005071441399406775,48.735771323287175,3.192109843405908
2019-03-06,188.8800048828125,189.3699951171875,182.42999267578125,183.14999389648438,159.6493682861328,3956100,-0.030488395283171543,38.54978856489854,3.4598164575487895
2019-03-07,182.9199981689453,183.16000366210938,180.60000610351562,181.4600067138672,158.1761932373047,3421700,-0.009270403501763643,36.12610348072733,3.395543679052001
2019-03-08,180.60000610351562,181.30999755859375,179.00999450683594,180.8699951171875,157.6619110107422,2750900,-0.0032566221375279715,35.29192049764974,3.3172907771024156
2019-03-11,181.83999633789062,184.60000610351562,181.39999389648438,184.13999938964844,160.51229858398438,2816900,0.017917629679533132,43.130013521299155,3.346770792047109
2019-03-12,184.61000061035156,184.9499969482422,183.52000427246094,184.17999267578125,160.5471649169922,2677500,0.00021719548624853847,43.22061382165384,3.2098580694566903
2019-03-13,184.6999969482422,188.33999633789062,184.19000244140625,187.35000610351562,163.31039428710938,2719700,0.017064887621219098,50.01680892074835,3.2777256117890246
2019-03-14,187.52999877929688,188.86000061035156,185.88999938964844,187.75999450683594,163.66783142089844,2909600,0.0021863062923671442,50.8365652477246,3.2557452981400314
2019-03-15,188.4600067138672,191.63999938964844,188.10000610351562,191.24000549316406,166.70127868652344,6865000,0.018364504586631213,57.24522079574898,3.3003352684737792
2019-03-18,191.0800018310547,192.52000427246094,190.19000244140625,191.30999755859375,166.7622833251953,2430200,0.0003658848899977052,57.365584658783,3.2310257372295585
2019-03-19,191.92999267578125,192.75999450683594,190.9199981689453,191.49000549316406,166.91921997070312,2268700,0.0009406374373715654,57.695531430334654,3.1316664944196346
2019-03-20,191.5,192.77000427246094,189.8699951171875,191.1199951171875,166.59666442871094,2378700,-0.0019342745437204727,56.723871569037534,3.1151195416234776
2019-03-21,189.72999572753906,192.3699951171875,189.17999267578125,191.88999938964844,167.2678680419922,2292900,0.004020819537747093,58.29773201356918,3.12046832017939
2019-03-22,190.9600067138672,192.8699951171875,186.5500030517578,186.6999969482422,162.7438201904297,3144700,-0.027419218446149304,46.12225600981098,3.349005730554411
2019-03-25,186.63999938964844,187.77999877929688,185.0399932861328,186.58999633789062,162.64793395996094,2523700,-0.0005893587162008162,45.90343289565599,3.3055057135979573
2019-03-26,187.5500030517578,189.58999633789062,187.02999877929688,188.27000427246094,164.1123809814453,2359100,0.008963492563159594,49.81924585048626,3.283683876912389
2019-03-27,188.25,188.60000610351562,185.22000122070312,186.32000732421875,162.41258239746094,2022600,-0.010411540491354057,45.68554081066996,3.2905639487623968
2019-03-28,187.0800018310547,187.88999938964844,186.0,187.64999389648438,163.57192993164062,1885600,0.007112929469390854,48.80561911425145,3.1905236231113996
2019-03-29,189.3699951171875,191.0,188.5,189.97999572753906,165.6029052734375,3189700,0.01233995370639547,53.81128236922616,3.201915228854559
2019-04-01,191.13999938964844,192.55999755859375,190.50999450683594,191.77000427246094,167.16329956054688,2660500,0.009378390601944354,57.26831690419416,3.157492843297425
2019-04-02,191.80999755859375,192.82000732421875,191.1999969482422,192.42999267578125,167.73854064941406,2141800,0.0034352851224520977,58.5014252194351,3.0476726670602203
2019-04-03,193.17999267578125,193.8699951171875,191.7100067138672,192.9199981689453,168.1656951904297,1948100,0.0025433127998493446,59.43746883734455,2.9842666482216553
2019-04-04,192.85000610351562,194.42999267578125,190.99000549316406,192.3300018310547,167.65142822265625,1785900,-0.003062782293881796,57.7486123616697,3.016818114964193
2019-04-05,193.8800048828125,196.8699951171875,193.3000030517578,195.41000366210938,170.3362274169922,2163300,0.015887300148311544,63.56853180088261,3.1256163414762375
2019-04-08,194.52999877929688,195.30999755859375,192.55999755859375,194.8800048828125,169.87420654296875,1629800,-0.00271609046600136,61.986171844241994,3.0987866027993634
2019-04-09,193.58999633789062,194.0,192.50999450683594,192.97999572753906,168.21798706054688,1872600,-0.00979752128151809,56.5517867636393,2.983873666396842
2019-04-10,194.14999389648438,195.0,192.33999633789062,193.88999938964844,169.01123046875,1653200,0.004704484842869177,58.4315066802004,2.960740094662023
2019-04-11,194.57000732421875,194.7899932861328,190.64999389648438,192.11000061035156,167.45962524414062,2082600,-0.009222886302068247,53.5511715785639,3.0449729014467666
2019-04-12,193.02000427246094,193.47999572753906,190.7899932861328,191.4199981689453,166.85821533203125,2060800,-0.003597837075133127,51.74706450889392,3.0196178685867294
2019-04-15,191.83999633789062,193.17999267578125,189.85000610351562,191.1999969482422,166.6664276123047,2038300,-0.0011500663889331968,51.15520576922082,3.0417870617066503
2019-04-16,192.27000427246094,192.57000732421875,187.44000244140625,188.0500030517578,163.92059326171875,2727300,-0.0166122522878113,43.486455747916445,3.1909454774999255
2019-04-17,188.35000610351562,188.74000549316406,181.52999877929688,182.47000122070312,159.05657958984375,5242100,-0.03012213774017579,33.8157372404667,3.478021280097587
2019-04-18,183.24000549316406,183.49000549316406,176.85000610351562,177.47000122070312,154.6981658935547,8266600,-0.027784083781851383,27.841123504347024,3.7038768593512192
2019-04-22,177.10000610351562,177.57000732421875,174.8699951171875,176.36000061035156,153.73057556152344,3215800,-0.006274340722939074,26.712738917388705,3.6321722413283646
2019-04-23,176.94000244140625,180.64999389648438,175.75,179.75999450683594,156.69430541992188,3471700,0.019095247156109628,35.35517069673375,3.7227309309823653
2019-04-24,180.13999938964844,180.8300018310547,178.25999450683594,178.3000030517578,155.42164611816406,2711600,-0.008155086907344594,33.52682577363646,3.64039353049925
2019-04-25,177.0800018310547,181.02000427246094,175.9199981689453,180.47999572753906,157.3219451904297,2453700,0.012152590890635974,38.630167099951514,3.744651571428991
2019-04-26,180.6999969482422,181.85000610351562,180.02999877929688,181.47000122070312,158.1848907470703,2445400,0.005470231451138711,40.85093024388875,3.607176982342545
2019-04-29,181.4499969482422,182.47000122070312,179.58999633789062,181.1699981689453,157.92337036132812,2662500,-0.0016546258202223458,40.37410738326561,3.555236118090399
2019-04-30,181.6300048828125,182.0399932861328,177.8800048828125,179.32000732421875,156.31076049804688,3963000,-0.010263837449659861,37.46978534441719,3.5984327098925357
2019-05-01,175.39999389648438,178.5,171.25,176.13999938964844,153.53880310058594,6109100,-0.017892756204348846,33.066543322029275,3.859258944900212
2019-05-02,176.05999755859375,178.3000030517578,174.3000030517578,176.5,153.85263061523438,3014000,0.00204187618301832,34.01200822737442,3.86931187740734
2019-05-03,176.92999267578125,177.77000427246094,176.47000122070312,177.30999755859375,154.55870056152344,2944500,0.004578762895395106,36.195710508975964,3.6857898184323736
2019-05-06,175.49000549316406,177.24000549316406,173.8800048828125,177.05999755859375,154.34075927734375,2735000,-0.0014110825603661972,35.8018786950616,3.6625191607123155
2019-05-07,175.13999938964844,176.41000366210938,172.5,173.8699951171875,151.56008911132812,2797000,-0.018180706417503457,31.14554329156128,3.6801966250978198
2019-05-08,173.5,175.5,171.6999969482422,172.14999389648438,150.06080627441406,3368400,-0.009941586994253388,28.95861285297481,3.688754227002105
2019-05-09,171.24000549316406,173.17999267578125,169.44000244140625,172.8699951171875,150.68836975097656,2854400,0.004173340693398559,31.138209559198216,3.6924139418144546
2019-05-10,172.4600067138672,172.4600067138672,168.44000244140625,171.85000610351562,149.79928588867188,2942300,-0.0059176238366638045,29.74582107748094,3.715813251146346
2019-05-13,169.24000549316406,169.60000610351562,167.1699981689453,167.60000610351562,146.09458923339844,3371800,-0.0250420205815824,24.774552636099415,3.623970014248058
2019-05-14,167.67999267578125,169.72000122070312,167.3000030517578,167.80999755859375,146.2776336669922,2525300,0.001252133022030929,25.437607772373013,3.537972025297862
2019-05-15,167.22999572753906,170.60000610351562,166.3000030517578,169.8699951171875,148.0733184814453,2860200,0.012201129827465679,31.789382841218867,3.592402812902144
2019-05-16,169.39999389648438,172.02000427246094,169.33999633789062,169.9199981689453,149.39212036132812,2716200,0.008866983174415108,36.09508207139957,3.527231750164156
2019-05-17,169.27000427246094,171.24000549316406,169.11000061035156,169.91000366210938,149.38331604003906,2266600,-5.893604506214984e-05,36.07870848931081,3.4274298310676095
2019-05-20,168.67999267578125,170.39999389648438,168.14999389648438,168.38999938964844,148.04696655273438,2144300,-0.008986028376246907,33.58818278708026,3.343327700277066
2019-05-21,169.77000427246094,170.02000427246094,168.52999877929688,169.69000244140625,149.18994140625,2249300,0.007690703654394337,37.55840952263641,3.2209474990295974
2019-05-22,169.35000610351562,172.0500030517578,168.5800018310547,171.3000030517578,150.60540771484375,2615500,0.009442953873358645,42.16921280829986,3.238737050577707
2019-05-23,171.33999633789062,173.05999755859375,170.49000549316406,172.11000061035156,151.3175811767578,2902500,0.004717592293010066,44.394033249476685,3.1909695516385628
2019-05-24,172.6199951171875,173.77000427246094,171.08999633789062,171.27999877929688,150.58782958984375,2417100,-0.004834315531401868,42.586118828947065,3.154472293276545
2019-05-28,171.55999755859375,172.77000427246094,168.75999450683594,168.85000610351562,148.451416015625,4066200,-0.014288759449115335,37.740434430815036,3.2155821127300057
2019-05-29,168.0,169.75999450683594,167.3300018310547,169.17999267578125,148.7415008544922,2671600,0.0019521658459908066,38.759380099026416,3.15946858151938
2019-05-30,169.44000244140625,170.0500030517578,168.1999969482422,169.0399932861328,148.61842346191406,1943300,-0.0008278008537252331,38.47169050664215,3.065935547376255
2019-05-31,168.05999755859375,168.8699951171875,166.67999267578125,166.6999969482422,146.56112670898438,2808900,-0.01393951623293476,33.937216798004954,3.003368896949826
2019-06-03,172.0,176.80999755859375,170.55999755859375,172.36000061035156,151.53733825683594,5774800,0.033389463130648625,49.45556634441133,3.510985447907093
2019-06-04,174.02999877929688,175.36000061035156,170.55999755859375,174.72999572753906,153.62100219726562,4553200,0.013656492696891228,54.2967269586715,3.60305813389643
2019-06-05,175.67999267578125,175.77000427246094,173.08999633789062,174.5500030517578,153.4628143310547,2606400,-0.0010302586570106118,53.87484363894742,3.537125976801707
2019-06-06,174.77999877929688,176.05999755859375,174.08999633789062,174.4499969482422,153.37484741210938,2396800,-0.0005733776020556693,53.62531553820694,3.4251884942232373
2019-06-07,175.6300048828125,176.0,173.27999877929688,175.50999450683594,154.30679321289062,2072000,0.006057876244559167,55.95290645212678,3.3748179746860862
2019-06-10,175.9499969482422,176.16000366210938,174.0500030517578,175.5800018310547,154.3683319091797,2091400,0.0003987279317050958,56.10955917474988,3.28447387723362
2019-06-11,176.27000427246094,177.14999389648438,174.1999969482422,174.6199951171875,153.5242919921875,2313800,-0.005482703811601506,53.30914794932758,3.2605826680199463
2019-06-12,175.3000030517578,176.69000244140625,174.16000366210938,175.60000610351562,154.38592529296875,1888600,0.005596667479455149,55.73778316064035,3.2083981045397274
2019-06-13,175.8300018310547,177.4499969482422,175.22999572753906,176.7100067138672,155.36181640625,1675800,0.006301220063369637,58.378442548958866,3.137798327122827
2019-06-14,176.97000122070312,177.89999389648438,175.5500030517578,176.0800018310547,154.8079376220703,1621800,-0.0035714596006090637,56.32456238131649,3.0815263640945223
2019-06-17,176.0399932861328,178.5500030517578,175.39999389648438,178.38999938964844,156.83888244628906,1916800,0.01303381549126261,61.65216178209867,3.0864179920358734
2019-06-18,179.27000427246094,182.82000732421875,179.1199951171875,181.61000061035156,159.6698760986328,3125500,0.01788935740664785,67.58734762013988,3.1823887022169046
2019-06-19,181.47999572753906,183.1199951171875,180.63999938964844,182.77000427246094,160.68972778320312,2396500,0.006366939635537606,69.42332169650271,3.1322177754542015
2019-06-20,184.77999877929688,185.2899932861328,182.11000061035156,184.0800018310547,161.8414764404297,2780400,0.007141966655068027,71.39399470516173,3.135630268334705
2019-06-21,183.88999938964844,187.1300048828125,182.91000366210938,187.11000061035156,164.5054168701172,6948100,0.01632618330699075,75.35106607021207,3.213085336361021
2019-06-24,186.07000732421875,187.0,184.6999969482422,184.8300018310547,162.5008544921875,2948300,-0.012260238795465004,67.75580152983376,3.1478651731750773
2019-06-25,184.60000610351562,186.77999877929688,183.1699981689453,184.44000244140625,162.1580047607422,2264700,-0.0021120622408586694,66.52076539864733,3.180874847259112
2019-06-26,184.7100067138672,184.94000244140625,182.74000549316406,183.1699981689453,161.04139709472656,2124600,-0.006909741183059579,62.52354370460136,3.1108121401864746
2019-06-27,183.35000610351562,185.44000244140625,183.02999877929688,184.02000427246094,161.78871154785156,2193700,0.004629777508345007,64.07927144095947,3.060754391752396
2019-06-28,184.1699981689453,186.10000610351562,183.66000366210938,184.27999877929688,162.01730346679688,3753200,0.0014119067980219323,64.5638495474722,3.016414966727671
2019-07-01,186.8800048828125,187.3000030517578,185.10000610351562,186.35000610351562,163.8372344970703,2079800,0.01117032136646682,68.23760796125488,3.0166713457086187
2019-07-02,186.02999877929688,186.6699981689453,184.1999969482422,186.63999938964844,164.0922088623047,1796300,0.0015550565634117343,68.726781447198,2.9776234796367977
2019-07-03,187.5800018310547,189.4199981689453,187.1999969482422,188.5800018310547,165.79782104492188,1932600,0.010340581563852574,71.84996235450812,2.9635074296125175
2019-07-05,187.42999267578125,188.8800048828125,185.24000549316406,185.94000244140625,163.47677612304688,2225800,-0.014098162358104294,62.676795648231156,3.0118282839007975
2019-07-08,184.66000366210938,185.00999450683594,180.52000427246094,182.24000549316406,160.22377014160156,2700900,-0.02009953664753965,52.550402445930246,3.1174112803632403
2019-07-09,181.2100067138672,182.27000427246094,180.50999450683594,181.58999633789062,159.6522674560547,2273700,-0.003573279811350496,50.99169173598803,3.020454029310509
2019-07-10,182.1699981689453,183.2899932861328,181.02999877929688,182.27000427246094,160.25013732910156,1775700,0.0037378310396709966,52.57642735368677,2.966135491990897
2019-07-11,180.86000061035156,181.0,175.9499969482422,178.0,156.49598693847656,3621900,-0.023705585682497924,43.14268594461109,3.1149831748313908
2019-07-12,177.82000732421875,178.08999633789062,174.19000244140625,174.92999267578125,153.79685974121094,4488700,-0.017397728030160525,37.880087452583695,3.1710553692351757
2019-07-15,174.89999389648438,177.44000244140625,174.61000061035156,176.1199951171875,154.84312438964844,3256800,0.006779864631905678,40.89001993493665,3.1466944022222836
2019-07-16,176.33999633789062,177.77000427246094,175.91000366210938,177.47000122070312,156.030029296875,2260100,0.007635980529913542,44.193486146348604,3.0547877028029466
2019-07-17,178.13999938964844,179.4499969482422,177.00999450683594,177.05999755859375,155.66952514648438,1945200,-0.0023131525598710065,43.400110404374516,3.0108744698460397
2019-07-18,177.1300048828125,180.42999267578125,176.8000030517578,179.5399932861328,157.84996032714844,2374400,0.013909632013790417,49.32563207953765,3.055096980858711
2019-07-19,180.6699981689453,181.5800018310547,178.19000244140625,178.38999938964844,156.83888244628906,2987200,-0.006425911710715882,46.8749984675372,3.0790185814865483
2019-07-22,177.8300018310547,178.80999755859375,175.72000122070312,175.88999938964844,154.64089965820312,2556800,-0.0141133993188112,41.990891339174986,3.0798027069439824
2019-07-23,176.42999267578125,176.77000427246094,175.52000427246094,176.00999450683594,154.74639892578125,2081800,0.0006819883825226574,42.30164566424225,2.949102513590841
2019-07-24,176.02000427246094,176.75,174.8800048828125,175.77000427246094,154.53536987304688,1898000,-0.0013646396701808337,41.8190618369164,2.8720234138477454
2019-07-25,175.77999877929688,176.5,173.77000427246094,174.11000061035156,153.07594299316406,2145500,-0.009488843674894493,38.54415601240337,2.861878579111411
2019-07-26,174.27000427246094,175.50999450683594,173.1199951171875,175.33999633789062,154.15736389160156,3070400,0.007039766459667006,42.15874826489953,2.8281729227211985
2019-07-29,175.27000427246094,177.16000366210938,174.83999633789062,176.0800018310547,154.8079376220703,1985400,0.004211312330434376,44.28188982705613,2.7918753799710236
2019-07-30,174.9199981689453,176.72000122070312,174.27000427246094,176.4499969482422,155.1332244873047,2005100,0.0020990241015578837,45.36181148016544,2.7674554919903924
2019-07-31,180.0,188.0,177.89999389648438,186.5800018310547,164.0394744873047,7157600,0.05582283638343667,65.23161076679918,3.3947803176880655
2019-08-01,186.39999389648438,189.4600067138672,184.13999938964844,186.0,163.5294952392578,3484700,-0.003113723870151663,63.80085342910426,3.5322965324402573
2019-08-02,186.0,187.86000061035156,185.00999450683594,187.22000122070312,164.60211181640625,2966500,0.006537745066753721,65.51412351224631,3.4835615018027832
2019-08-05,185.5800018310547,185.9600067138672,180.52000427246094,181.5,159.5731201171875,4060000,-0.031028867637943346,52.877770905044116,3.623307283203031
2019-08-06,181.10000610351562,184.60000610351562,180.02999877929688,184.4600067138672,162.175537109375,3172900,0.016177060492881,57.45132187739436,3.6909287147041536
2019-08-07,183.0399932861328,184.13999938964844,179.61000061035156,183.5399932861328,161.36669921875,3308900,-0.004999901000969877,55.64367825447177,3.7508622907464906
2019-08-08,183.47000122070312,185.4199981689453,183.0500030517578,185.22999572753906,162.85250854492188,2449000,0.009165525620277348,58.24282146608022,3.652228921206563
2019-08-09,185.14999389648438,200.0,182.82000732421875,196.25,172.5411834716797,8417100,0.0577910171145509,70.4162695798406,4.618497760819041
2019-08-12,197.89999389648438,208.77999877929688,197.25,205.77999877929688,180.91989135742188,10599300,0.047418391369029915,76.73331867574555,5.1836049764246
2019-08-13,203.42999267578125,211.89999389648438,203.0,206.1199951171875,181.2188262939453,5586400,0.0016509419725152957,76.92265392973414,5.449061327857441
2019-08-14,202.80999755859375,205.39999389648438,198.72000122070312,198.8699951171875,176.0833740234375,4507100,-0.028747687168936113,66.85722879539524,5.536984995566285
2019-08-15,200.0,201.0,198.6300048828125,199.30999755859375,176.4729766845703,3065800,0.0022101591359495135,67.20780006178974,5.310771432824943
2019-08-16,201.8300018310547,205.4600067138672,200.36000061035156,204.02000427246094,180.64332580566406,2922500,0.023356753419490613,70.77170537740491,5.370716984428406
2019-08-19,203.22999572753906,206.5,201.11000061035156,206.0,182.3964385986328,2974900,0.009658040754989057,72.14234201069846,5.37209429908698
2019-08-20,205.89999389648438,206.1199951171875,202.9499969482422,203.1699981689453,179.89071655273438,2710800,-0.013833015973403265,67.28556169809535,5.214801718362574
2019-08-21,204.4499969482422,205.3699951171875,203.5800018310547,203.94000244140625,180.5724639892578,1755200,0.0037826235033604507,67.9183954107908,4.999458520496832
2019-08-22,205.27000427246094,206.35000610351562,202.0,203.4199981689453,180.11203002929688,2677600,-0.0025531134146536977,66.97607553080603,4.953069062141032
2019-08-23,203.08999633789062,203.6199951171875,198.00999450683594,199.0800018310547,176.2693328857422,3416200,-0.021565920529394926,59.550200181059495,4.99999274415607
2019-08-26,200.60000610351562,206.39999389648438,199.6699981689453,205.41000366210938,181.87405395507812,4005200,0.03130131048193898,65.54979944003827,5.1657069813899
2019-08-27,206.5399932861328,208.9499969482422,205.27000427246094,206.49000549316406,182.83029174804688,3394000,0.005243918782473556,66.46373821016982,5.059584530989283
2019-08-28,205.50999450683594,210.13999938964844,205.3300018310547,207.52000427246094,183.7423095703125,3789300,0.004975929465388501,67.35332117440656,5.041756890103888
2019-08-29,209.0,209.83999633789062,205.25999450683594,206.97999572753906,183.26414489746094,2391600,-0.0026057576785966695,66.35944248166564,5.008774385886087
2019-08-30,208.99000549316406,210.97000122070312,206.8800048828125,208.6199951171875,184.71621704101562,2621300,0.007892158553777735,67.90813333743654,4.943147382457839
2019-09-03,207.3000030517578,207.88999938964844,204.67999267578125,205.52000427246094,181.97145080566406,2193000,-0.014970874346452829,62.08949298052603,4.819351620415651
2019-09-04,206.6999969482422,207.3699951171875,203.0,206.32000732421875,182.67974853515625,1935700,0.0038848007167162817,62.971220290460934,4.787254727327926
2019-09-05,206.6300048828125,208.47000122070312,205.97000122070312,207.64999389648438,183.85739135742188,1685300,0.006425798350297892,64.45161327717183,4.623879389661645
2019-09-06,208.63999938964844,209.35000610351562,206.10000610351562,207.72999572753906,183.92822265625,2388000,0.00038517710864678997,64.54343186648512,4.525745147542955
2019-09-09,202.52999877929688,202.9499969482422,198.7899932861328,202.33999633789062,179.15582275390625,4353200,-0.02628964190511312,54.356201523954326,4.543906121239663
2019-09-10,200.80999755859375,201.97000122070312,195.36000061035156,196.8699951171875,174.3125457763672,4866300,-0.027406017339202806,46.35920018991441,4.6914842990333705
2019-09-11,197.1300048828125,198.4600067138672,195.1699981689453,195.83999633789062,173.4005584716797,2875300,-0.005245642944082814,45.01618499837991,4.591378888025408
2019-09-12,196.08999633789062,196.8300018310547,193.89999389648438,194.0,171.77137756347656,4448000,-0.009439892623591758,42.63975568471949,4.472709534207186
2019-09-13,194.41000366210938,196.6699981689453,194.3300018310547,195.47000122070312,173.0729522705078,2428800,0.007548802605755881,45.13183094495273,4.3439444366884805
2019-09-16,196.16000366210938,196.16000366210938,193.50999450683594,194.0800018310547,171.84222412109375,1597400,-0.007136440823371289,43.21973374625801,4.222949059444549
2019-09-17,194.0399932861328,196.77999877929688,194.0399932861328,196.72000122070312,174.1797637939453,2447400,0.013511136947167964,47.74780345578005,4.117024518995942
2019-09-18,196.36000061035156,196.8300018310547,193.25999450683594,195.0399932861328,172.69223022460938,1897800,-0.008576897033768694,45.27350401820028,4.077951862226143
2019-09-19,195.72000122070312,196.3699951171875,194.52000427246094,195.64999389648438,173.2323455810547,1483400,0.0031227373429483654,46.360402059529136,3.918811789547601
2019-09-20,196.0,199.32000732421875,195.75,196.94000244140625,174.3745880126953,6680400,0.0065720584519717365,48.68164368110108,3.9010404779895134
2019-09-23,197.75,198.80999755859375,197.30999755859375,197.75999450683594,175.1005859375,1683900,0.004154795666691007,50.15800291355081,3.755965809360798
2019-09-24,198.97999572753906,199.8000030517578,195.61000061035156,196.5500030517578,174.02920532226562,2322500,-0.006137453778781777,47.96501142051685,3.7869684259354734
2019-09-25,197.5800018310547,198.3300018310547,195.9199981689453,196.05999755859375,173.5953826904297,1779900,-0.002495927342365053,47.06763999292801,3.6886137999478947
2019-09-26,195.91000366210938,196.30999755859375,193.0800018310547,195.3800048828125,172.99327087402344,1877800,-0.003474507407835614,45.787251137500334,3.6558553662044067
2019-09-27,195.55999755859375,196.85000610351562,193.83999633789062,194.94000244140625,172.6037139892578,1770300,-0.0022544007431519733,44.93554862567507,3.609723537591592
2019-09-30,192.8000030517578,196.67999267578125,191.69000244140625,193.50999450683594,171.33753967285156,2492300,-0.007362769210735924,42.188628310774604,3.708314015933264
2019-10-01,192.5800018310547,195.8800048828125,192.10000610351562,193.19000244140625,171.05421447753906,2331000,-0.0016549771222342604,41.57616952678397,3.713434356173522
2019-10-02,193.5800018310547,193.5800018310547,188.77999877929688,189.2100067138672,167.53024291992188,2250800,-0.020816660270338877,34.80772358027198,3.7910464058581144
2019-10-03,189.60000610351562,192.6699981689453,189.0,192.6199951171875,170.54954528808594,1888500,0.017861952998038576,43.32149137429454,3.782400103221486
2019-10-04,193.13999938964844,196.00999450683594,193.13999938964844,195.58999633789062,173.17921447753906,2158200,0.015301137425598164,49.50650017823204,3.754371480823411
2019-10-07,194.5399932861328,198.82000732421875,194.4499969482422,197.1699981689453,174.5781707763672,2199300,0.008045631262475754,52.477540401549234,3.7983456876200647
2019-10-08,196.5500030517578,198.0,195.0,196.0800018310547,173.61306762695312,2032600,-0.0055435376569029065,50.27958434787992,3.741320995647203
2019-10-09,198.67999267578125,198.67999267578125,195.9600067138672,196.69000244140625,174.15318298339844,1292900,0.003106200154682315,51.50378017969032,3.668368493237693
2019-10-10,198.0,199.36000061035156,197.02000427246094,198.67999267578125,175.9151611328125,1297500,0.010066565905115493,55.364720437142154,3.5970563272168086
2019-10-11,200.22999572753906,203.88999938964844,199.97999572753906,200.8000030517578,177.7922821044922,2472200,0.010614074599512644,59.1004872127776,3.712267069120407
2019-10-14,201.25,204.89999389648438,201.22999572753906,202.88999938964844,179.64279174804688,1638200,0.010354474490341057,62.43807792196224,3.7399616245208462
2019-10-15,203.4600067138672,204.8000030517578,202.60000610351562,204.66000366210938,181.2099609375,1492800,0.00868597526749097,65.04000722968591,3.629964147643799
2019-10-16,204.14999389648438,204.97999572753906,202.17999267578125,203.2100067138672,179.92613220214844,1758500,-0.007109974151292877,61.2942200467168,3.5706812122233713
2019-10-17,201.58999633789062,204.75,201.52000427246094,203.55999755859375,180.23599243164062,1380800,0.0017206712463602649,61.86507897681021,3.5463465347459207
2019-10-18,204.11000061035156,204.1199951171875,200.80999755859375,202.72000122070312,179.49221801757812,2043400,-0.004135207928277252,59.593076189319405,3.529464465020766
2019-10-21,203.57000732421875,203.61000061035156,200.77999877929688,202.92999267578125,179.67820739746094,1564000,0.001035660975104725,59.988785814605954,3.479502848308903
2019-10-22,204.6300048828125,206.05999755859375,203.22000122070312,204.8300018310547,181.3605194091797,2136700,0.00931935586173551,63.47324220211853,3.454538707916303
2019-10-23,204.22999572753906,205.88999938964844,203.0399932861328,203.32000732421875,180.0235137939453,1805800,-0.007399395615705138,59.07038620350209,3.4113578076019686
2019-10-24,203.9499969482422,204.3000030517578,201.66000366210938,203.05999755859375,179.79331970214844,1220800,-0.0012795072479806224,58.32030341775946,3.356260777748145
2019-10-25,202.58999633789062,203.7100067138672,201.50999450683594,203.0500030517578,179.78445434570312,1321500,-4.930981326966444e-05,58.289604913729185,3.2736715941255095
2019-10-28,203.1699981689453,205.97999572753906,202.67999267578125,205.00999450683594,181.5198516845703,1652800,0.009606365910482691,62.45569723548013,3.2755524125278166
2019-10-29,205.25999450683594,211.25,204.91000366210938,208.99000549316406,185.04383850097656,4460000,0.019227738480341816,69.18623014367103,3.494441264339446
2019-10-30,206.35000610351562,211.0,204.16000366210938,210.8800048828125,186.71728515625,3793500,0.009002866904198593,71.77395293639242,3.733409483878816
2019-10-31,210.10000610351562,213.6699981689453,209.60000610351562,213.25,188.8157196044922,3255800,0.011175882081514637,74.64894810064052,3.7574510968467356
2019-11-01,214.25999450683594,219.3800048828125,214.0,217.9499969482422,192.9771728515625,3685500,0.021800395666854752,79.17831263013363,3.9269192244157187
2019-11-04,218.72999572753906,219.83999633789062,214.35000610351562,214.41000366210938,189.84280395507812,2646600,-0.016375524414582877,69.15614143872881,4.038567153698525
2019-11-05,215.9199981689453,219.49000549316406,213.19000244140625,215.0800018310547,190.43606567382812,3012000,0.0031201428605635247,69.93192765844344,4.200098289274188
2019-11-06,215.4499969482422,218.5800018310547,215.4499969482422,216.39999389648438,191.6048126220703,2540200,0.006118458315290665,71.45513891160002,4.150091268611747
2019-11-07,216.91000366210938,218.50999450683594,215.4600067138672,217.99000549316406,193.0126190185547,2498300,0.007320586992736866,73.2152849829684,4.071512448922961
2019-11-08,218.2100067138672,221.25,217.4600067138672,221.11000061035156,195.77511596679688,2069900,0.014211062700843373,76.30312889632465,4.051403937295094
2019-11-11,220.24000549316406,221.3800048828125,218.6999969482422,220.6999969482422,195.41207885742188,1364300,-0.0018560792295920746,75.07818562914787,3.953447079957609
2019-11-12,221.30999755859375,225.25999450683594,219.8699951171875,221.30999755859375,195.95220947265625,2704500,0.0027602465236427577,75.70315112035294,4.05605795922124
2019-11-13,220.42999267578125,221.69000244140625,218.5399932861328,219.6699981689453,194.5001220703125,2333000,-0.007438009609032865,70.57890541107152,3.991340187510683
2019-11-14,218.22000122070312,218.74000549316406,213.5500030517578,218.5,194.74969482421875,2749300,0.0012823270674673197,70.94295167755381,4.076958919931795
2019-11-15,219.58999633789062,220.92999267578125,217.2100067138672,220.86000061035156,196.85316467285156,2028600,0.010742976094126456,73.87686241303695,4.051460851501957
2019-11-18,221.05999755859375,221.58999633789062,219.2100067138672,220.6699981689453,196.68382263183594,2239500,-0.0008606156825435633,73.23575361385602,3.932070049539205
2019-11-19,221.24000549316406,224.67999267578125,220.6999969482422,224.5,200.09750366210938,2551600,0.017207287911926068,77.47863455446776,3.9376360822032574
2019-11-20,224.3800048828125,226.5500030517578,223.1300048828125,225.50999450683594,200.99774169921875,3524300,0.004488906608547628,78.4489081380724,3.9006619455419758
2019-11-21,227.1199951171875,228.8000030517578,225.02000427246094,227.82000732421875,203.0565948486328,2659300,0.010191059875527516,80.51630351534547,3.8920431479530397
2019-11-22,228.0800018310547,230.8699951171875,227.8300018310547,230.74000549316406,205.6592254638672,1975000,0.012735821149703152,82.76686278698642,3.8318963368827332
2019-11-25,231.0800018310547,235.8000030517578,231.0800018310547,234.5399932861328,209.0461883544922,2637400,0.01633467076611699,85.16792588963366,3.9196178527192345
2019-11-26,233.97999572753906,234.88999938964844,232.00999450683594,234.38999938964844,208.9124755859375,3300800,-0.0006398373076218777,84.66639530324144,3.845359783440182
2019-11-27,234.64999389648438,235.27999877929688,231.85000610351562,234.5399932861328,209.0461883544922,1579800,0.0006398373076219288,84.76302371209707,3.8156907043216863
2019-11-29,234.1300048828125,235.47000122070312,233.75,234.72000122070312,209.2066192626953,945600,0.0007671480652342476,84.8860894773249,3.665998598348932
2019-12-02,234.5399932861328,235.8000030517578,232.6300048828125,233.47999572753906,208.1013946533203,1633600,-0.005296937306138715,80.08711644199613,3.6305699962486733
2019-12-03,231.47999572753906,233.17999267578125,230.77999877929688,232.77000427246094,207.46856689453125,1825400,-0.003045591868999671,77.38930022890365,3.542671703408366
2019-12-04,232.72999572753906,234.88999938964844,232.0,233.8800048828125,208.4579315185547,1908500,0.004757410233864417,78.60285947107317,3.496052252425514
2019-12-05,233.69000244140625,233.77000427246094,231.4600067138672,233.41000366210938,208.03903198242188,2083600,-0.0020115377257999504,76.72517315548308,3.4113340600089592
2019-12-06,234.67999267578125,235.0,233.19000244140625,233.77000427246094,208.35987854003906,1860900,0.0015410540854269962,77.17492108381806,3.2969528813364444
2019-12-09,234.9600067138672,235.0500030517578,232.6300048828125,232.82000732421875,207.51316833496094,1867900,-0.004071970431255752,73.15735699543806,3.234313259022792
2019-12-10,231.9199981689453,235.1199951171875,231.50999450683594,233.83999633789062,208.42230224609375,1494700,0.004371521176941252,74.68142261294983,3.26114806983199
2019-12-11,234.02999877929688,234.97000122070312,233.02999877929688,234.00999450683594,208.57379150390625,1754100,0.0007265740219029442,74.93678319805784,3.166780524944437
2019-12-12,234.5800018310547,237.24000549316406,234.05999755859375,235.99000549316406,210.33859252929688,1851500,0.008425682950546774,77.75195562466324,3.171296986471843
2019-12-13,235.60000610351562,238.1199951171875,235.13999938964844,236.74000549316406,211.0070037841797,2041200,0.00317274855337339,78.72658198448633,3.1576326108337875
2019-12-16,239.5,244.52999877929688,239.5,243.1999969482422,216.76486206054688,3047600,0.02692185484824575,84.87379430148951,3.4885155162122894
2019-12-17,243.5800018310547,244.99000549316406,241.27999877929688,242.83999633789062,216.44398498535156,2382500,-0.0014813969569864155,83.42698958838012,3.5043363160447822
2019-12-18,242.2100067138672,243.22000122070312,241.02000427246094,241.94000244140625,215.64183044433594,2956700,-0.0037129451322395484,79.76632514533512,3.4111692183445967
2019-12-19,242.77999877929688,243.3000030517578,239.92999267578125,241.83999633789062,215.55267333984375,2070800,-0.00041353544620956065,79.34957043137311,3.4082293010325944
2019-12-20,244.57000732421875,244.57000732421875,240.6999969482422,243.05999755859375,216.64007568359375,5091600,0.005032035547797845,80.67569354595788,3.4412136635285924
2019-12-23,243.97999572753906,244.0,241.58999633789062,243.02999877929688,216.6133575439453,1686200,-0.0001233372323597209,80.53883852011168,3.3675558062843622
2019-12-24,242.82000732421875,243.10000610351562,241.72000122070312,242.3300018310547,215.9894256591797,612800,-0.002884550639140325,77.24353201819106,3.2255878831792293
2019-12-26,242.72000122070312,243.63999938964844,241.32000732421875,241.89999389648438,215.60617065429688,1098300,-0.0017759917334342972,75.20794572556204,3.1609024676256903
2019-12-27,242.24000549316406,242.99000549316406,240.16000366210938,241.52999877929688,215.2763671875,1085000,-0.001530828020345708,73.41501161205595,3.137266707870619
2019-12-30,241.39999389648438,242.97999572753906,239.39999389648438,240.27000427246094,214.1533660888672,1454400,-0.005230209142931884,67.51303000303398,3.16889064524091
2019-12-31,240.27999877929688,241.4600067138672,238.5,241.07000732421875,214.8664093017578,1748300,0.0033240606160792824,69.20581590877912,3.1539703644285013
